128 256
    0.465262     -0.33222      0.93337     0.034975    -0.329891     0.268725     0.147238    -0.421362    -0.406653    -0.927025     0.435776     0.567434    -0.392735    -0.636269    -0.392694     -1.04533     0.944704    -0.797407    -0.600543     0.359399    -0.571326     0.818589     0.431863    -0.399509    -0.072502     0.250841     0.746262     0.346322    -0.358214    -0.860731    -0.862121     0.496165   -0.0806411     0.266802     0.285313   -0.0976351     0.812643     0.956958    -0.332038      0.50796     0.434771     0.335104     -0.54389     -0.18679     0.710624    -0.637136     0.529926     0.883627    -0.913226      0.90124     0.675048     0.698807     -0.48564     0.420725   -0.0694393    -0.171655     0.842726     0.145188     0.813281    -0.112585    -0.793048    -0.316889     0.123534    -0.371418    -0.011611     0.444476    -0.768095    -0.276436    -0.626966    -0.177427     0.348641    -0.220024    -0.771577      0.61363     0.366057      0.11197     0.868313    0.0916869     0.572646     0.812962    -0.499203    -0.819079    0.0841989    -0.592819    -0.787694    -0.409016    -0.767998    0.0143133    -0.859625    -0.813052    -0.800244     0.949545    -0.295525    -0.627163  -0.00891452    -0.812307    -0.362916    -0.183049    -0.238693     0.180832    -0.736929      0.89325    0.0242961     0.738332     0.151692     0.662871     0.210528    -0.259767     -1.01341     0.202931     0.482664    -0.328486     0.196008    -0.410991     -0.86728     0.185004     0.129882    -0.798181    -0.277951    -0.626542     0.598433    -0.536664    -0.820123    -0.632599      0.48174    0.0765522    -0.787202    -0.951725    -0.705488      -0.9623    0.0306832     0.556829    0.0585735     0.731324    -0.402774    -0.470128     0.103139  -0.00943124     0.485156      -0.1205    -0.759404     0.234759     0.333779     -0.46224    -0.833354     0.714898    -0.419573     0.829342     0.059672    -0.330075    -0.339244  -0.00539817    -0.952308    -0.823575    -0.676895    -0.417496     0.298417    -0.966068    -0.562653    -0.477761     0.269926     0.158928    -0.682784     0.634475     0.438526     0.793209     0.135414     0.332905    -0.430657    -0.776361    -0.414597     0.912366      0.51002  -0.00683982        0.787     0.181144      0.62582    -0.865567    -0.752595     -0.74712     0.042798     0.306933    -0.383165     0.829811     0.550791    -0.660985    -0.553912     0.647058    -0.447493    -0.119294    -0.872379    -0.520054     0.218896    -0.226202    -0.844692    -0.449927    -0.585265    -0.641441     0.394776    -0.108641    -0.967029     0.435632    -0.149361     0.275014     0.880591    -0.831695    -0.351164    -0.197122    -0.965009    -0.339891     0.293163     0.796011     0.412986    -0.880137      0.33139     0.808798     -0.77136     0.288381     0.269867    0.0126192     0.509122    0.0957633     0.113257    -0.629586    -0.320041    -0.512381     0.201416     0.853136     0.429004     0.714592    -0.580404    -0.718689    -0.507355    -0.712166     0.618431    -0.833394    -0.662601    -0.449939     0.464494    -0.162755     0.168651    0.0226816    -0.926422     0.908258    -0.539151    -0.824583     0.886878     0.290489     0.256141     -0.77922     0.542859    -0.674015   -0.0970622     0.434311     0.561988     -0.83239
    0.172599    -0.126832    -0.131551    -0.510991    -0.676532    -0.140796     0.608906    -0.411062     0.692468     0.625602     0.869722   -0.0493368   -0.0594906      0.21478    -0.694295     0.885762    -0.157488     0.933837   -0.0588201    -0.951521     0.711744     0.761752    -0.654697    -0.951422     0.699187     0.482985    -0.717926     0.911828     0.224287      0.12855    -0.168992    0.0776976     0.141037    -0.797108    -0.389417     0.516855     0.300341     0.661346     0.912714    -0.509938    -0.768374     0.989025    0.0965576    -0.305304     0.541934    0.0577616    -0.201712    -0.145332     0.416144    -0.247182    -0.439351     0.796411     0.973914    -0.341856     0.452822    -0.441437    0.0662986    -0.557629      0.57401     0.382283     0.572351     0.139978    -0.175596     0.835794     0.931739    -0.739469     -0.64151    -0.260717    -0.561657    -0.336872    -0.224993     0.295762     0.554561    -0.426193    -0.228755   -0.0962448     0.489888    -0.370764      -0.7562    -0.382115     0.876282      1.02555    -0.234314    -0.520643    -0.694246     0.485502     0.874559     0.731879    -0.542778    -0.783823     0.718631    -0.167285     0.677944    -0.939935    -0.722648     0.687043    -0.073362    -0.849347     0.902875     0.360057    -0.276199     0.150139   -0.0377412    -0.886316    -0.518708    -0.571884     0.783913     0.438669     0.932822   -0.0942766     0.327452     0.858914    -0.143954     0.828818   -0.0377205    -0.794583   0.00627133     0.334943     -0.44268  -0.00341181     0.380873    -0.890119     0.581614     0.657849    -0.602734    -0.255902     0.693348     0.284581     0.395219     0.215077   -0.0353132     0.937116    -0.154564     0.344566    -0.911043    -0.887041     0.542945    -0.205447    -0.176959     0.506827     0.905164    0.0923068     0.621178     0.674067    -0.142863    -0.137182    -0.521896     0.319471     0.233841    -0.888207     0.382617     0.849652     0.847661     0.968463     0.209564      0.73677     0.386489    -0.538988     0.182638     0.734759    -0.552066    -0.357477     0.524363     0.243553     0.662452    -0.812181    0.0299345   -0.0771955    0.0968321    -0.126962     0.201221    -0.661355     0.909596     0.599729    -0.800203     0.954572    -0.189482    -0.192624    -0.640406     0.195302     0.586354     -0.28863     0.233506   -0.0802633    -0.968448     -0.86899     0.190796     0.166204     0.578757     0.770247    -0.866524     0.539575    -0.728281    -0.506221    -0.387706      0.34919    -0.508716     0.559413    -0.563495     0.194928    -0.356493     0.831459     0.116845     0.444723     0.893275  -0.00622313    -0.444731    -0.527966     0.396705     0.187684      1.00759   -0.0707804     0.503188     0.352493    0.0252886     -0.69281      0.78915   -0.0672937    -0.212352    -0.561701     0.389449     0.754797    -0.896765    -0.450127      0.64673     0.965747      0.32187     0.149388     0.289288    -0.411273    -0.803951    -0.736385     0.580106    -0.876421     0.819832     -0.52203     0.816533     0.734401     -0.83028    -0.109387     -0.15159    -0.686658     0.541666     0.354749    -0.496854     0.251476    0.0132015   0.00711947    0.0379556    -0.616313    -0.296931      0.43408     -0.66532    0.0254758   -0.0316729     0.882616
   -0.516973    -0.140865   -0.0895091     0.125073     0.140063     0.350923     0.362216     0.170923     0.570809     0.118083    -0.925534     -0.37317    -0.341242    -0.293153   -0.0481851     0.689296     0.309811     0.732334   -0.0426848     -0.34514     0.423423    -0.791726    -0.457591    -0.326452     0.270489      -0.3483    -0.388924     0.592909    -0.525938    -0.153696    -0.445596     0.681685     0.604554     0.474552     0.374127     0.505815     0.455946      1.04705      0.50929     0.807094     -0.64139    -0.192703    0.0989097    -0.739107     0.387719    -0.329929     -0.48732    -0.545647   -0.0804185    -0.690928      1.02585   -0.0798821    -0.651869     0.173285     0.152305    -0.517519    -0.101737     -0.28688    -0.581347   -0.0718867    -0.923717    0.0130282    -0.314991      1.02177     -0.88099     0.472226    -0.211124    -0.428258     0.512263     0.434867    -0.289327    -0.188532      -0.6296     -0.59314   -0.0135634     0.385489     0.414007     0.426862    -0.900102   -0.0389016      0.51585    0.0528247      0.29565    0.0502203     0.508219    -0.765389      0.84455     0.880995     0.520477    -0.335551     0.690623   -0.0397727    -0.379768   -0.0973059    -0.843208     0.376986     0.525451    -0.955141      0.19955    -0.356153    -0.658496    -0.368076    -0.767555     0.845841     0.750775    -0.951341     0.301462     0.484856       0.2364    -0.539205     0.274511    -0.100405     0.462779     -0.87951     0.455829     0.420594    -0.504345    -0.772468    -0.745967     -0.36856    -0.909526     -0.90787     0.978492    -0.479261    -0.691441     0.103991    0.0852328    -0.286951     0.608136     0.176984     0.582596    0.0887544     0.157408    -0.106492     0.644052    -0.767894    0.0255848    -0.617952     0.477552      0.51341     0.199807    0.0853317     -0.54581      0.22831   -0.0662711     0.396302    -0.755542     0.858854      1.00203     0.905013    -0.905744   -0.0438616     0.932368    -0.330994     0.406815     -0.73278     0.986433    -0.185828     0.499944    -0.599199    0.0622722    -0.409451    -0.803248    -0.799556    -0.285457      0.37115     0.051715     0.285882    -0.060787    -0.512022     0.654861     0.303925    -0.414334    -0.843938     0.581932    -0.590728     -0.32399   -0.0926743   -0.0895616     0.509889    -0.256396    -0.801043     -0.92472     0.788578     0.650469     0.614452    -0.976813     0.889277    0.0039075    -0.142883    -0.556156     0.154983    -0.353309     0.885312    -0.233017    -0.961833   -0.0400918     0.813404     0.420539      0.81475     0.296704     0.674268     0.776393    -0.692664     0.772487     0.993083    -0.481676     0.481945    -0.871697    -0.735868     0.323032     0.596737     0.414353        1.042      0.36082    0.0579895    -0.423754     -0.81092      0.29924    -0.236744     0.422179    -0.207331     0.409081     -0.14718      0.29423     -0.44892     0.867002     -0.76408     0.478155    -0.559032   -0.0257849     0.196528    -0.473739     0.272387     0.358911     0.318871     -0.10464     0.288721    -0.344363     0.254236    -0.679878     0.690059     0.413859    -0.577209     0.266695     0.442146   -0.0222793    -0.743167      0.54469     0.265425     0.935384    -0.392115    -0.836141    -0.669641    -0.407971    -0.868737
   -0.346364    0.0954939    -0.422267    -0.946881    -0.521311     0.390576    -0.472606      0.11904     0.161868    0.0436989    -0.301531    -0.551038    -0.811047      0.80341    -0.866569    -0.516036     0.478955    -0.516529     0.335179     0.522439    -0.789996     0.579748    -0.481947    0.0338529    -0.863502     0.733627      0.84246    -0.877686    -0.434833   -0.0177312     0.318715    0.0379544      0.60131   -0.0827744    -0.072521    -0.238332   -0.0206447     0.233968    -0.675471    0.0944464    -0.538202   -0.0822591    -0.512929     0.299385     0.268574    -0.639387     0.276131     0.789083     0.955151    -0.603982     0.082451     0.188264    -0.463571     0.553179       1.0073      0.18133    -0.253745      0.89169     0.437524    -0.193581     0.840869     -0.21019    -0.569459     0.520641     0.677366      0.82299    -0.427271    -0.412797     -0.61279      0.26391     0.423696    -0.256079    -0.186226     0.689914    -0.878926     0.557899      0.89256     0.672944     -0.91674    -0.511552     -0.53819     0.290352    -0.554838    0.0175938     0.459312      1.02456    -0.828006     0.669692     0.356015    -0.698395    -0.344258     0.231994    -0.522567     0.973987     0.240482      0.39346    -0.477612     0.663079    0.0344237     0.618678     -0.15197    -0.785073     0.650594    -0.751166    -0.479058     0.231906    -0.166592     0.578553     0.856914     0.880863     0.956438    -0.159901     0.223359    -0.704501     0.810413     0.591885    -0.793479    -0.518051    -0.582529     0.257822    0.0822363    -0.832531    -0.826607    -0.405476     0.962937     -0.14066    -0.815604     0.833734    -0.737814    -0.823259    -0.585758     0.496293     -0.95984     0.636324       0.2565    -0.927531     0.563663    0.0120483   -0.0491986     0.823458    -0.243484     0.115048     0.352532    -0.144555    -0.841682     0.538997    -0.332634    -0.111651     0.430577    -0.840824     0.891405     0.651184    0.0568939     0.398637    0.0352793     0.372662    -0.841942    0.0211811      0.40783     0.703362    -0.668791      0.64103    -0.356354     0.380086     0.467788     0.352931    -0.456288    -0.031906     0.809636    -0.939341    -0.324186    -0.882698    -0.474759    -0.932404     0.851829   -0.0398179     -0.37783   -0.0103602     -0.88829    -0.443681     0.159373     0.805519    -0.872337    -0.824775     0.460078     0.620745    -0.945412    -0.428791    -0.116484     0.397692    -0.538858     -0.42789     0.461552    -0.620896    -0.112214    -0.526877     0.293198   -0.0861978   -0.0388405     0.399043    0.0127513    -0.261029     0.816096     -0.40464    0.0412574    -0.215173     0.832917    -0.700987    -0.445945    -0.925593     -0.76495      1.04019    -0.173838    -0.379277   0.00539753     0.706283     0.478518      0.79106    -0.456018     0.953828    -0.535764     0.774737    -0.907388     0.789076    -0.907074      0.26913      0.54933    -0.041627     -0.89447    0.0462252    0.0944991     0.948879    -0.440276    -0.152419    -0.777431     0.131739    -0.166122     0.388334    -0.842397    0.0856022     0.516045     0.274026    -0.132292     -0.52357    -0.853907    -0.905461   -0.0340698    -0.583719    -0.447425     0.434211    -0.236526     -0.49327     0.256711    -0.787285    -0.933817     0.351693
    -0.40853    -0.194677    -0.278975    -0.959858    0.0810399    -0.879187     0.383094     0.809836    -0.845406     0.581938   0.00971317     -1.06485     0.826553    -0.707871     0.874429    -0.584551      0.68456    -0.619618     0.301871    -0.431412     0.236157     0.852343     0.340677    -0.983356    -0.229778     0.453212    -0.883902    -0.801021    -0.605965     0.158872     0.846815    -0.876015    -0.774455     0.410362     0.411254      0.93651    -0.365159     0.734335      0.39044     0.817004     0.882321    -0.566113     0.552939    -0.258512    -0.730594    -0.290241     0.190589     0.518464      0.60682     0.730645    0.0518081     -0.55951     0.387453      -0.1765   0.00822557     0.538068    -0.422835    -0.489541    -0.250612     -0.80574    -0.883745      1.09008    -0.122627     0.935142     0.533757     0.520624     0.314703      0.57686     0.372778    -0.449939    -0.498259     0.435389     0.539117     0.724736    -0.665254     0.203706    -0.362839    0.0547139      0.11026    -0.995028     0.283459     0.166907     0.128942     0.560534     0.758994     0.820504     0.236331    -0.211338    -0.823855    -0.278766    -0.404242     0.902118     0.721743     0.786229      0.59381    -0.106735    -0.254402     0.572643     0.936138     0.077611    -0.684605    0.0684645     0.382923     -0.40621    0.0369597    -0.768316     0.333858    -0.741319     0.959617    -0.948174     0.186094    -0.254135     -1.08882     0.906801     0.851376     0.329622    -0.357751    -0.164747     -1.00431    -0.434361    -0.921376     0.418096     0.585487    -0.160366     -0.18999   -0.0328514    -0.352983     0.496846    -0.253337     0.360037    -0.184217     0.254167    -0.442903     0.104772    -0.335326     0.615962     0.851797     0.635996     -0.50342     -0.56335     -0.13644    -0.923777      0.81121    -0.127458    -0.277953     0.314015   -0.0815804     -0.60934      0.56702    -0.513452     0.166348     0.789367     0.437754    -0.900826    -0.297548    -0.799454    -0.163482    -0.275902     0.229193    -0.938841     0.572465    -0.744036     0.273614     -0.49734   -0.0304366     0.933061    -0.753916    -0.414531     0.232161    -0.298481    -0.389695     0.606122     0.468037    -0.723847    -0.693597     0.679352    -0.492393    -0.176412    0.0970323    0.0591366     0.161877    -0.650585      0.36137    0.0469199    -0.226027     0.460915    -0.648012     -0.79779     0.866544     0.896225    0.0227126    -0.673194   -0.0601708    -0.523404    -0.819216     0.859462    -0.200189     0.626401    -0.877331     0.973843      0.14912     0.329098     0.878592     0.568615     0.370176     -0.90571  -0.00892242    -0.613361    -0.766527      0.69342    -0.629861    -0.333807    -0.307582    -0.428327    0.0402444    -0.831301    -0.373473    -0.583331     0.491694     0.553064    -0.481385    -0.851853     0.317458     0.907111     0.101549   -0.0752286    -0.200405     -0.75273     0.715846    0.0231148    0.0870874    -0.814474     0.964926    -0.538862     -1.04381     0.864623     0.242378    -0.810154    -0.442434    -0.930512    0.0617223     0.963155    -0.727956     0.138777    -0.450635    -0.734426    -0.478648      0.36695     0.725212     0.849266    -0.723803     0.393269    -0.570895    -0.549637      0.69032    -0.160832
   -0.349123    -0.299681     0.754081    -0.551906    -0.101339   -0.0254216    -0.547575    0.0949587     0.917868    -0.750769     0.235507   -0.0135534     -1.00766     0.238072     0.929192    -0.568697     0.823524     0.975832    -0.609973      1.02559      1.01066    -0.299209    -0.504587     0.273854    -0.471707     0.421623    -0.453207     0.135921    -0.441435     0.457138    -0.300006     0.926393     0.845097     0.714522     0.814664     0.253448     0.659933    -0.402714    -0.446391    -0.460585    -0.511777    -0.595701    -0.554693    -0.128622     0.623419    -0.470576     0.217152     0.542506     0.620757     -0.39004     0.297565     0.458767    -0.863083     0.179433    -0.565883    -0.193726      0.19887   -0.0445375   0.00100579    -0.644167    -0.891671    -0.916921     -0.90066      0.96528      0.59084    -0.639781    -0.617456      0.94986    -0.483424    -0.233755    -0.526679     0.748543     0.724418     0.342345     0.456029    -0.338749    -0.992905     0.366507     -0.25077   -0.0135516     0.793998     0.895404     0.293981   -0.0733223     0.191161     0.140198     0.673141    -0.690474    -0.308249     -0.79497     0.743616    -0.852073       0.1423    -0.447268     0.354168      0.89844     0.191703     0.590714     0.165354     0.672843     0.228446    0.0471727     -0.60078     0.136757    -0.288777     0.273572    -0.529415    -0.507457    -0.780464    -0.228483    0.0469758      0.34898     -0.79744     0.579135     0.830978     0.794716    -0.908622      0.48667    -0.340457    -0.249727    -0.560886     0.808768   -0.0308505     -0.89759    -0.766016    -0.955856    0.0764025     0.373802    0.0187157     0.874667     0.920472      0.38606    -0.112866    -0.705242    -0.425999    -0.504984    -0.642074    -0.199291     0.842275      -0.1128    -0.703244     0.476275     0.838613    -0.584064     0.876585    -0.770397    -0.980696     0.661134     0.630931     0.627433     0.436937     0.728316    -0.914734     0.470913     -0.50238    0.0444401     0.940454    -0.569978    -0.434662    0.0558161    -0.978283     0.935881      0.64694     0.961618     0.774932    -0.987214     0.969761      1.01739     -0.37365   -0.0647017     0.578228     0.341121    -0.187585    -0.728751     0.879868     0.908478    -0.549921     0.640339     -0.17395    -0.687459    -0.492241     0.697006    -0.285162     0.412505    0.0799447     0.235684     0.838145    0.0347173    -0.611324    -0.340716    -0.827176     0.352677    -0.150202    -0.803827     0.654298     0.112843     0.591773     0.804676    0.0075884    -0.369309    -0.382823     0.647572     0.496757      1.02339    -0.603437    -0.546168     0.266874     0.950778    -0.679666     0.582668     0.112594    -0.182561    -0.797012     0.815214     0.938602       0.7519    -0.861832    -0.957902     -0.22611    -0.250936    -0.237543      1.01285    -0.275207     0.334339    -0.829705    -0.680088     0.994743    0.0177376    -0.294625    -0.648243    -0.250298     -1.01389     0.367896    -0.298783    -0.978886      -0.3314     0.791429    -0.342339    -0.718594    -0.348192    -0.847441     -1.00254     0.518492    -0.895405     0.743016     0.339505    -0.768266    -0.928942    -0.918191    -0.579972     0.382241    -0.143851     -0.69829    -0.721381     0.691245    -0.878435
     0.92672     0.283867    -0.536555    -0.220353    -0.191904    -0.351506     0.105643    -0.351078    -0.876636     0.653145    -0.562841     0.723455     0.980324      0.22268     0.541286     0.161631    -0.486735     0.328297     0.151842    -0.162269     0.669327     0.468396    -0.262439     0.134424    -0.682755    -0.805557     0.549428     0.534132     0.775804     0.736913     0.249412    -0.189407     0.841068     0.153928     0.281477    -0.537449    -0.259483    -0.470876    -0.576377    -0.858691   -0.0735832    0.0714296   -0.0897848    -0.698859    -0.578001     0.357895    0.0716171     0.436494     0.687506    -0.106283     0.391724      0.21609    -0.122462    0.0285916     0.613184    -0.573988     0.924084      0.88064     0.122906    -0.104226    -0.401027     0.131901    -0.678067     -0.47076    -0.599716     0.271746     0.874126     0.169512    -0.439881    -0.803669     0.137325    -0.880852     0.112156    0.0185322     0.852487    -0.856616    -0.439419     0.241992     0.419673     0.870361    -0.207877     -0.69776    -0.254318    -0.399586    -0.756092     0.407087    -0.936427    -0.594012     0.591666     0.104859     0.187876     0.504239     0.519662     -0.27537    -0.207922      0.35722    -0.633759    -0.910048     0.351396    -0.137974     0.192573      0.52339     0.739886     0.833182    -0.875558      0.45708    -0.375964    -0.278562    -0.104326     -0.91072    -0.512003     0.771126     0.325168     0.716325    -0.280815     0.173056    -0.621452    -0.552291    -0.414254   -0.0151231     0.491072   -0.0708219     0.355858    -0.045127    -0.827358      1.01928     0.549043     0.224828     0.824882     0.135219     0.802343  -0.00616796    -0.766034    0.0712028     0.289408    -0.703602    -0.534054     0.968129    0.0291438    -0.600101     0.973782     0.400339    -0.820015    -0.800637     0.249698    -0.686955     0.475303      -0.5061     0.486758     0.759157     0.136067     0.341584     -0.54897    -0.564602    -0.716905    -0.846873     0.311788     0.571418    -0.708528    -0.520248     0.241103    -0.760798     0.677609    -0.790591    -0.114693    -0.221905    -0.422825     0.408679   -0.0297171     0.588499      0.19883   -0.0109752    -0.883801     0.913294    0.0947857    -0.831908    0.0096068     0.950052    -0.866093     0.190553    -0.221888     0.136744     0.310234     0.257219    -0.913888    -0.795878      0.67815    0.0933817     0.488784      0.96047    -0.241067     0.396119    -0.287034     0.378785    -0.387721     0.678837    -0.752941     0.291119      0.74285     0.913274     0.303765  -0.00856104      0.33937    -0.261138     0.746152   -0.0634782   -0.0335586    -0.401354   0.00425524    -0.201528    0.0217011    -0.386213    -0.840114     0.622512    -0.542275    0.0766635    -0.611438     0.443821    -0.177683    0.0143935    -0.788279    -0.895001    -0.434982     0.222545    -0.944822      0.21466    -0.826648     -0.54339     0.964247    -0.769004     0.914485     0.366967    -0.685704    -0.627311     0.951864     0.787957     0.959547     0.154858      0.95222    -0.516031     0.527627      0.31472     0.281879     0.549685     0.749987    -0.464499    -0.299312     0.293562   -0.0581436     0.399448     -0.94623   -0.0313245    -0.485988     0.953693    -0.737885    -0.694092
    0.665758     0.326881       0.1565     -0.50313    -0.576346    -0.311516    -0.653057    -0.176058     0.610867     -0.63286   -0.0219878    -0.244905    -0.814769     0.831715     0.148993     -0.12424    -0.567378    -0.168319    -0.855331    -0.888473    -0.416474    0.0636538     -0.45025    -0.787941    -0.450785     0.412109     0.454698    -0.360761     0.717806    -0.758872     0.537718    -0.270163    -0.565552    -0.202395     0.675064     0.154551    -0.272233     0.766379     0.388083     0.327132    -0.664795     -1.03681    -0.592419    0.0370503    -0.480513     0.881392     0.877236    -0.298424    -0.378621     0.752395     0.774002    -0.947761     -0.25985    -0.955584    -0.662116    -0.228106    0.0434041    -0.705731     0.177823    -0.400494     0.534509    -0.726089   -0.0119477    -0.906156      0.46639     0.800124     0.622144     0.385014      0.45907    0.0694163     0.183309     0.403874     0.461002    0.0683898       0.6653    -0.931744    -0.356793     0.182405     0.889589     0.441652     0.782213    -0.270645     0.110559     0.872812     -0.26525     0.961584    -0.683754    -0.194098    -0.953167     -0.77738    -0.874652     0.233757    0.0684187     0.313067    -0.727653    -0.710264     0.136065     -0.49259     0.377958    -0.390973     0.510319    -0.149876    -0.249208    -0.352915    -0.845649    -0.429742      1.00666     0.967338     0.964444    -0.649082     0.696004    -0.321179     0.884706    -0.523541    -0.572392    -0.658737    -0.141071    -0.817707    0.0586196     0.452163     0.867028     0.979276     0.635588   -0.0482044     0.277705   0.00684321     0.213156    -0.729939    -0.631732    -0.955478     0.210672     0.293365      0.67629     0.720565     0.926334    -0.923199    -0.273973     0.817722     0.144856    -0.169528     0.599086     0.445773    -0.318367    -0.323748     -0.51994     0.843812     0.980732    -0.572428      0.48827    -0.604304     0.892073     0.749174      0.62083     0.451095     0.119298    -0.398432     0.556796    -0.406655     0.851315   -0.0836992    -0.489249     0.976198    -0.448685     -0.80826    -0.698081     0.778782    -0.806041      0.14732    -0.428696      0.24505     0.601812     0.848404     0.828455     0.775967    -0.982857    -0.462975     0.886925      0.46029     0.567389    -0.556652     0.441552    -0.514813     0.486069    0.0718964     0.569162    -0.734707    -0.709274    -0.109956     0.595435    -0.754904      0.12559    -0.015703     0.872004    -0.182631     -0.19513    -0.682255    -0.639015    -0.572713     0.740357    0.0548989    -0.324009      0.92375    -0.743544     0.595121    -0.382019    -0.735195     0.513534     0.972071    -0.467663     0.119996   -0.0105375     0.659236    -0.024947     0.600358     0.197816    -0.717159    -0.232402    -0.269566     0.714143    -0.950945     0.758403    -0.811525    -0.859525    -0.213221    -0.366512     0.325191     0.819034     0.262703     0.114585     0.115449     0.964703      0.30819     0.735851    -0.696102     0.930616     -0.92019     -1.03705    0.0140308     0.552559    -0.543726    -0.702772     -0.80487    -0.690497    -0.811886     0.694119   -0.0603421     0.676604      0.30749   -0.0842154    -0.218686    -0.813192     0.883406     0.549345    -0.225576     0.361983     0.697263
   -0.605801    -0.227721     0.912464     0.651276      0.42316     0.694047    -0.749108     0.436285      0.57782      0.68005    -0.789123     0.894252   -0.0914364    -0.275249   -0.0403429      0.88453     0.921414     0.492268     0.885487    -0.611573    -0.588928    -0.159777   -0.0119191    -0.425223      1.00515    -0.961628    -0.649169    -0.501362    -0.331384    -0.806326      0.68884    -0.992648      -0.2982    0.0975551    -0.230016    -0.185037     0.298322     0.572288    -0.680928     0.235214     0.348063      0.47151     0.784061     0.925514    -0.533221     0.402987     0.163205    0.0809212    -0.788544  0.000435011     0.319326    -0.934806    -0.429286     0.348577     -0.82234     0.393708    -0.131666     0.692625    -0.209389     0.377499      0.82191    -0.229902     0.355983    -0.628654     0.012881   -0.0300502    -0.582195     0.239461    -0.188041     -0.74564    -0.639343     0.384669    0.0912652     0.213537     0.997823     -0.87768    -0.246136    -0.371724     -0.20757    -0.405564    0.0303569    -0.249302    -0.643501   -0.0688858    -0.283821    -0.321378     0.206726     0.228524     0.149895    -0.750729     0.849513     0.899329     0.523847    -0.324958   -0.0174568    -0.488687     -0.93379     0.560617    -0.072983     0.232648     0.809453     0.255934    0.0975986     0.366329     0.455131     0.291892     0.964638     -0.99725    -0.198336    -0.739923     0.411007    -0.575175      0.30769    -0.284858    -0.493883     0.666095     0.390741    -0.233534     0.539753    -0.625992     0.723058    -0.430339     0.258987    -0.773494   -0.0169041    -0.948734     0.528583     0.387961    -0.554812    -0.978113     0.966412     0.670107  -0.00810536    -0.988349    -0.508419     0.600395     0.298424     0.478067     0.917798     0.140927     0.130934     0.484199     0.522892    -0.438952      0.67455      0.71056     0.895148    -0.528055     0.268383    -0.750515     0.486682     0.358029     0.701372     0.536675     -0.20822    -0.119449    -0.866592    -0.906668    -0.204006     0.643525    -0.943297    -0.684298     0.800758    -0.214908    -0.947918    0.0467902    -0.476303    0.0703074     0.886808     0.623165      0.64871     0.204153     0.437479    -0.502641   -0.0846064     0.797804    -0.469184    -0.431214     0.704851     0.607937    -0.837344     0.326513     0.628333    -0.614077    -0.775706   -0.0587021     0.380608    -0.122531     0.381858    0.0610815     0.173975    -0.721462     0.751849    -0.776959   -0.0820693    0.0680161    -0.364961    -0.160683     0.805265     0.904761    -0.495645     0.325133     -0.10507     0.670489    -0.290867    -0.991874     0.361275     0.907821     0.564288     0.762324    0.0911022    -0.679575    -0.122606     0.672722    -0.384799     0.580558    -0.834418     0.339369     0.890286     0.374213    -0.361676     0.715118     0.913461    -0.220323     0.529919     0.635947    0.0116621     0.982147     0.168787    -0.507782     0.479148    -0.428036   -0.0777669    -0.856577     0.843088    -0.662993    -0.215321   -0.0231828      0.33252     -0.22983     0.317797    -0.438743      0.24965     0.126242    0.0252709     0.194516     0.406853      0.57076    -0.970142    -0.865289     0.602976    -0.776002    -0.952292     0.469746     0.346946   -0.0574445
  -0.0875819    -0.634334    -0.838318     0.610877     0.274325    -0.683075   -0.0153695    -0.569138    0.0446872    -0.157472    -0.769591     0.697208     0.213521     -0.50995     0.735598     0.713943     0.611194     0.870926     -0.59386   -0.0921146     0.606978     0.411472    -0.780795     0.802298    -0.629975    -0.539627    -0.612804    -0.489184     0.028735    -0.915668      0.55688    -0.613343     0.717362     0.788647     0.195827     0.776799    -0.264407    -0.394601    -0.310826     0.491264    -0.180146     0.656032    -0.289056    -0.961458    -0.684481     -0.26866    -0.513086    -0.874148     -0.33548     0.680711    -0.909141     0.395464    -0.536132    0.0671548     0.534888    -0.933471     0.660721   -0.0682353    -0.596772    -0.307686    -0.888772     0.478726     0.208151    -0.272731     0.643229   -0.0162293    -0.543109    0.0604005    -0.566448    -0.577295     0.554417     0.633214    -0.588219      0.04966     0.693804    -0.834629     0.746844     0.124238     0.052628     0.477797    -0.694291     0.721954    -0.483765     0.269691    -0.317933    -0.028616    -0.529708   -0.0674246      0.90377     -0.87165     0.622298      0.20585    -0.800181    -0.159271   -0.0062569    -0.164387     0.019153    -0.166902    0.0875189    -0.584245     0.592409    -0.547656    -0.422768    0.0737987     0.891698     -0.58059     0.662517    -0.615418    0.0331381     0.428098     0.680287     0.830183    -0.739383     0.225089    -0.874608    -0.453957     0.864335     0.754363    -0.526132    -0.602109      0.55205     0.917538     0.801615     0.529462     0.621161       0.2714    -0.871274     -0.27673      1.01805     0.141879     0.283903     0.170301    -0.150046     0.707226     0.172706    -0.287008     0.558671    -0.787228    -0.601159    -0.330381    0.0288455    -0.301944     0.700062     0.196932    -0.953345     0.443524    -0.528522     0.549542     0.961428     -0.51337     0.784727     0.372791    -0.386963     0.882003   -0.0920884     -0.77736    -0.719939    -0.936788     0.986548     0.833315     0.217159        1.021    -0.531636    -0.564502     0.961142     0.749426     0.797185    -0.267683    -0.720363     0.187511     0.757559     0.471728    -0.309092    -0.335462     0.552919     0.238153    -0.656243     -0.57291     0.722918     0.689906    -0.632379    -0.795154     0.391839     0.340453 -0.000872308    -0.119638    -0.381319    -0.129895    -0.220975     0.425108     0.388391     0.849987    -0.688067     0.927682     -0.83844    -0.176077    -0.429856      0.59489     0.735892    -0.486622     0.393819    0.0341119     0.604743     0.760172    -0.869657      0.24112    -0.457778     0.432322     0.925327    -0.891629    -0.870175     0.291615     0.236355     0.415971     0.134774     0.919852    -0.877532    0.0390583   -0.0422256   -0.0878243    -0.287101     0.191248      0.28335     0.138308     0.371317    -0.601828     0.999591     0.134429    -0.485417     -0.78171     0.747491     0.957416     0.575626     -0.45188     0.362146     0.343172   -0.0965705    -0.855052     0.213766     0.600976    -0.442656    0.0654466     0.483386    0.0576664    -0.609758    -0.472961    -0.190326     0.100024     0.872619     0.615371      1.02496     0.224285    -0.592816    0.0102054    -0.169699    -0.653837
    0.268779   -0.0877591     0.233295     0.869805     0.822621     0.141107     0.576919     0.300733    -0.208287     0.179988     0.475777     -0.57144    -0.650865     0.437738    -0.435069     0.866506    -0.906948    -0.620852   -0.0574179   -0.0341028     0.174447     -0.26031     0.431839     0.361357    -0.433496    -0.266515    -0.371987     0.265699    -0.217282    -0.796425      0.58741      0.90994     0.516644     0.811122    -0.955655     0.667861     0.836616    -0.407693     0.727887    -0.196875    -0.212923    0.0393122     0.518503     0.361919    0.0978108     0.138684     0.948533    -0.273719     0.353317     0.567139     -0.84429     0.348169   -0.0462255     0.257378     0.499899    -0.496554     0.672399     0.597607    -0.326437    -0.559148    -0.987457    -0.615235   -0.0380595    -0.429623     0.846433    -0.672525     0.859696     0.184734    -0.157233    -0.173854    -0.411718      0.91534    -0.243311    -0.890125   -0.0898176     0.268914    -0.223966    -0.585077    -0.649069     0.387074     0.644907    -0.283701     0.195805     0.359384     0.886994     0.552629     0.399588    -0.544878     0.578706     0.185459     0.567613     0.453706   -0.0757123    -0.636732    -0.935902    -0.535493     0.633985    -0.349305    -0.473695    -0.846182    -0.846085     0.476322    0.0765734     0.748448    -0.891461      0.92774     0.868139    -0.138579     0.702128    -0.211922    -0.126003    -0.529675   -0.0213668    -0.556543     0.978782    -0.581197    -0.158556     0.810702     0.626386    -0.242007     0.753697     0.668991    -0.395421    -0.495274     0.777015    -0.460269   -0.0546532     0.726966     0.695077      0.30131     0.067277    -0.476259     0.493781    -0.543569     -0.38755     0.523938     0.767022    -0.198139      0.71422    -0.742333      -0.9379     0.630123     0.437206     0.490846     -0.50136     0.771999     0.421142    -0.738117    -0.396351     -0.86667     0.497905    -0.889239     0.737224    -0.878757     0.748342    -0.905245     0.966953     0.301908     0.491739     0.337434     0.714257     0.738699     0.240994     0.617993    -0.400164     0.280373      0.97937     0.981486     -0.40857    -0.335484     -0.68139    -0.954215     0.908311    -0.212317    -0.445891     0.764093     0.800848    -0.873152     0.469253   -0.0270939     0.109204    -0.893404    -0.929431     0.298357     0.739327     0.952209    -0.356643   0.00834485     0.134942      0.73422     0.863862     0.332647     0.893609     0.981362     0.910721     0.397822     0.210982    -0.725346    -0.383636    -0.486501    -0.259046      0.83404    -0.748321    -0.549844     0.885482     0.471226     -0.62348     0.569825     0.883752    -0.356442    -0.430985     0.846993    -0.443291    -0.769457    -0.922128     0.963869     -0.94357    -0.555256    -0.928752     0.869012     0.905191    -0.863204     0.188705     0.727441    -0.635126    -0.518187     -0.17932     0.259747    -0.741467     0.362185    0.0753735     0.450117     0.500809     0.199541     0.931743     0.629455    -0.925643    -0.619161     0.512142    0.0313966    -0.440188    -0.276251    0.0957744     0.730314    -0.176725     0.307868    -0.653369   -0.0874121    -0.850437     0.526589     -0.81955    -0.188621    0.0400352    -0.770002    -0.919182     0.881273
   -0.479785      0.14373    -0.112379     0.623533     0.399777    -0.512181    -0.452798     0.417731    -0.930686     0.540822    -0.588998     0.553362    -0.241403     0.538081     0.722907    -0.533969     0.872737    -0.482592    -0.475976     0.459807    -0.795075    -0.441493     -0.55657     0.534431     0.586412    -0.106855      0.86391   -0.0364922     0.399227     0.323994     0.646377     0.564632     0.492018    -0.333358   -0.0573569    -0.663758     0.692377    0.0591942     0.137312   -0.0421692     0.157363     -0.12879     0.706298     0.176927     0.563931    -0.229176     -0.86639    -0.915264     0.181723      -1.0382     0.279051    -0.445974    -0.781426     0.374442    -0.878122     0.284197     0.458648     0.447319     0.681844    -0.168126    -0.710148    -0.737115    -0.609333    -0.150305     0.722469     0.953679    -0.341793   -0.0213898    -0.902745     0.178117     0.690341     0.053521    -0.483942    -0.597359    -0.028589    -0.763357    -0.902517    -0.689153    -0.792845    -0.507344     0.614624     0.693192     0.237296     0.952749      0.82284    -0.458248  -0.00114169    -0.889984     0.388737    -0.507197   -0.0495992     0.805427     0.843533   0.00523291     0.282302     0.401166    -0.714921     0.504792   -0.0556593    -0.537052    -0.080826     0.501366   -0.0737636     -1.03878    -0.346595     0.638097      0.63726     0.713334    -0.187233    -0.270407     0.638947    -0.469382    -0.256417     0.795961    -0.830174     0.854409     0.389014      0.61091     0.816053    -0.246356     0.892207    -0.409564      -0.4794    -0.520678    0.0748028    -0.849895    -0.294705    -0.530542     -1.03406    -0.449697     0.766185     0.592605     0.705785    -0.618185  -0.00286313     0.549826    -0.299923     0.454299    -0.903232     0.853688     0.282772     -0.97767     0.820068    -0.349177      0.59535     0.430416     0.373323    -0.713818     -1.06655     0.703666    -0.180147    -0.106111    -0.422815    -0.448127     0.262869    -0.952223     0.262715     0.130687    -0.792379   -0.0648114     0.375288     0.588615     0.786835   -0.0315101    -0.353514     0.215599    -0.750538    -0.354231    -0.880494     0.584567     0.192266   -0.0360865    -0.717253    -0.674882     -0.11298     0.882697     -0.41088     0.212428    -0.622488     0.852638     0.867503    -0.141602     0.460866    -0.293052    -0.434617     0.444135    -0.397435    -0.465037     0.457677    -0.783659    0.0301403    -0.193608    0.0794365   -0.0387559    -0.520286    -0.337198    -0.914987     -0.51575     0.924933   0.00265523     0.973886    -0.980765    -0.560741     -0.69071    -0.830892    -0.791648    -0.758796     0.540322      0.49549     0.306783     0.246323     0.544558     0.917308    -0.561527     0.450593     0.946254     0.557859   -0.0917468   -0.0276828     0.396323     0.647502    -0.437324     0.174701     0.449389    -0.945116    -0.550998     0.863084    -0.803888    -0.403342     0.561636     0.857838    -0.789602   -0.0641111     0.141833     0.173345      0.87773     0.298194     0.413754    -0.562827    -0.988519     0.180774    -0.636165    -0.340349     0.299338    -0.705451    -0.529494    -0.156041    -0.828163    -0.642743    -0.185235     0.442124     0.933897     0.476204     0.800146     0.759587     0.645607
   -0.804826     0.156631    -0.953854    -0.759526    0.0866227    -0.310449     0.131362    -0.710417    -0.643084    -0.552804    -0.838194     0.267117    -0.420667     0.626634     0.589458    0.0478853     0.272203    -0.781028     0.914804    -0.790641     0.204052     0.844777    -0.523467     0.616469     0.259975     0.991431    -0.850005    -0.611653    -0.659175      0.49821    -0.833234     0.532162    -0.591709   -0.0374006     -0.76723    -0.415156    -0.578049    -0.663372     0.657564     0.211328    -0.322258    -0.408701   0.00556488    -0.994252    -0.586589    -0.489034    -0.297235    -0.367435    -0.721571    -0.732753     0.749792    -0.259239   -0.0738292     0.962886     0.883696     0.637655     0.628865      0.36396     0.600107     0.937873    -0.148864    -0.332117   -0.0716768     0.424069      0.82876     0.877354    -0.678765   -0.0995232     0.241849     0.879794      1.03182      0.25084    -0.426078    0.0668582    -0.682895    -0.451976     0.905881     0.678086    -0.879627    -0.287994    -0.066299    0.0518952    -0.154781     0.443645    -0.284458    -0.218842     0.817512     0.284895    -0.460417     0.528362     0.331736    -0.538915      0.24956    -0.224159    -0.487799     0.680102    -0.672683    -0.607083    -0.842274     -0.77281    -0.828465    -0.567543      0.68018    -0.302758     0.375671     0.838872      1.00338    -0.734154    -0.242373     0.362443     0.127518 -0.000913051   -0.0985954     0.195603    -0.102418     0.810464     0.634304     0.299519  -0.00824956    0.0825405    -0.611898     0.577494    -0.386591     0.321374     0.357472     0.853431     -0.67749    -0.648643     0.653069    -0.714265    -0.576179    -0.241557      0.97028    -0.562267     0.086764    0.0860726    -0.567289     0.227143   -0.0332416     0.737037    -0.421163    -0.280298      -0.8037   -0.0345821     0.768735    0.0905705    -0.425028     0.167815    -0.420358    -0.389234    -0.597276     0.478533    -0.358554     0.147805     0.994865     0.787107    -0.227282     0.972127   -0.0523653      0.77677    -0.485524     0.185687     0.077646     0.985038     0.883846    -0.470223     0.794043     0.937569    -0.532723     0.491402  -0.00705963   -0.0923837     0.443382     0.432376     0.268509      1.02743    0.0127149     0.598695     0.223028    -0.489746    -0.387057     0.303047    -0.443647    -0.475759     0.234059    -0.957955    -0.693265     0.119953    -0.161715     -0.25481    -0.380493     0.901125     0.885951     0.877121      0.30789     0.290722     -0.23023     0.349503     0.774603    -0.782661      1.03832      0.84996     0.867553    0.0553198     0.431866   -0.0817129     0.877173    -0.865627      0.76565    -0.491578     0.476219     0.339797    -0.269587    -0.219655     0.275565    -0.587737      0.56676     0.669861    -0.111323     0.756104     0.486798     0.321977   -0.0552609   -0.0498594    -0.502212     0.588779    -0.735122    -0.245201     0.551137    -0.975035    -0.281756    -0.331884     0.227344     0.719879    -0.413457    -0.709667    -0.764755     -0.69966   -0.0500161   -0.0421349     0.699478     0.241534    -0.448822   -0.0675579     0.431052    -0.820949    -0.311758    -0.233712    -0.788901      1.07405    -0.367757    -0.164585     -0.40842     0.328887    -0.331449    -0.950703
    0.762314     0.563746    -0.299522     0.836982    -0.740171     0.782903    -0.809853     0.422179    -0.970421    0.0574412    0.0386397     0.903735     -0.51373     0.564409     0.767044    -0.898851    -0.769159    -0.803218    0.0510658     0.263643     -0.47072    -0.484151     -0.17266   -0.0584436     0.121877     0.735336   -0.0805848    -0.689689     0.725153    -0.884904   -0.0818649    -0.223801    -0.615521     0.464894     0.462341      0.67363     0.181855    0.0446266     0.204567     0.434263     0.575988      0.67683     0.567971    -0.451796     0.572842     0.256861    -0.613679    -0.442739      0.81602    -0.926721     -0.38608     0.509802     0.861582    0.0522093     0.930616   -0.0276319     0.401557     0.159835      0.90875     -1.03737    -0.356204     0.601945    -0.466258   -0.0945354     0.154808     0.348616     0.198595     0.734719    -0.134086   -0.0506476    -0.532758    -0.993224     0.203682     -0.55819     -1.01129     0.282668    -0.961648     0.143877    -0.805176    -0.940178    -0.331704    -0.630101    0.0405444     0.667993    -0.830908    -0.037335    -0.213184     0.290802    -0.447781      0.83271     -0.72519    -0.483291     0.284016    -0.108971    -0.897439    0.0935928     0.705379    -0.235505     0.327073    -0.190905    -0.382822     0.210337    -0.871138    -0.591205    -0.686897    -0.937122    -0.990757     0.715918    -0.989929     0.140032     0.355783     0.107199    -0.644799     0.373177      0.31523    -0.797176     0.353515      0.46266    -0.285649    -0.580173     0.524237    -0.112233    -0.834647    -0.980728    -0.559351      -0.3128     -1.00982     -0.43329    -0.823119    0.0942126     0.186103     0.511917    -0.593534    -0.708941    -0.587015     0.572978     0.874072   -0.0754767   -0.0376608    -0.234535     0.954146     0.497153     0.741791    -0.973562   -0.0464187    -0.594508    -0.819539    -0.265688    -0.398906     0.715897    -0.590351     0.395366    -0.799168    -0.721175     0.389196     0.530601     -0.26436    -0.270047    0.0924516      0.30101     0.531334     0.886169    -0.932463    -0.497394     -0.99603   -0.0406558     0.293448   -0.0369927     0.798765     0.644947    -0.520997    -0.944825     0.401185     0.922117     0.592068  -0.00470398     0.279079   0.00420852   -0.0557755     0.381665    -0.108678   -0.0957872      0.71392    -0.872219     0.708316     0.350311     0.691413     0.496068     0.348097     0.926797    -0.887305     0.646817     0.522045     -0.85081    -0.848962    -0.447415     0.504706    -0.297527     0.633338   -0.0475701    -0.689728     0.245339    -0.436651    -0.654327    -0.269082      0.39381     0.434452    0.0517126    -0.500665     0.505145    0.0536521     0.062162     0.654656    -0.485073     0.345361     0.281285    -0.593012     0.420512     0.866052    -0.173854    -0.766713     0.961219    -0.835302    -0.770873     0.505301    -0.299984     -0.76075      0.72141     0.183697    -0.778587     0.228056    -0.888169    -0.557904    -0.179273    -0.960407     0.460419     0.210268    -0.694109     0.324871    -0.229194    -0.654863    -0.041062    -0.461271     0.591312   -0.0442424     0.597527    -0.189592    -0.456742     0.618916    -0.657273    -0.832497     0.235873    -0.694541    -0.245026    -0.151243    -0.829355
   -0.823348    -0.555174    -0.237445     0.389441    0.0411319     0.234912    -0.679101    -0.853676      0.18367    -0.587318      0.14485     0.126737    0.0129982     0.807238    -0.650851    -0.789251     0.066859     0.432981     0.596193    -0.150685    -0.763437     -0.71565     0.739068    -0.779872     0.954788    -0.271719     0.660164    -0.928035    -0.662542    -0.407182   -0.0871246   -0.0481542    -0.278406      0.26837    -0.691575     0.862174    -0.181173    -0.277363    -0.642673    -0.860397    0.0942112     -0.98891     0.624621     0.855804    -0.348557    -0.126482     0.327172    -0.218269     0.481383    0.0505165      0.69183     0.280796     0.746589      0.17847     0.408256     0.412264     0.113341    -0.532049     0.286572     0.502788    -0.223636    -0.453028    -0.616022     0.496358     0.152082     0.129296    -0.297489   -0.0276059    -0.120306    -0.423183     0.914061    -0.631815     0.692291      0.27973     0.429774     0.160117    -0.257386      0.67019    -0.234709     0.806807    -0.270823     0.450786    -0.877499    -0.132763     0.528553    -0.223981    -0.895266    -0.616465     0.817559     0.617177      0.80318     0.883866     0.515828    -0.329181     0.527201    -0.586674     0.486106     0.560905     0.436055    -0.162985       1.0399    -0.218551    -0.579784    -0.272853     0.179292      0.85604    -0.577165    -0.118464     0.118802     0.263702    -0.190495    -0.522447    -0.215649     0.748528    -0.436176     0.680682    0.0390902    -0.895503     0.172368     0.812502      0.51621    -0.286242    -0.816133     0.641309    -0.554148    -0.332954     0.630026     0.606804      1.05761     0.658234    -0.121998     -0.22485     0.303323      0.88586     0.544481     0.751803    -0.919916     0.103686     0.761766     0.473685    -0.319507    0.0998131    0.0650048    -0.339485    -0.237635     0.658139      0.75178     0.833554    -0.750996    -0.617965     0.469672     0.344862    -0.663848      0.94253     0.149869      0.26012    -0.215191    -0.730091     0.940903    -0.572744     0.920134    -0.183881     0.176256    -0.960294    -0.628584    -0.376845     0.228999     0.311438    -0.167814      1.01975    -0.369524     0.730736    -0.277801    -0.617616     0.809817   -0.0411283      0.64564    -0.789155    -0.740656    -0.793342    -0.269683    -0.777186     0.911094       0.4525    -0.262892    -0.972634    -0.211113    -0.645165    -0.397064    -0.236699     -0.80705    -0.687059     0.465058     0.656907      0.52234    -0.655197     0.466369    -0.030874     0.694998     -0.70535     0.189198    -0.597671     0.579063    -0.855106    -0.241901    -0.932427    -0.547854   0.00831779     0.925572     0.497463    -0.317251    -0.715266     0.362824    -0.273114     0.447141    -0.399429      0.97179    -0.917199     0.746643    -0.840051    -0.117537     0.199388     0.825024    -0.999454    -0.152567    -0.740409     0.529106    -0.490998    -0.531531     0.550892   -0.0671852      0.87627    -0.633758    -0.906143    -0.596725    -0.135709    -0.105557     0.244311    -0.151711    -0.801284     0.161297     -0.33281     0.380402     0.713287   -0.0526391    -0.150205    -0.106165     0.867303    -0.495107    0.0186729      1.01559    -0.493454     0.932583     -0.22577    -0.759155    -0.879077
    -0.59052    0.0642305    -0.720162   -0.0824359    -0.195586    -0.914205     0.956436    -0.130099     0.210209    0.0598437     0.682176    -0.386321    -0.124057     0.643567     0.406801     0.328674     0.616669    -0.656984     0.761305    -0.529894    -0.485175     0.501433    -0.173105    -0.358351    -0.344799     0.343837     0.443475    -0.330013    -0.579291     0.532483     0.837793    -0.169666   -0.0776489    -0.454653      0.45378    -0.729758    -0.767567    -0.865331     0.869859     0.540861     0.398387    -0.884442    -0.578671     0.274498    -0.297294     -1.00551    -0.549886    -0.151636    -0.545927    -0.623233     0.711355   -0.0380249   -0.0827645    -0.357015    -0.844019    -0.145273    -0.979873    -0.752876     0.891662    0.0472157     0.821313    -0.165656     0.703848    -0.610495     0.796903    -0.697744    -0.952741   -0.0844508    -0.316338     0.397763    -0.234533     0.586036    -0.405387    -0.600115      0.85874     0.677634       -0.892      0.63035    -0.490091     0.396717    -0.937344    -0.963325     0.674255    0.0516477    -0.959017    -0.183303    -0.125862      0.67521     0.958023    -0.132163     0.830232    -0.739693    -0.972473    -0.958701    -0.792615     0.514353     0.280018     0.540624     0.838692    -0.203455    -0.214579     0.454258      0.80128     0.389442    -0.248246    -0.413539     0.631424     0.601393     0.966523     0.133695     0.216099     -1.00215    0.0174726   -0.0181777     0.718609    -0.148187  -0.00632139     0.649324   -0.0859805     0.723322    -0.318948    -0.232994     0.490068     0.734734     0.288293    -0.325996     0.539606     0.855498     0.332204    -0.571469     -0.95809      0.11671     0.183069     0.240375    -0.374535     0.767941    -0.148094     0.647057     -0.44136    -0.037277    -0.410225     0.412993     -0.07431     0.665017     0.596684       0.3251     -0.33774    -0.624132    -0.491577    -0.823211    -0.151728    -0.640289   0.00448334     0.467901     -0.94385     0.891493    -0.624577    -0.992195     0.158018    0.0552235    -0.264245    0.0769146    -0.444544    -0.506154     0.244404    -0.852974    -0.850376   -0.0713166     0.154837    -0.669387     0.574881    -0.294827     -1.01611    -0.320256    -0.598026    -0.473818    -0.439368    -0.643249    -0.581697    0.0494728   -0.0306636    -0.755378    -0.609524    -0.371403     0.599099     0.399413     0.394599      0.44185    -0.594885     0.689864    -0.094048    -0.107203     0.711049     -0.78685    0.0483296     0.934788    -0.631473    0.0397949    -0.551134     0.361746    -0.294822    -0.251956   -0.0289319     -0.92308     -0.92992    -0.423083    -0.619872     -1.01314     0.918106     0.774778    -0.390647    -0.997397   -0.0610833     0.395932    -0.553774    -0.871372    0.0646397     0.806107    0.0755317    -0.458559     0.205614    -0.939077   -0.0790537     0.963617    -0.391069    -0.273661     0.649559    -0.791645    -0.364027    -0.417632    -0.266245     0.669903     0.370289    -0.825997     0.225627    0.0947045     0.361294   -0.0981764    0.0136537    -0.500821    -0.401981     0.893897     0.767217    -0.756017     0.695613     0.865783      0.28261    -0.851632    0.0252576    -0.307053     0.430181     0.674351     0.940337    -0.297299   -0.0218159     0.575183
   -0.965729    -0.771788    -0.694693     -0.15617    -0.565594     0.531408     0.861202     0.266326     -0.53304    -0.482235    -0.215158    -0.799822     0.879197    -0.729198    -0.311222    0.0749014     0.908322    -0.177165     0.393652     0.559285     0.450191     0.390362    -0.036383     0.627744    -0.572504    -0.226367     0.927925     -0.68495     0.562669    0.0364466     0.819353     0.529296    -0.908296    -0.623271     0.292266     0.111953    -0.276041     0.796516     0.601484    -0.352709    -0.838544      0.38736     0.689843     0.330759     0.214299    -0.339689    -0.611973     0.756599   -0.0874636    -0.566936    -0.981547      0.36403    -0.942795     0.239313    -0.265043    -0.051738     0.475673     -1.01412     0.954264     0.136989    -0.688381     0.748618    0.0519229     0.257729    -0.022169    0.0523931    -0.382611     0.740658     -0.79709     0.422724    -0.437486     0.464008     0.495026     0.246086     0.255674     0.499388    -0.388389     -0.95902    -0.537285    -0.987286    0.0025739     0.905797     0.811885    -0.349146    0.0232805     0.673174     0.361432    -0.836128    -0.580452     0.847937    -0.638887     0.577677      -0.1426    -0.712486    0.0447135     0.513661       -0.927     0.904827     0.521482     0.637284    -0.173786     -1.01465    -0.797873     0.113423     0.906439    0.0259167      1.02669    -0.621781    -0.347814    -0.299508    -0.795213    -0.333175     -0.90035     0.653978    -0.686055     -0.37868     0.205461    -0.442723     0.291764       1.0079    -0.566106     0.132348    -0.339221    -0.575705    0.0255286   -0.0466101    -0.358997    -0.515384     0.526959     0.562143    -0.714501     -0.89575    -0.849809     0.326116    -0.176442     0.849536    0.0927043    -0.217162    -0.623275    -0.827067    -0.876661    -0.466573    -0.349121    -0.723734     0.346766    -0.455062    0.0196501     0.977461     0.561814     0.742407     0.734457    -0.530538    -0.508606    -0.471335    -0.190064    -0.821193     0.181353     0.703113    -0.114426    -0.721282     0.929879     0.506956    0.0679032     0.876077     0.901089     0.999461     0.205075   -0.0771987     0.405562    -0.969229     0.126072    -0.458775    -0.027863    -0.103111     0.724699    -0.842511     0.406503    -0.824711    -0.101855      0.57939     0.247925     0.168781     0.801421    -0.523411    -0.603802    -0.166323    0.0235361     0.162295    -0.184581    -0.516648    -0.195317    -0.497328    -0.164617     -1.02335     0.220043   -0.0547587     0.727486    -0.401916     0.349303     0.673185    -0.255039     0.660052      0.41892     0.155037    -0.583589    -0.740216    -0.217007    -0.818807    -0.860844     0.913793    -0.588878     0.372793     -0.27134     0.460237     0.335371    -0.395512   0.00313911    -0.534464     0.303504    -0.458683    -0.217144    -0.825823    -0.557232     0.418964     0.990839    -0.857332    -0.289139    -0.739968     -0.20956    -0.149129     0.721213     0.966527     0.450794    -0.717527     0.131956    -0.974513     0.705635    -0.785059      0.53091     0.546818     0.239599    -0.221437    -0.842065     0.398075     0.826806   -0.0693649     0.648189    -0.422148    -0.462197      0.95135     0.777399     0.484182     0.802896     0.214113     0.470842    -0.417775
    0.428532     -0.70884    -0.121291    -0.308581    -0.335742     0.832594    0.0628479    -0.974091    -0.100365     0.821847     0.142356     0.301811      0.57639     0.712468     0.896023     0.390733    -0.954136    -0.672107    -0.116684     0.298077     0.975115     0.647079     0.922844    -0.821908      1.00211     0.345083     0.187992     0.678071     0.143236     0.994935  -0.00765415    -0.104127     -0.90777     0.288386     0.797643    0.0139457    -0.430808     0.896494     0.472913     0.828091     0.349585    -0.341824   -0.0290076    0.0141994    -0.498213    -0.104955     0.679218    -0.850138     0.603066     0.964305      0.16606    -0.631773     0.892926     0.195695    -0.864542     0.105842     0.491751     -0.15459     0.596279     0.731809     0.638436    -0.434633     0.199928    -0.538003     0.912998    -0.122259     0.379234   -0.0301549       0.7886   -0.0408704    -0.470309    0.0509534     0.186623     0.599898     0.581511    -0.176076      1.00487     0.544206    -0.829208    -0.542838    0.0528568     0.705216    -0.419453    -0.139159     0.471013    -0.991899    -0.454958     0.747834    -0.255805     0.968949    -0.735175    -0.335076     0.639423     -0.11348    -0.182929     0.292468    -0.118058     0.945746      0.25038    0.0807325    -0.482079     0.307968 -0.000916647     0.973628    -0.181186    -0.981452     0.767592    -0.926882    -0.251068  -0.00390519     0.451849     0.688647    -0.518724     0.692807     -0.97815    -0.730284    -0.118653      0.33184    -0.533197     0.548678     0.258925     0.112219    -0.504087     0.569067     -0.82723    -0.644312    -0.795918     0.802691     0.228087    -0.323981    -0.960605      0.61549    -0.532972    -0.397351    -0.161724     0.948637     0.543137     0.436209     0.649442     0.938594     0.171672     0.275994     0.604031    -0.918654    -0.249391     0.482719    -0.606997     0.121405    0.0422262     -0.63765    -0.203913     0.815326    -0.849742    -0.606315    -0.471417     0.451315   -0.0631027     0.347587    -0.151933     0.624648     0.925175   -0.0759037     0.132765     0.247259    -0.619807    -0.282104 -1.34734e-05    -0.379732    -0.337448    -0.105917    -0.584085    -0.441079     0.822187      0.33898    -0.186266     0.545418    0.0799062     0.832699     0.900722    -0.237213    -0.666767    -0.928184      0.21567     0.183783    -0.922693   0.00302979     0.643538    -0.964337     0.199913    0.0910203     0.192867    -0.973134    -0.562191      0.17407     0.627536     0.113621    -0.970605    -0.615531    -0.384682    -0.465774    -0.108826     0.889604   -0.0905067    -0.484967    -0.290621    -0.720683     0.260977    -0.519878     0.775677     0.128545    -0.553092    -0.194496     0.736623     -0.66771    -0.059558     -0.17231     0.741536     -0.57094     0.292675      0.98987     0.775455     0.562572     0.835064       0.4829     0.148896     0.971603    -0.087011    -0.203261    -0.748304    -0.158455     0.696014    -0.928841     0.161071    -0.776323   0.00592275    -0.135344     0.982592    -0.487997    -0.417355     0.208631    -0.904786    -0.391246    -0.924445    -0.494961    -0.490636     0.194898     0.141446     0.252154     0.641344     0.595686     0.541621     0.812111     0.430088     0.972384     0.121964     -0.96377
     0.28729     0.477093    -0.974898     0.672255    -0.457626     0.954347     0.400625    -0.164987    -0.539642     0.730387     0.639169    -0.477285    -0.853148    -0.848976    -0.502537    0.0182437    -0.101144    -0.466168     0.367601     0.692966   -0.0713782     0.686664     0.717737    -0.204976    -0.598954    -0.380033    0.0167076   -0.0116482    -0.375745    -0.176385     0.206804    -0.889735    -0.417983    -0.123736     0.105541    -0.142958     0.475816    -0.770296     0.916032     -0.11775    -0.885912     -0.14732     0.104075     0.545264     -0.84673     0.690662     0.739912    -0.726156   -0.0443942     0.207852     0.584224     0.161435    -0.909203    0.0371954     0.261903     0.288574     0.991454    -0.710942     0.190993     0.661456     0.316503     0.419593     0.537208     0.239822    -0.381479     -0.21167     0.402329    -0.195899    -0.934733     0.919161     0.537312    -0.140001    -0.437892    -0.693541    -0.912245     0.370786   -0.0240354      0.27043   -0.0211469   -0.0667657     0.823191    -0.898847    -0.551873     0.514816    0.0893357     0.886615     0.833883    0.0179416     0.756751    -0.428012     0.245228    -0.954231     -0.19727     0.725506    -0.710386    -0.258974      0.32787    0.0550519    -0.826251    -0.160638     0.587306     0.374269     0.145994     0.280648    -0.857402    -0.779229      0.90776     0.133906    0.0229895     0.458647     0.150509   -0.0660238    -0.302253     0.420128    -0.730234    0.0821359     0.709902     0.765268    -0.602826    -0.726204     0.681837     0.871961     0.948619    -0.110522    -0.102464    0.0504379     0.809658     0.646015    -0.207213      0.28437    -0.106421     0.171362   0.00551044     0.569322    0.0523463     0.295413    -0.959429     0.531422    -0.147613     0.260018     0.342199     0.404045     0.728742     0.566402     0.459857     0.806655     0.109987    -0.171407     0.984509     0.326616    -0.442087    -0.191898    -0.168409   -0.0579932    -0.524137     0.852637    -0.495571    -0.930942    0.0691114    -0.380563    -0.204263    -0.469217    -0.192985     0.387035     0.542345     0.636238     0.247401     0.092788     -0.78417    -0.227384    -0.700927    -0.103456    -0.216783     0.802321    -0.577786     0.664597     0.787698     0.340576    -0.983448     0.228145     0.526708     0.608693    -0.146737    -0.595579     0.654372     0.211837     0.928997    -0.944956    -0.236013    0.0858262     -0.29037     0.873294    -0.169858     0.984494      0.69792     0.281321     0.928465    0.0488155     0.556154     0.766434   -0.0812212    -0.665469    -0.291779    -0.521043     0.465524    -0.287101    -0.889484      1.02713    -0.306997    -0.594973    -0.697054    -0.534857     0.197045   -0.0842629     0.268096     0.213009     0.618202     0.571026    -0.687233     0.539184    -0.523949    -0.601194     0.558323    -0.748566    -0.535598    -0.376355     0.905196    -0.321193     0.791028     -0.71575      0.84417     0.155304     -0.47222     0.991829      0.25691      -0.4261      0.76678     0.868459    -0.919293    -0.240754    0.0573321    -0.219889    -0.103559     -0.29785     0.397998     0.986051    -0.948528      0.81297     0.578771    -0.273203    -0.943191       1.0285    -0.970572    -0.127438     0.328395     0.951329
     1.01073     0.821896    -0.682124    -0.032501    -0.332665      0.31184     -0.70836    0.0411329     0.663403      0.91036     0.644715    -0.858271     0.280617     0.527183    -0.281291     -0.93215     0.474523    -0.254583     0.333391     -0.47546    -0.367202    -0.862064     -0.49134     0.243396    -0.806237     0.551541     0.654392     -0.13991    -0.628612    -0.937035     0.725776    -0.786523       0.8998    -0.770059     0.344785    -0.237878    -0.617809    -0.505773     0.348879    -0.197507     0.188707      0.76122    -0.119545     0.865445    -0.674919     0.892218    -0.205284     0.361752    -0.900164   -0.0148442     0.780854     0.641337     0.753094    -0.933765    -0.536668    -0.881941     0.771948     0.251933   -0.0489553     0.668018     0.853709    0.0989599     0.796606    0.0677535    -0.492217    -0.821468     0.902609    -0.553175  -0.00707857     0.496752     0.667432     0.453749     0.655305     0.415167    -0.683757   -0.0202926    -0.839388    -0.691057     0.331287     0.394864      1.04243    -0.753296     0.879005     0.732905     0.637962     0.736971    -0.220394     0.921084   -0.0306704     0.911059      0.68803    -0.655962     0.559502      0.24126     0.331008    -0.798274     0.735163     0.492835    0.0491504     0.178224    -0.486513     0.700417    -0.172657    -0.456519     0.405057    -0.427566     0.353561    -0.133887    -0.312636    -0.431242    -0.345536     0.712813     0.860635      0.73246     0.171011      0.98825    -0.528966      0.93102      1.01665    -0.716373     0.389296    -0.268469    -0.618532    -0.163138    -0.787196     -0.71452    -0.852656    -0.556128     0.835224    -0.182951     0.216312    -0.039658    -0.562848    0.0135138    -0.711422     0.785176     0.185511     0.350472     0.307047    -0.790298     0.241952    -0.876728    -0.920167    -0.350567    -0.152935     0.338615     0.730523    -0.797332    0.0483081     0.455267    0.0011061    -0.563337     0.566975    -0.396924    -0.659677      0.77268    -0.170992    -0.974028       0.2488   -0.0150572     0.654129     -0.44554     0.224982   -0.0841914    -0.188106      0.32818    0.0130091    -0.650906      0.15571     0.648422      0.58974    -0.631671    -0.335256    -0.398978    -0.819503    -0.592055     -0.39512     0.979105     0.290158     0.126494    -0.192222     0.846375    -0.491938     0.413561     0.019953    -0.717698     0.367096     0.235722    -0.977158     0.776991     0.532879     0.442567     0.795951     0.317366    -0.350329    -0.672953     0.506148    -0.837554    -0.518043    -0.971105   -0.0605858    -0.978978    -0.198853   -0.0084345    -0.809419    0.0181661    -0.613603    -0.607112   -0.0365399     0.187984     0.282949    -0.469456     0.705235     0.555946    -0.645504      -0.2585    -0.644147   -0.0326724     -0.40443    -0.703588    -0.227658    -0.268572    -0.435236     0.368058     0.265103    0.0872278    -0.151627    0.0986435     0.711622     0.371842    -0.291062      0.54695    -0.594348     0.186751    -0.243579    -0.250031     0.718854     0.798093   -0.0942475    -0.203256      1.03414      0.39238    -0.844589    -0.300673     0.632644     0.978564     0.791076     0.344384     0.135578    -0.854192     0.623425    -0.993535    0.0782131     0.520394    -0.150462    -0.306134
    0.222212    -0.637198   -0.0477764     0.540666    -0.989653    0.0294724     0.824598      0.62927     0.169884    -0.367186    0.0186386    -0.522441     0.978425     0.584835     0.411502    -0.212352    -0.181066    -0.529621     0.132751     0.246126    -0.342725    -0.350612     0.125041     0.873358       0.3784    -0.601809    -0.428327    -0.296212    -0.855473     0.161466    -0.365878     0.803924    -0.912438     0.326408     0.970367      0.31465    -0.262964     0.313408     0.130622     0.869565    -0.435511    -0.618419     0.794962     0.955373    0.0624079     -0.28067    -0.486884    -0.304408    -0.189548    -0.282521     0.336171     0.491421    -0.116688    0.0276603     -1.03423     -0.59963    -0.883589    -0.371177    0.0242169     0.813269     0.663624      1.08373     0.431143     0.901326     0.816409    -0.351338     0.155036     0.310285     0.843107     0.218017    -0.190599    -0.260576     0.722168     0.389711    -0.030714    -0.104278   -0.0376205     0.710428    -0.713472     0.556229    -0.615221    -0.769909    -0.900342      1.01571   -0.0596431     0.325281    -0.223426    -0.923727    -0.898823    -0.110083    -0.205913     0.333368    -0.514255     0.288048     0.730606     0.406985    -0.251074     0.946753    0.0382107    -0.336805     0.909294    -0.206875    -0.876136     0.318184    -0.902803    -0.108635    -0.365624    -0.599139    -0.757491     0.126468     0.487138     0.674529    -0.106677     0.558743    -0.170286      -0.3721   -0.0948192    -0.670736    -0.712116    -0.628602    -0.160387     0.272639    -0.530615     0.488084     0.321283     0.368366    -0.300437     0.615304     0.463032    -0.373113   -0.0337194    -0.134752     0.678375    -0.434749    -0.869697     0.916944     0.198164     0.842753     0.208874     0.350473     0.271321    -0.650351     0.268136    -0.846616     -0.91267     0.327805    0.0875228     0.496007    -0.258997    -0.506317    -0.152205     0.165434     0.576508     0.510786    -0.874879     0.420003     0.407836    -0.937427     -0.43577   -0.0369861     0.052984     0.319355    -0.292075     0.313266    -0.545763     0.393086     0.342503    -0.153201    -0.881094     0.828381    -0.353929    -0.553394     0.971942     -0.41349     0.134397      0.28573     0.133063    -0.406746    -0.581657  -0.00230827    -0.980338      0.55047     0.536795    -0.880635      1.20455     -1.25166    -0.393422     -0.68302     0.939374     0.894038     0.645063    -0.947717    -0.692059    -0.432142    0.0655433    -0.865595     0.405536    -0.410837    -0.484534   -0.0386656    -0.251646     0.579014    -0.268273     0.128732    -0.808399    -0.524091    -0.625785    0.0163069    -0.254744     0.281807    -0.948989     0.123076     0.485877     0.478172    -0.890765     0.871304     0.454478     0.820944     0.432428     0.291923     0.234641     0.919166    -0.433099     0.959031    -0.286339    -0.363866    -0.868009    -0.167454     0.997852      0.53453    -0.650739    -0.281563    -0.665065      0.93295    -0.453183     0.422489     0.545351     0.932718     0.774376    -0.753017    -0.108926     0.373454    -0.669811     0.588947     0.360883     0.814451    -0.481722    -0.216372      -0.3259     0.251629   -0.0435352    -0.524855    0.0955386     0.816575    -0.841838  -0.00171173
    0.835082    -0.415063    -0.493541    -0.845993     0.452168   -0.0260809     0.524142    -0.510499    -0.521303    -0.927635     -0.65146       1.0223   -0.0867444    -0.175646     0.380439    -0.809621     0.597194    -0.256014    -0.642514     0.289724     0.645894    -0.701579     0.136176    -0.744052     0.794274    -0.477302    0.0427477     0.259599     0.527236   -0.0188818     0.878872    -0.430465     0.147513     0.576629     0.181092    -0.239391    -0.409311    -0.845153     0.236443      0.59425     0.613278     0.455689     0.445274    -0.431727     0.396526     0.982539    -0.220633     0.142397     0.266601    -0.999799     0.960611     0.246522     0.865263     0.558372    -0.923007    -0.824567    -0.356332     0.493167    -0.739923     0.447833    -0.246959     0.463743    -0.377526      0.53238    -0.667418    -0.452022    -0.357885    -0.541438     0.533532    -0.594009     0.421002    -0.435662     0.404273     0.451821     0.774606     0.265669    -0.406101    -0.214572      -1.0484    0.0229064     -1.00824     0.800898    -0.393882   -0.0957777     0.111727     0.516245    -0.508331     0.616462    -0.544198     0.779175     0.392444     -0.21374     0.578447    -0.907797     0.270022     0.996484      0.23548     -0.80718     0.510998     0.248911    -0.342604    -0.336622      0.60737    -0.711363    -0.765108    -0.825474     0.315487     0.985428     0.230266     0.409657     0.215748     0.762576     0.831432    -0.858416     0.582847     0.137963     0.340564    -0.793552    -0.330269     0.414585      1.04433     -0.95159   0.00236087     0.467933    -0.744651     0.270611    -0.651137    -0.493187     0.330276     0.725065    0.0788139    -0.370403    -0.372133     0.867617     0.697091     0.986578     0.410184    -0.661322 -0.000942054     0.685884     0.770487    -0.859332    -0.450987     0.605781    -0.274459    -0.500624     0.717018    -0.509172     0.185404    -0.911941   -0.0781541    -0.918542      0.87374    -0.935163    -0.607324     0.743956    -0.324923     0.238898  -0.00612817     0.718879    -0.539133    -0.988509    0.0580671      0.49673     -0.85007    -0.173347     -1.01476    -0.292124     0.366275      0.25505    -0.753648    -0.613214   -0.0770337        0.482     0.938807     0.783463      1.02616     -0.60437    -0.731365    -0.403632     0.149719    0.0241734    -0.811522    0.0819578     0.468098    -0.433311     0.867345     0.871344    -0.602303     0.173854    -0.339204    -0.543732    -0.597204    -0.407359    -0.606978     0.600965    -0.197843    -0.165918    -0.380294     0.118506     0.759502     0.314093    -0.637005      0.94776    -0.848925     0.395313   -0.0293492     0.642724    -0.288797     0.535313     0.570215    -0.761247    -0.762231     0.523085    0.0939649    -0.951648      0.39393     -0.10826    -0.660721    -0.288574    -0.610754    -0.201481    -0.814832    -0.555186     0.594583     0.910182     0.289776     0.312416     0.300692    -0.102255     0.910644    -0.826125     0.136744     -0.40363     0.818824     0.966411      0.82002    -0.370808      1.00057     0.203605    -0.595189    -0.213689    -0.798075     0.566371     0.184824     0.467398     0.398307    -0.829559    -0.126506    0.0261875     0.723572     0.184168    -0.509844    -0.696573   -0.0427551     0.891089
    0.776167    -0.945042     0.512164     0.332644     0.751415     0.550967    -0.442329     0.513021     0.517644    -0.866372    -0.642264     0.515298   0.00110467     0.438224    -0.283737    -0.685956    -0.416272    -0.337523     0.580659    -0.696442     0.412365    -0.744893     0.688769     0.113475    -0.645555    0.0271174    -0.295618    -0.486943    -0.997307     -0.16258    -0.205951     0.746094    -0.458327     0.448376   -0.0410742    -0.291024     0.664503    -0.730931     0.620185    -0.625562     0.947797    -0.639294     -1.01179     0.737652     0.934761     0.316352    -0.636139    -0.947199     0.497412     0.783463    0.0685451     0.594901     0.704207   -0.0332873    -0.547896    -0.993441     0.707105    -0.174215    -0.738832    -0.240334     0.455572     0.507819    -0.657308     0.143115    0.0948786    -0.421182    -0.892353     0.338612    -0.551435     0.850016      0.93446    -0.629445    -0.302437       0.4002      0.81485    -0.221535    0.0620581     0.289016    -0.755764     0.693854    -0.567899      0.30751      -0.6885     0.273504     0.781969    -0.845574    -0.497615    -0.566079    -0.488967     -0.45604     0.753728     0.413487    -0.716818     0.867718    -0.973621    -0.369224    -0.629479     0.359834     0.244232    0.0577626    -0.218358  -0.00718344     0.627405   -0.0204348    -0.792812    -0.780626     0.388874     0.870251    -0.849921    -0.517258      0.17231    -0.791228    0.0387955    -0.771538     0.282726     0.450886    -0.985846    -0.208449     0.110643      0.30137     0.317272    -0.800819     0.802347     0.535989    -0.614871     0.458818    -0.646159      0.50589     0.577274    -0.237949    -0.333698     0.245096     0.253337    -0.519451    -0.764991    -0.649378    0.0092119     0.847006    -0.272731    -0.706037     0.232519  -0.00420091    -0.659364    -0.324746     0.319473   -0.0787941   -0.0862122    -0.132385        0.193    0.0555178    -0.316069    -0.595412     0.182474     0.646764     -1.01184    -0.388144    -0.908768    -0.499879     0.468958    -0.103635    -0.139922     -0.90008    -0.626373   -0.0374176     0.138628    -0.904145    -0.245813     0.274304     0.800915    -0.161606    -0.124032     0.166191     0.889889    -0.564215     0.346816    -0.429127     0.218538     0.210053     0.327448     0.192682     0.259027    -0.100697    -0.613886     0.850698    -0.634374    -0.784056     0.814571     0.679478    -0.932771     -0.43761    -0.466015     0.940602    -0.964388   -0.0517351    -0.121929    -0.645767     0.470012    -0.272948      0.72975    -0.949698    -0.387852     0.305621     0.831086    -0.952372      0.93438     0.339512    -0.413706    -0.245694    -0.494361    -0.594173     0.208663     -0.59854     0.779005    -0.840993     0.648634     -1.02598     0.384956     0.184817     0.129311     -0.61557    0.0797301    -0.119475    -0.201321    -0.380826    -0.787304   -0.0173662    -0.812254     0.202569    -0.672579     0.948819     0.194386   -0.0527949     0.564455     0.583626    -0.740035     0.556933     0.585085     0.950745     0.891164    -0.746244    -0.782294   -0.0658534    -0.952967    -0.173704     0.659353     0.512293    -0.606917     0.535003     0.154615    -0.375891     0.922516     0.534525    -0.454821    -0.774843     0.374227    0.0948153
     0.45851   -0.0928549     0.217067   -0.0783833     0.398919    -0.285085    -0.231578    0.0810614     0.939845     0.337513     0.994936    -0.803331       -0.512    0.0885969   -0.0126497     0.972942     0.236334     0.571879     0.698376   -0.0169562     0.728492    -0.940453     0.552833    -0.239149    -0.446997    -0.263477    -0.097818    -0.442403    0.0918767    -0.701989     0.412755   -0.0733266    -0.430583     0.171607     0.449016    0.0810386     0.755466    -0.904788    -0.694216     0.920713      0.37566    0.0580835    -0.234427    -0.347613     0.987828     0.414989     0.337518    -0.436639     0.879938     0.438245    -0.646848   -0.0113875    -0.137386   -0.0582931     0.458511     0.376756    -0.819676    0.0574131    0.0287787    -0.964927      -0.7012     0.941127     0.463391    -0.638044     -1.04833     0.413605    -0.422122     0.651858     0.052987     0.835957    -0.661004    -0.543122     0.185275    -0.120727     0.316756     0.535139     0.220636    -0.119612    0.0438519     0.574086    -0.166828    -0.108862     0.797587     0.577826     0.417547     0.619915     0.645295    -0.283047     -0.89398    -0.803947    -0.246769     0.593487    -0.928428     0.244098    -0.558803    -0.127296    -0.774271     0.706113     0.204878    -0.426107    -0.320752   -0.0463769     0.424349    -0.643356     -0.45912     0.163841    -0.904557     0.198907     0.898815     0.663984     0.778084    -0.423743     0.103844    -0.374207     -0.82803   -0.0167181    -0.121476    0.0747016     0.403205     0.312201     0.746971     0.387586     0.839897    -0.259569     0.298976     0.860853    -0.420509    -0.350007    -0.382642     0.510585    -0.644574   -0.0989388   -0.0535518      0.36884       1.0002     0.378048     0.541767     0.813615     0.512017    -0.236413    -0.708337    -0.838443     0.688362     0.808758    -0.632568     0.187105    -0.983401    0.0593698    -0.328611    -0.667204     0.979643    -0.409856    -0.240057   -0.0279317      0.48468    -0.791358     0.701908     0.502909    -0.522386    -0.385958    -0.874743    -0.379152     0.813459     0.430026     0.484379   -0.0796708    -0.868484    -0.204789    -0.992938     0.414447     0.609033     0.216074     0.843825     0.269466     0.793257     0.802832     0.535216     0.841065     0.253939    0.0272982     0.618665    -0.421578    -0.401005    -0.343399    -0.365793    -0.177479    -0.467404     0.883327    -0.784266    0.0986916     0.395867     0.306244    -0.611677    0.0897157    -0.324938    -0.154743    -0.211355    -0.296618     0.519937     0.791462     0.138177    0.0956952    -0.145956     0.455627     0.513961     0.979413    0.0183389   0.00800882     0.564235    0.0481536     0.355613    -0.545662     -1.03052     0.347574    -0.534377    -0.204533     0.852071      0.50681     0.280476   -0.0885927    -0.254961     -0.93939     0.792693     0.211745    -0.746431    -0.786636    -0.344051    -0.925345    -0.892745    -0.653603    -0.697715     0.749195    0.0382349    -0.436619     0.808347     0.414575    -0.529388     0.573666     0.436401     0.912273    -0.273538     -0.31084    -0.299305    -0.361173      -0.5648  -0.00515172     0.309691     0.443668    -0.800042    -0.215616     0.851441     0.549489     0.740547    -0.336743    -0.514985    -0.111947
    0.580495     0.804843    -0.203193      0.44801    -0.686399     0.444834     -0.83144    -0.528751     0.504205     0.211883    -0.915952     0.225588    -0.368735    -0.638242     0.522319     -0.16878     -0.88322     0.352712     0.351425     0.889091     0.830112     0.604971     0.893081    -0.121128    -0.755083    -0.069766    -0.590171    -0.818699    -0.572545     0.473798     -0.20499   -0.0459926    -0.399632    -0.549644     0.553409    -0.453884    -0.160089     -0.58752     0.952843    -0.160473     0.233913    -0.178033   -0.0818657     0.434677    -0.904159    -0.980425     0.449755     0.578546     0.819143    -0.516296     0.466934     0.246562    -0.506534     0.869332    -0.437514     0.855019     0.247316   -0.0711873     0.375382     0.365339      0.61407     0.417288    -0.318088    -0.638561     0.951943     0.820917    -0.583515    0.0511839     0.648481     0.484276     0.275133    -0.357275   -0.0575677    -0.285234    0.0143946     0.619047    -0.692037     0.772587    -0.570634      0.47288    -0.913347    -0.107754    -0.663249    -0.899529    -0.380313    -0.113457      0.28947     0.269611     0.946523    -0.236506    -0.210892    -0.864227     0.342369     0.113736     0.277943    -0.359537     0.824871     0.381569    -0.518292   -0.0514636    -0.340617     -1.00142   -0.0952061    -0.898133    -0.106099    -0.172976     0.107022    -0.910825    -0.849851    -0.395341    -0.918969    -0.372539     0.881536     0.425539    -0.616935     0.326175    -0.803508     0.841424     0.779896     0.153286    -0.532663     0.658907    -0.395005     0.814995     0.430339    -0.556562     0.759445     0.885892   -0.0317487    -0.777132     0.249762     0.876459     0.519126    -0.112904    -0.683633     0.764465     0.325211    -0.369153    0.0986356    -0.888816    -0.153749     0.849416     0.199969    -0.378702    -0.102213     0.598376    -0.517574     0.847054     0.977465    -0.633551     0.231047     -1.00371    -0.479278     0.121193    -0.747039    -0.926248    -0.589714     -0.12932     0.131756    -0.863622    -0.130303    -0.732598    -0.473145    0.0407713    -0.553388   -0.0569075     -1.00534    0.0507073     0.119819    -0.368141    -0.311713    -0.946044    -0.681248     -0.49447    -0.315353     -0.76837     0.951982    -0.323964    -0.348183     0.266441     0.806402    -0.614237     0.186704     0.176706   -0.0923274    -0.776844     0.834757    -0.770802    -0.713063    -0.584148     0.850048    -0.862105    -0.444811     0.836965     0.186909    -0.993073    -0.602701     0.910042     0.873244     0.836152   -0.0287751    -0.386734     0.508293     0.377503    -0.306065    -0.766003     -1.00513    -0.284672   -0.0180496    -0.325536     0.140288    -0.764732    -0.285743   -0.0149759    -0.214784     0.315971   -0.0189691     -0.31396    -0.746162    -0.438001    -0.472192     0.212235     0.968521   -0.0875589     0.411492     0.513457    -0.117728     0.411906     0.876825      0.80638     0.128897    0.0419331    -0.436661    -0.906857   -0.0523762    -0.561044    -0.994476     0.412038     -0.91625     0.656443    -0.624958     0.795347    -0.431587     -0.21762    -0.592878      0.86858    -0.513864     0.258132     0.841556    -0.275121    -0.821802    -0.525168     0.420736    0.0121221    -0.344717   -0.0150103
   -0.175217     0.393274     0.977211     0.371493     0.418388    -0.705399    -0.307325     0.513522    0.0582464     0.169681     0.602821    -0.054369    -0.896273   -0.0689697    -0.188373     0.788812    -0.850752     0.781022     0.900936    -0.512096     0.895384     0.244312     -0.35387     0.313467   -0.0625422     0.193257    -0.408669    -0.897975     0.824832     -0.84234     0.480004     0.607512    -0.258441    -0.982137    -0.306327    -0.280165    -0.954889    -0.728383    -0.815248     0.113936     0.455458     0.398001  -0.00511706    -0.829314    -0.540042      -0.5721     0.929402     0.379211    -0.271824     0.215427      0.78887    0.0646099   -0.0429987    -0.876994     0.527866    -0.922099    -0.147717   -0.0590186    -0.633302     0.442055    -0.171218    -0.396205     0.936748      -0.4823    -0.991978    -0.530231    -0.103779    -0.490561     -0.55833    -0.911639   -0.0454472     0.573808     0.582706    -0.553837    -0.227364    -0.373406   -0.0765607    -0.529584      0.12733    -0.227408     0.464612     0.709458    -0.585126     0.346073     0.417171    -0.127407     0.835367  -0.00822123    -0.373455     0.101344    -0.799855    -0.290124     0.128049     0.221365   -0.0587786    -0.525241     -0.97237    0.0216114     0.515269     0.456762      1.05213     0.553532     0.532893    -0.875948     -0.60938    -0.301384    -0.329159   -0.0779822     0.744731    -0.818552    -0.920363    -0.254736     -1.04544     -0.71816    0.0880375    -0.799767    -0.418859    -0.255584     0.689166    -0.972546     0.493587    -0.390812     0.106371     0.871806    0.0491118    -0.305654    -0.739373     0.257708     0.112864   -0.0641303    -0.472332     0.304404   -0.0147975      0.46818    0.0348783     0.246094     0.733802     0.625892      0.71996   -0.0300443    -0.327041    0.0915984    -0.509681    -0.540612     0.123351    -0.698993      0.88438    -0.390707     0.988292   -0.0297591    -0.914043     0.353752     0.468357    -0.130035     0.501132     0.934542     0.241078    -0.255153    -0.769779     0.523143    -0.715134     -0.22279     0.430412     0.658177    -0.823033     0.691977    -0.807486     0.886029     0.557849     0.731202    -0.178182    -0.446031     0.556765     0.549495     0.785707     0.520311     0.862606     0.158068     0.537843     -0.19955    -0.998368     0.323395    -0.987469     0.368856    -0.454167     -0.60334    -0.575909    -0.364961    -0.801423    -0.535003    -0.239337   -0.0961869     -1.06858     -0.48886     0.907373   -0.0568893     -1.06855   -0.0362495    -0.785771      0.27478    -0.662777     0.791217    -0.619959      0.29165    -0.829709    0.0555262     0.927077     0.293803      0.01243     0.866341     0.741569    -0.120245    -0.854605     0.391421    -0.439418     0.577704     0.660932     0.314295    -0.923379     0.308566     0.947813     0.676632     0.636132      0.58156     0.925318   -0.0947568     0.296343     0.905628     0.593137     0.306183  -0.00149682    -0.809006    -0.491829    -0.114719    -0.125201    -0.170488     0.515899    -0.280644    -0.327252    -0.731144    -0.880541    -0.962382     0.883361     -0.17291    -0.240502     0.507934     0.982626     0.549448     0.877594     0.582296    -0.804385    -0.864966    -0.415505     0.373582    -0.865788     0.631573
     0.72861     0.413022     0.859884     0.791161     0.272789     0.342402    0.0371414   -0.0319409     0.513717     0.339604    -0.344233    0.0566565     0.504895   0.00752994     0.201467    -0.619637     0.826609     0.186133     -0.62349     0.548294    -0.460213     0.147295   -0.0975405      0.77894     0.879034    -0.403511    -0.241758     -0.68936    -0.934045    -0.630229     0.868141     0.453072    -0.380527      0.54908    -0.947684      0.66813     0.662712    0.0177449     0.525874     0.846918     0.582653   -0.0967659     0.325782    -0.518817     0.648435    -0.572369    0.0303513    -0.263643     0.471821     0.912131    0.0732802     0.545302   0.00597569     0.492961   0.00125237     0.660342     -0.60373     0.353461      0.64688    -0.440935    -0.260668      0.88257     0.190218    0.0648597    -0.967059      0.52829     0.129302     0.594747     0.596448    -0.481399     -0.56899    -0.770539     0.118878    -0.513224    0.0125864     0.759463     0.844858    -0.324504    -0.129693    -0.968528     -0.36214    -0.957605      0.32138    -0.983956    -0.894888    0.0719231    -0.928919     0.168819    -0.456313    -0.138089   -0.0852508    -0.534639    -0.957409     0.827398     0.376885     0.348667     0.239392    -0.365024     -0.66754    -0.289994    -0.981047    -0.800781    -0.776868    -0.313176    -0.116154     0.942141    -0.941009    -0.208947   -0.0984753    -0.291264      1.05167     0.867949      0.83192     0.749488      0.87339     0.264249    -0.150354    -0.303783    -0.597639    -0.820253    -0.627479     0.914379     0.388862     0.556879    -0.401126     0.556848     0.724515    -0.421506    -0.852348    -0.389706     0.588075     0.985049     -0.72648    -0.885391     0.576717     0.558057      1.03355    -0.135032      0.78008   -0.0394011    -0.273775    -0.318998     0.731384    -0.364892    0.0962736      0.90584    -0.167706     0.407728    -0.870312     0.243862     0.407948   -0.0530713    -0.738961    -0.801391    -0.140866    -0.135807     -0.98266    -0.340432    -0.491135    -0.422081    -0.121345    -0.500951     -0.50462     0.390211    -0.490032   -0.0486641     0.382523    0.0340136   -0.0317161     0.320196     0.397671     0.775011    -0.493448     0.365076    -0.412549    -0.701298    -0.787804     0.238443    -0.606501     0.784246     0.348172      1.02448      0.61992    -0.113463    -0.290991      1.06461     0.252597     0.426476    -0.909705     -0.18901    -0.877637    -0.210404    -0.542212      0.35553     0.247149     -0.20024    -0.381786    -0.831081     0.861463    -0.475243     -0.87879    -0.980873    0.0424868     0.242019    0.0854279    0.0400443     0.541727     0.276353    -0.582534     -0.02357     0.567429     0.632602     0.861163   0.00896025     0.365936     0.945503    -0.538053    0.0537454    -0.638062      0.90317     0.987812     0.354922    -0.829759    -0.492497     0.522104    0.0832721    -0.117414    -0.779779     0.247761    -0.382677     0.851103     0.593755    -0.119985    -0.909098    -0.584722    -0.168073     0.714445     0.931712     -0.34932     0.998617    -0.724444   -0.0329857     0.354013    -0.340685    -0.967748   -0.0334736     0.272847    -0.783016    -0.749228     0.693435     0.599901    -0.218878    -0.822076    -0.384769    -0.363969     0.197697
  -0.0383082    -0.448579    -0.859027     0.398289    -0.174658     0.697909    -0.659247    -0.134485     0.555633     0.528019   -0.0696744    -0.575865    -0.667688    -0.187837      0.33066     0.954692    -0.117277    -0.279053     0.576858     0.142643    -0.731162     0.348894    -0.206191     0.893463    -0.613127    -0.515904    -0.904211     0.193799     0.653223  0.000815919   -0.0859636     0.134987    -0.297439    0.0321151    -0.595519  -0.00590496    -0.546422     0.505594     -0.42091     0.420095     0.886628    -0.982613      -0.4916     0.625833     0.326742    -0.480179      -0.9319    -0.619924     0.346118     0.760154    -0.935324     0.156045   -0.0680484     -0.33869   -0.0528494    -0.138681     0.664196     0.730935     0.597977     0.833044     0.318406   -0.0915982     0.199846     0.246294    0.0226461    -0.333293    -0.784256     0.398215     0.635394     0.652457     0.813649    -0.878606    -0.758162     0.781172      0.02429    -0.479282    -0.560288    -0.110504    -0.983981      0.40575      0.42533    0.0737844     0.905976    -0.405903     0.933888     0.639494    0.0840771     0.527857     0.373031    0.0791455     -1.00003     0.735239    -0.823993     0.143632    -0.413858    0.0527207    -0.027286   0.00115155     0.340483     0.333856    -0.101079    -0.974696    -0.335016   -0.0257429    -0.485295    -0.935967     0.674689      0.30741     0.387516    -0.266964    -0.508343    0.0783914     0.250252     0.150948    -0.940055    -0.688134     -0.83462     0.713748    -0.983768  -0.00673859     0.509684     0.597611     0.415088      -0.4777     0.375634    -0.282674    -0.179119    -0.375684    -0.339307    -0.531939   -0.0594455     0.907347     0.990134     0.133764    -0.107963    -0.353594    -0.737587     0.247821     -1.01033     0.585508      1.00567     -0.14911    -0.911039    -0.377198     0.510905     -0.76711    -0.996941    -0.605913     0.430085     0.564302    -0.218351     -0.22143    0.0174888     0.751509     0.399026     0.452302     0.332544    -0.513993     0.121329    -0.347815     0.669063     0.280247     -0.88797     0.804606     0.645509    -0.218961     0.152064     0.772341     0.541861    -0.940572    -0.982567     -0.72845   -0.0310066     0.557525    -0.640357     0.742428   -0.0391148      0.45032    -0.439293    -0.639803      0.35966    -0.639768   -0.0468344     0.597375      0.36477    -0.144728    -0.798376    -0.181184    -0.588693     0.368781      0.87363     0.627731    -0.916543     0.886872    -0.032555     0.158371    -0.605503     0.272363    -0.518304    -0.983151      0.47409     0.531218    -0.896061     0.246275    -0.844409     0.257186   -0.0498206    -0.707293    -0.116386    0.0509564    -0.931403     0.328378    -0.900511     0.597325    -0.814268     0.601223    -0.457274     -0.97857    -0.911552     0.343727    -0.497849    -0.387053      0.76598     0.245274     0.488747     0.757503     -0.41034     -0.56174     0.729196    -0.902997     0.965669     0.255933     0.063597     0.652647     0.291688     0.182304    -0.327502     -0.81772    -0.473483     0.078713    -0.740374    0.0359291    -0.956658     0.235031     0.684541     0.553448     0.907059    -0.936752    -0.346119     0.813146     0.900894    -0.891388    -0.462229    -0.403593    -0.571685  -0.00722078
    0.722783     0.650408     0.049578     0.819687    -0.476701     0.377766     0.708454   -0.0684124     0.653431     0.269085    -0.448591      0.80354      -0.2176    -0.224413    -0.546461   -0.0924385    -0.553819    -0.318995     0.128235     0.607924     0.108002     0.407183    -0.676878    -0.937067     0.585142     0.467562     0.395965    -0.593635    -0.809603    -0.639884    -0.257784     0.638918     0.111758      0.92358    -0.281002     0.602334     0.874481    -0.827767     0.173934    -0.480172     0.787347     0.921229    -0.752652      0.47745    -0.351033    -0.382894     -0.40137   0.00354239     0.324683     0.613278     0.919959    0.0201068     0.557559     0.315373     0.170255    -0.892643    -0.778905     0.917564    -0.439015     0.684135    -0.584685    -0.478358     0.810065    0.0503135   0.00789422      0.81308    0.0281884     0.906648    -0.298722     0.516735   -0.0277524    -0.793438    -0.702734   -0.0694228    -0.584327    0.0145823      0.86675    -0.674694    -0.589314     -0.89863    -0.548682     0.318067    -0.648346     0.556797     0.526246     0.322867     0.608277    0.0198226   -0.0368537     0.919606    -0.469113      0.19572     0.257908     0.938912    -0.215581    -0.471394     0.518419    -0.450482     0.981637    -0.738144     0.454048     0.352063    -0.306263     -0.48613    -0.462747     0.425185     0.546766     0.937374     0.422911    -0.892434   -0.0739806     0.607469    -0.714195     0.872714    -0.703463     0.152277    -0.976289     0.452509    -0.810992    -0.340048   -0.0316178    -0.648211    -0.605526    -0.259965     0.547989     0.158062    -0.832283     0.164637     0.659185      0.73739    -0.832419    -0.221904    -0.221833     0.151051    -0.713582     0.327011     0.216785     0.726377    -0.593153    -0.328453    -0.826502     0.282051    -0.731867   -0.0735547     0.891766     -0.95663    -0.302767     0.171236     0.989548     0.410476    -0.787804    -0.829913     0.145711     0.943741    -0.152269     0.153542     0.029268     0.186419    -0.941937     0.801048     0.577991     0.953811    -0.334129   -0.0586274     0.270144    -0.725157   -0.0134413      0.35678    0.0236101     0.274455    -0.834915   -0.0540893    -0.222605     0.849331    0.0736048     0.612079     0.910628     0.331987    -0.112633      0.15694     0.763018     0.751654    -0.820663    -0.310986    -0.210036     0.281254    -0.640993     0.837357    -0.337475     0.532214    -0.543603     0.184279    -0.310424     0.164287    -0.613422    -0.463698    -0.547482    -0.900119     0.628696    0.0447437    -0.677802    -0.806235    -0.941307     0.910316    -0.582365     0.829588    -0.330704     0.349846   -0.0480107     0.762255    -0.493375    -0.208742     0.886737     -0.72019     -1.03349    -0.460762    -0.718415    -0.122968    -0.250412     0.243561     0.234858     0.673213    -0.135385    -0.706202     0.633186    -0.394529    -0.522593     0.686723      -0.5787     0.406367    -0.544918     0.434998     0.793251     0.263786     0.469757     0.345808     0.538374      0.97147     0.881611    -0.690041     0.192377    -0.262432      0.51824     0.704196     0.555092    -0.961152   0.00973531     0.844523     0.967076     -0.56025    -0.405366       0.8714    -0.318103     0.869909      0.19619     0.808687
  -0.0182189     0.218529    -0.542297    -0.443837    -0.744832      0.39535     0.708533     0.903106     0.684254    -0.320089     0.249335    -0.426346    -0.687955   -0.0230891      0.70723     0.617023    -0.992176    -0.804809     0.302192     0.760148     0.958461     0.142685   -0.0521976     0.891187    -0.543987      0.99718    -0.647995      0.34592    -0.244286      0.85448     0.314121   -0.0124827    -0.283437    -0.702536    0.0669393     0.174193     0.644273     -0.23794      0.70003    -0.537067    -0.878523    0.0329287     -0.57647   0.00521847    -0.901949     0.292077     0.599923     0.233493     0.397216    -0.468905    -0.345194   -0.0760516     0.927551    -0.301618    -0.120961     0.581391      -0.8902     0.224507   -0.0936721     0.136776      0.23703     0.123473    -0.216751    0.0661829    -0.661088     0.182901     0.414854     0.613139    -0.748878     0.474398    0.0388265    -0.697729    0.0994302     0.363358     0.958461    -0.334064    -0.867462    -0.730498     0.950192     0.143605     0.239512    -0.493154     0.420592     0.884156    -0.983839    -0.455211    -0.450338    -0.787541    -0.971385     0.562573    0.0945986    -0.346528    -0.683943    -0.389751    -0.888112    -0.645311     0.957934     0.818415    0.0532613    -0.405596   -0.0461137    -0.571466     0.297934     0.876255    -0.598594     0.646544    -0.961201     0.384124      0.27685     -0.35757      0.23748     0.744728     0.815185    -0.557088     0.863395      0.78976    -0.478333    -0.891906    -0.593707    -0.350813     0.397657     0.134187    -0.218538    -0.066524     0.288319     0.547359    -0.641726    0.0557917     -0.38625    -0.952897    -0.176282     0.681782    -0.516206    -0.233247     0.992718    -0.977038    -0.534235     0.480427     0.181622    0.0739239    -0.992264     0.611389    -0.138041     0.123459    -0.365901     -0.14058     0.815777    -0.750743      0.69552    -0.916954    -0.697833    -0.228828     0.661033     0.904774     0.366137    -0.306692    0.0596545     0.045692     -0.63632     0.829248     0.352567     0.384955     0.754057      0.50655     0.050393    -0.837034     0.984925     -0.70622    -0.430302    -0.678701    -0.484768    -0.955399     0.057117    -0.461855     0.699436    -0.975288     -0.41046    -0.325219    -0.703014      0.66361    -0.507109    -0.891125    -0.671393     -0.21787     0.514062     0.211849     0.373022    -0.508021     -0.52116    -0.847927     0.417875    0.0411003   -0.0703461    -0.863308    -0.958062    -0.270906     0.179742    -0.238941     0.668799    0.0694178    -0.527623    -0.152772    -0.627006    0.0239756    -0.840087    -0.858796     -0.71127     -0.16088     0.372954     0.338139   -0.0776394    -0.803659      0.24983   -0.0101893    -0.860006    -0.838156     0.747787    -0.893215    -0.436804     0.588825      0.26841     0.333344     -0.97695     0.972761    -0.100419    -0.517799     0.173391     0.804318     0.521911    -0.155878     0.956613      0.44348   -0.0494076    0.0425989     0.206069    -0.251801     0.783529    -0.301229    -0.903556    -0.869063    0.0387979     0.260276     -0.25346     0.743285     0.140064    -0.417991     0.227345     0.590763    -0.244473    -0.674284     0.609698    -0.557653    -0.670476     -0.71473     0.980898     -0.14422
   -0.408439    -0.958882    -0.142797     0.627818    -0.481365     -0.51487    -0.757233    -0.555057     0.853884     0.466659    -0.707926     0.155849    -0.941124    -0.752475    -0.218935      0.73069    -0.149085     0.134341     0.699414     0.840781      0.67283    -0.852642     0.667954     0.410192    -0.862193     0.685008     0.311504     0.394713    -0.620982     0.196133    0.0669341     0.441881     0.982519     0.182097    -0.943615     0.815003     0.368661    -0.186129    -0.671774       0.3829    -0.778872    -0.539538     0.928277    0.0637495     0.145585    0.0754142     0.518869     0.434253    -0.804352     0.476753    -0.704155    0.0935429     0.254588     0.218771     0.276061     0.924799    -0.659294      0.85132     0.353639     0.181348    -0.816317    -0.811627    -0.553749    -0.855338     -1.02856     0.453212     0.305102     0.548939    -0.571249     0.667732     0.520396    -0.492799   -0.0738897     0.900701     0.734041     0.547251     -1.01243     0.221802     0.933709      0.76027    0.0782521    -0.525027    0.0649563     0.274696   -0.0255591    -0.988366     0.767293    -0.842933    0.0312825     0.467234    -0.245185     0.568638    -0.948284     0.258752     0.222424    -0.409989      0.71254    -0.560764      0.18073    -0.436836     0.698602     -0.48291     0.127905     0.858937    -0.826298     0.537626    0.0306418     0.557148     0.830635    -0.229592    -0.639093    -0.726147     0.408199     -0.24856      -1.0289     0.547481    0.0624349     0.474075     0.860862    -0.682681    -0.776097     0.735763     0.145922     0.746468    -0.911962     0.272653     0.403061    -0.926921    -0.446117     -0.47582    -0.209571    -0.276976    0.0575846    -0.947632    -0.168592     0.644904    -0.709199  -0.00783269     0.257474     0.620333    -0.864714     0.977943     0.946309     0.471999     0.897684     0.283681    -0.551375    -0.217137    -0.793073    -0.843418     0.757511    -0.392269    -0.362973    -0.218437    -0.762788    -0.603632     0.792402   -0.0310537    0.0317206    -0.263014     0.170397      0.39336    -0.308236    -0.362819    -0.574612    -0.758675    -0.936061     0.878296    -0.930552  -0.00328274    -0.616359   -0.0145092    -0.373023     0.651213     0.387007     0.277575    -0.968442    -0.142845     -0.53365     0.854075    -0.494953     0.485295     0.319612      0.65827    -0.846315   -0.0904749     0.323987     0.349431    -0.388326    -0.435948    -0.512792     -1.03477    -0.993182     -0.35625    -0.439236     0.729683      0.52005    -0.249289    0.0932097    -0.921037     0.464393     -1.00607    -0.921603     -0.73399     0.783704     -0.88575    -0.734363     0.440582    -0.015923    -0.235567     0.103001    -0.414487    -0.569872    -0.936743     0.433434    -0.738149   -0.0449136     0.212418     0.716197   -0.0187741     0.283851     0.352253    -0.552623    -0.357536    -0.555309   -0.0114438     0.335853    -0.610513    -0.554778    -0.750993     0.183367    -0.863637      0.47335     0.885985     0.587099    -0.104737    -0.799632     0.626525    -0.141387     0.796409    -0.382651     0.397238    0.0551641     0.924776    -0.502541   -0.0135678    -0.176796    -0.962093    -0.184616    -0.871509    -0.248807    -0.370725     0.612132    -0.019471     -1.00185    -0.708489
    0.619592    -0.790798     0.833579    -0.518605    -0.533198    -0.262815     0.267418    -0.665487     -0.96204     0.244356     0.711936    -0.682645     0.681669     0.879022      1.03153    -0.385534    -0.605789    -0.301213      0.56791     0.111521    -0.405812     -0.34421     0.845189     0.436056   -0.0629484  -0.00335074     -0.32635    -0.617314    -0.126211   -0.0125706    0.0953349      1.01305     0.886969     0.136126    -0.847773    -0.399941    -0.862462    -0.715552    -0.786644    -0.579276   -0.0589621     0.747597     0.390191    -0.346296    -0.168531   -0.0201951   -0.0238206    -0.779881    0.0813389     0.475382   -0.0867447    -0.302325     0.625225     0.733194    -0.867589    0.0768164   -0.0302866    -0.868618    0.0973798    -0.542604    -0.567444    0.0798354     0.106786    -0.163716    -0.251617     0.766786     0.262277    0.0908411     0.122647    -0.233153     0.886232     0.624182     0.611124     0.601838      0.50851    0.0265551    -0.364016     0.662027       0.2628     0.537652     -0.65729   -0.0976302    -0.513083   0.00370616      -0.8833     0.460992    -0.466396    -0.872365    0.0358239     0.263123    -0.621219     0.685296     0.429634      0.37219    -0.840941     0.671206     0.898802     -0.83655    -0.886009    -0.222702    -0.513766     0.351168    -0.561208     0.426523      0.74059    -0.350939      -0.4353     0.201182     0.930267    -0.215369    -0.768965     0.751877    -0.401463    -0.493499     0.369686    -0.717515    -0.209868     0.520351     0.296925    -0.432274    0.0725333    -0.844704    -0.471729    0.0203961    -0.401579    -0.157124    0.0994457    -0.359591   -0.0159241     0.681929    -0.558798    -0.266208     0.689925     0.526052    -0.341792      0.88561    -0.881536    -0.315164    -0.273579     0.448285     0.386357    -0.334187     0.747712    -0.112063    -0.571113    -0.346501    -0.890836    -0.053842     0.529037     0.431154    -0.241201     0.965358      0.61215     0.451481    0.0057353    0.0417634    -0.223815    0.0225745    -0.302305    -0.878961     0.615017     0.917208    -0.482799    -0.547575    -0.607362    -0.304461     0.933887    -0.387591     0.100938   -0.0727512     0.917512    -0.579807   -0.0452862    0.0181216    -0.511954     0.560414     0.935383    -0.781154    -0.952132      0.41315     0.274268    -0.612641     0.883137   0.00579655    0.0318992     0.905729     0.557279    -0.896275   -0.0054572     0.345419    -0.887154     0.877844    -0.721228    -0.806344     0.476954    -0.665921     0.765405    -0.333915    -0.842448    -0.715015     0.959182    -0.257067    -0.509729     0.457883    -0.622317    -0.118936    -0.628727     0.142014  -0.00411725     -0.89308     0.883907     0.844032    0.0160967     -0.63508    -0.121377     -1.00642     0.138892   -0.0151637    -0.182161     0.442064     0.434435    -0.663245    -0.653799      0.60032     0.755019     0.263636        0.991   -0.0862734    -0.305647     0.108614     0.901731     0.509175    -0.175841    -0.985683     0.522474    -0.223534    -0.886502    -0.531228    -0.272569      0.55711      0.37482    -0.133919     0.492573   -0.0643019     -1.00102    -0.555654        1.014     0.836176     0.111067   -0.0333288    -0.229983     0.688467     0.965772     0.721962     0.738873   -0.0186436
       1.019    -0.638867    -0.101405     0.311433     -1.06758     0.909643    -0.760171    -0.028925    -0.818832      0.54814    0.0228811   -0.0407399     0.756182     0.361523    -0.634929   -0.0277547     -0.76022    -0.333743     0.050086     0.326793    -0.622986     0.610351     0.364771    -0.156168     0.535513     0.540097     0.217475     0.243193    -0.291655     0.877523     0.601377    -0.668805    0.0896773     -0.48648    0.0642492    -0.294758    -0.924473     0.927124    -0.964573    -0.208982    -0.276925      0.16942     0.956109     -0.64876   -0.0326891     0.696477   -0.0500774     -0.77485    -0.747167    -0.729711     0.791277     0.372436    0.0245135    -0.573594    -0.732282    0.0852912     0.532864    -0.632777     0.325317     0.239019     0.354024    -0.985271     0.861818     -0.93369    -0.733918   -0.0126354     0.952631    -0.451593    -0.795838    -0.222802    -0.748808     0.989327     0.333109     0.129649     0.777882    -0.944376     0.937112     -0.18126    -0.685859    -0.922856    -0.259261     0.416976    -0.877745     0.526696     0.210567     0.238202      0.10661     0.501419     0.544338     0.560138    -0.489465    -0.682813    -0.295738      0.78234     0.588971    0.0225958     0.539655     0.110384    -0.576825    -0.153133    -0.832217      1.02336     -0.77378    0.0405534    -0.816065    -0.816391     0.334719    -0.331661     0.189948     0.659489     0.579402   -0.0416598    -0.487167    -0.257521     0.122346      0.50168     0.362217     0.223748    -0.220564    -0.917543    -0.141365    -0.923359      0.68795    -0.840555     -0.50662    0.0124146     0.923888     0.892836    -0.655174     0.363305     0.245081    -0.537802    -0.565148     0.155995    -0.360535    -0.394337    -0.221389    -0.831311    -0.871692    -0.690693     0.650437    0.0445869       1.0031     0.928941     0.347934     0.206837    -0.712501      1.05197    -0.686215    0.0557195     -0.34941    -0.204173     0.444719    0.0529406     0.849376     0.854668    -0.310573    -0.405129     -1.06721    -0.809701    -0.740915    -0.240969    -0.736733    -0.562237    0.0751012     0.210069     0.457866    0.0391017    -0.613281     0.801751    -0.244209    -0.344484   -0.0972365     0.636238     0.834679      0.19335     0.962931     0.330148    -0.421289     0.138594     0.766978    -0.694036     0.930132    -0.349028     0.120703    -0.215138    -0.692525    -0.912412    -0.394124    -0.680098    -0.355594  -0.00139186     -0.81486     0.136581     0.668976    -0.917145    -0.833988     0.778408    -0.222512    -0.358692    0.0670022     0.657814     0.612741    -0.780872    -0.238375     0.988394    -0.959778     -1.02801     0.482043     0.814454     0.712109     0.810593     0.871464    -0.336858     0.848302    -0.182513    -0.816009     0.248837    -0.429488    -0.666677    -0.732084     0.302406     0.869067    0.0333697    0.0408379     0.329544      0.47333    -0.620951     0.230133     0.345091     -0.19391     0.133148     -0.90015    -0.454836    -0.211618     0.747445    -0.555581    -0.778715     0.511824    -0.329033    -0.411265    -0.146756    -0.380644    -0.409997    -0.719628     0.708297     0.396945     0.706853     0.842123     -0.70539     0.237533     0.974723     0.722326    -0.856843     0.982597      1.21815
    0.490119    -0.795192     0.750572    -0.738611    -0.406274     0.982482    -0.143952     0.478337    -0.498068    -0.901843    -0.590715    -0.746765      0.45902    -0.819335    0.0536993    -0.488312    -0.753861     0.703251     -0.71261     0.635118    -0.665805    -0.599379    -0.312028     0.869945     0.962167     0.251648    -0.454294     0.705491    -0.870366     0.983264     0.757824    -0.951961    -0.646017     0.121181    -0.930451     0.355264     0.786977    -0.828595     -0.12883     0.308762      1.02069    -0.365871    -0.681421     0.941539    0.0369385    -0.423882    -0.178452    -0.274998    0.0251451     0.627411    -0.936659    -0.415906     0.201809     0.254691    -0.949205    -0.859511     0.125869     0.367526   -0.0346731    -0.647852     0.387368    -0.402796   -0.0881745    -0.268574   -0.0878346     0.143593     0.567262    -0.112963    -0.345188    -0.406633    -0.800741     0.722264    -0.621125    -0.902763    -0.742902     0.245153     0.211376     0.182113    -0.164995    -0.465267     0.470025    -0.326059    -0.167125  -0.00551697    -0.317554     0.747927    -0.474916    -0.515541    -0.440302    -0.185916     0.434897    -0.538182    -0.322883    -0.846034     0.106677     0.702828     0.472922    -0.316797    -0.635717   -0.0857797     0.724751     0.188536    -0.340681  -0.00464832     0.203372   -0.0338958      -0.9101     0.269955     0.902043    -0.803752    -0.416512   -0.0424267     0.209874    -0.349438     0.558521     0.223554    -0.022968     0.315142     0.862273      0.47864     0.160306     0.776157    -0.959322    -0.312347     0.999444    -0.031017    -0.613056    -0.111557     0.730314    0.0327977    -0.152255    -0.853385      0.73573     0.831109     0.632454     0.310539   -0.0900327    0.0271973     0.112358     0.169344    -0.686401    -0.470974      0.23059     0.245256     0.661819     -0.55895     0.358168   -0.0442145     0.323956    -0.923486    0.0521928     0.263383    -0.806528    -0.908766    -0.648302      0.57189     0.601678     0.634597    -0.616028    -0.286969    -0.597584      1.00996    -0.852621     0.271235     0.375499    -0.728715     0.797767    -0.416576     0.801463     0.195667    -0.719122    -0.795376    0.0222373    -0.577844    -0.418765    -0.405304   -0.0672316    -0.460799     0.475928    -0.675747    -0.663463     0.370279     0.241728     0.356724    -0.127931     0.154325    -0.640282    0.0774453     0.780851    -0.790984     0.293259    -0.450198     0.119469      0.82415     0.883726    -0.410793    -0.262154    -0.664031    -0.633324     0.075348      0.94208     0.248912     0.648643     0.297819    -0.209166    -0.880023    0.0243158    -0.250138     -0.53363     -0.75701     0.778777     0.284382     0.637255    -0.595218     0.639272      0.27077    -0.270645     0.166651    -0.982053    0.0731886     -0.75929    -0.674427     0.664262    -0.227086    -0.873386     0.389233    -0.380177    -0.359044     -0.70593     0.187688    -0.877412    -0.449295     0.558005     0.492587     0.352149     0.679357    0.0720386    -0.503798     0.456648    -0.101199     0.812675     0.785592    -0.012397    -0.943096    -0.860466     0.970529     0.295116     0.565923    -0.901861      0.54907     -0.84573    -0.418125      0.70238     0.744469    -0.353453    -0.123354
    0.666316     0.882761     0.616722     0.403677    -0.936654    -0.321354      0.43421     0.149969    0.0997749     0.768929     0.517384    -0.105644    -0.417019    -0.826825     0.290612    -0.116308    -0.455194     0.843356    -0.924901     0.608567      0.24736    -0.649204     0.633707     0.494874     0.994717    -0.920188     0.292173     0.296825     0.574248    -0.478636      1.00658    0.0403296    -0.573851    -0.236893    0.0793254     -1.00893    -0.647899    -0.587663  -0.00747591    -0.703616    -0.410857     0.886525     0.429456    -0.452538    -0.848134    -0.735042    -0.791419     0.180267     0.621587     0.477037    -0.203003     0.550675    -0.122055     0.133006     0.616272    -0.959097     0.824476      0.20004     0.974164     0.853476     0.263719     0.915136    -0.601973     0.300608    -0.732013     0.872653    -0.985697   0.00737749      0.49283     0.704956    -0.310818    -0.883824     -1.01838     0.611961    -0.519869     0.279761    -0.269013   -0.0776705      0.91678   -0.0258102    -0.854116      0.33764     0.582909    0.0324588    -0.738348    -0.416507    -0.107432    -0.147341     0.769677     0.548323    -0.100631    -0.232104     0.881068     0.854516    -0.744803     0.627209      0.23591    -0.383409     0.043485    -0.773422    -0.170687     0.774638     0.136841     -0.45094     0.611331   -0.0760718    -0.246059    -0.973138    -0.294063     0.292716    -0.473816     0.668638     0.741035   -0.0426324    -0.383969      0.16191    -0.788262     0.687301    -0.347038     0.340618    -0.558944     0.428366     0.602506     -0.83109     0.703303     -0.16627     0.765836     0.599111      -0.8058   -0.0796728    -0.691371    -0.579587     0.603576     0.369706    -0.408433    -0.885861     0.862749     0.799498     -0.29099    -0.392788    -0.349336     0.677776    -0.894241    -0.982245     0.728649    -0.743803    -0.617855     0.879312     0.582961     0.501581     -0.10903    -0.436726     0.731878     0.131951    -0.634066     0.929539     0.532881     0.650233     0.556351     0.779591   -0.0439773     0.644914    -0.474219    -0.504863     0.879917     0.800449     0.252873     0.569033     0.133402    -0.787974    0.0196174      0.92719      0.90627     0.179663     0.605845     0.436496     0.284987     0.742216     0.284985     -0.86426    -0.984667    0.0611878    -0.405252    -0.889372    -0.253005    -0.947333     0.665085     -0.50675     0.228406     0.136058     0.043162    -0.756748     0.986576     0.891535    -0.741888     -0.63802    -0.362481     0.844358     0.298287    0.0910104    -0.461572     0.459953    -0.835455     0.756727    -0.212614    -0.106485     0.904267    -0.382062    -0.142093     0.310248    -0.667405     0.923268     0.671201     0.485482    -0.933604      0.57964     0.190725     0.659929    -0.790311   -0.0814809     0.460188     0.530261     -0.83524    0.0414555     0.800436     -0.99287     0.198019    -0.317247     0.989346     0.266577    -0.731503    -0.326485     0.669176    -0.389788     0.257163    -0.324715    -0.106003     0.860188     0.845796    -0.436485     0.599897    -0.397705     0.583683    -0.720488     0.206065    -0.574518    -0.849802     0.613469    0.0617019     0.163431     0.824702     0.554431       0.4062     0.311423     0.223386     0.361963
   -0.753675     0.980907    -0.731709    -0.264086      1.00569    0.0107585    -0.717062      0.81733    -0.385807     0.935396   -0.0561013    -0.630702     0.518954     -0.24722      0.99814     0.364141     0.179811     0.387158   -0.0617321     -0.49421    -0.901289    -0.838151     0.022612    -0.128749    -0.313908     0.457857   -0.0490285     0.301808     0.135552     0.769081     0.415399    -0.212915    -0.942685   -0.0554954     0.226781     0.861194    -0.963377     0.983764     0.853701      0.14803    -0.519461     0.835063     0.911947    -0.622203    -0.864001      0.34868     0.785097    0.0869039     -0.92922    0.0287649    -0.966214      0.74977    -0.799114    -0.420509    -0.848623     0.390069    -0.871347    -0.184927     0.701319    -0.343743   -0.0168148     0.456148     0.990951     0.669266    -0.668858    -0.730286    0.0827753    -0.367417    -0.773926     0.557014      0.22935     0.539757    -0.991533     -0.44167     0.242147     0.125201    -0.919476    -0.768999    -0.555764     0.154353     0.889435    -0.526978    -0.873989     0.207038    -0.353825    -0.453231     0.237727     0.645244       0.9348    -0.995995     0.131397     0.251431    0.0251521    -0.981305    -0.834639    -0.360853     0.904939     0.538667     -0.60011    -0.550109    -0.455461     0.348315     -0.89156    -0.638437    -0.829805    -0.845831    -0.672279   -0.0464402    -0.873282    0.0152563     0.153684    -0.891199    -0.768652    -0.788687   0.00573418    -0.824771     0.268284    0.0937489     0.841578    -0.429152    0.0781485     0.802476     0.483325     0.775766     0.981154     0.569678      0.99784    0.0535207     0.909204     0.305723     0.428785     -0.98952    -0.391707   -0.0777095    -0.829926    -0.340984    -0.936075    -0.012711    -0.952965     -0.82883     0.684702    -0.682444    -0.608931    -0.583271     0.361832     0.662358    -0.828034    -0.246137     0.625276     0.650289    -0.477475     0.735632    -0.532641     -0.96903   -0.0986887     0.364117     0.452619    -0.872973     0.605841    0.0131636    -0.457369    -0.339903     0.882876     0.717657    -0.234455     0.595979     0.661557    -0.400902    -0.725238    0.0670028     0.782742    -0.572736    0.0654439    -0.759815    -0.590844    -0.511874     0.847147    -0.460849     0.107635    -0.785954    -0.736498     0.939448    -0.277004     0.773605      0.20008     0.139939     0.591731      1.00467    -0.847524     0.768526    -0.692966    -0.590532     0.171634    -0.336262     0.828432    -0.395894    -0.131741     0.672432    -0.267706     0.390793     0.511058     0.385885     0.561476    -0.165236    -0.832447     0.336325     -0.24468    -0.795859     0.811541      0.52763    -0.274023    -0.269784     0.665567    -0.377013       0.9589    -0.413584     0.649701    -0.962141     0.575872      0.31033    -0.183704    -0.526938      0.21318    -0.917729      0.45724      0.34026     0.409878   -0.0223127       0.8327     0.330792    -0.138406     0.164244    -0.340096    -0.183972    -0.143876     0.296852     -0.85068    -0.342004     0.119319    -0.456173    -0.144852    0.0942979    -0.814825    -0.874449    -0.145271     0.108639     0.815452      0.85073    -0.467751    0.0539993     0.256382     0.395256    -0.398807   -0.0184991     0.580027    -0.538361
   -0.867176    -0.938268    -0.973455     -0.52691  -0.00394844    -0.885741     0.920279     0.970349     0.695414    -0.258039    -0.391852    -0.365427    -0.596414    -0.152812     0.187358     0.184948    -0.407157    -0.730867   -0.0929621    -0.528528     -0.39156    -0.659251    0.0733806    -0.467876    -0.645819     0.202302     0.244176     0.566686    0.0911907     0.860013    -0.626044     0.505472     -0.72633     -0.83813      0.26998     0.934577      0.12568     0.887337    -0.628655     0.614426     0.241895     0.703414    -0.818382    -0.858639    -0.984975    -0.668915     -0.85696    0.0128737     -0.15968     0.163137    -0.221527    0.0815862      -0.4223     -0.24791     0.956609    -0.188888    -0.948521     0.647401    -0.768125     0.545578      0.83482    -0.945965    -0.751993     0.614919    -0.346565    -0.181577   -0.0633665    -0.388861    -0.463627    -0.715943     0.618192     0.777433    -0.536023     0.648945    0.0773963    -0.726471     0.190423    -0.117083    -0.949891    0.0608604     0.739253   -0.0913451    -0.770932    -0.136227    0.0551826     0.747144     0.874921    -0.721648    -0.945261    -0.520931     0.794236    -0.112206   -0.0956025     0.436448     0.168442    -0.211012    -0.800147      0.63248   -0.0254246     0.547713     0.466649     0.427334    -0.256936    -0.123379      0.91046      0.66454    0.0284989    -0.991207    -0.510459    -0.234263     0.883844    -0.833528     0.528946    -0.782425    -0.222966   -0.0721789    -0.911458    -0.839852     0.714195     0.496372    -0.350982   -0.0964999    -0.110356     0.684732     0.943998    -0.112257     0.191631    0.0746914    -0.765803     0.563411    -0.601306     0.291994    -0.335882    -0.470434    0.0479425   -0.0752337     0.725253     0.950838   -0.0564525     0.424877    -0.968556     0.692882      -0.8396     0.208268    -0.515041     0.603917     0.829501     0.353902    -0.749628      0.11786   -0.0628073      0.74295    -0.456543    -0.651335     0.736219     0.163947   -0.0997305    -0.853393     0.775396      0.92573     0.291037    -0.214582     0.802192     0.910697    -0.732093    -0.827175    -0.625517    -0.291091    -0.377372     0.536933    -0.863528    -0.732962    -0.426271   -0.0249488     0.757256    -0.357925     0.642229     0.975357     0.422806     0.687347     0.494888     0.290554     0.916735    -0.909279    -0.917313     0.480512     -0.34061    -0.130604    -0.300217     0.291861    -0.319331    -0.860287     0.551679     0.935068     0.166309     0.523907     0.962546    -0.632487     0.354723   -0.0966408    -0.165696    -0.663212     0.876122     0.848161    -0.811295    -0.107494     0.807767    -0.600721     0.305708    -0.268313    -0.233541    -0.580285     -0.78473     0.255854     0.143921     0.289221     0.558496   -0.0129602    -0.891258    -0.658562     0.850426    -0.891904    -0.640549    -0.540313     0.328646     0.125803     0.542345     0.013333   -0.0828656    -0.846807     0.613217     -0.17925     0.644357     0.165502    -0.852586    -0.129894    -0.856045    -0.553783      0.84628    -0.768583     -0.88649    -0.503517     0.645838    -0.287391    -0.248384    -0.109431    -0.256525     0.616216    -0.556485    0.0116604    -0.616772    -0.120825     0.110917    -0.732869    -0.624906    -0.511108
   -0.682369    -0.436908     -0.67969    -0.247679      1.02336     -0.94445    -0.723144      0.18745   -0.0996942     0.688351     0.707901     0.101217    -0.380487    -0.726146    0.0793212     0.856255     -0.32911      1.05278     0.853563    -0.926558     0.238006       0.4212     0.172651     0.556223     -0.40694    -0.915555     0.204306     0.237898     0.313134    -0.751813    -0.325903     0.205264     0.851116     0.490635     0.569915     0.601121     0.969521     0.952678     0.140972    -0.635456    -0.836972     0.525297     0.426528     0.928573     0.585255    0.0858334    -0.909941      0.79417    -0.503944    -0.620116     0.125262     0.223071    -0.687028     0.531442     0.756855    -0.643191    -0.998456     0.204186    -0.791488     0.352804     0.444788     0.380773   -0.0748948     0.530073    -0.485044    -0.642967     0.126911    -0.112199    -0.522202    -0.357466    -0.484448     0.683569     0.758913     0.403236    -0.594679     0.932539     0.696674     0.301606     0.200623     0.113105    -0.334446    -0.543655    -0.912117     0.660047     0.225181     0.665638    -0.714764    -0.723124      0.48676     0.734317    -0.332457     0.303228   -0.0580697    -0.471315    -0.883004      0.33618     0.762273    -0.390772     0.846915     0.716371     -1.01705     0.480554    -0.319893    -0.636358   -0.0134079     0.416331     0.709429    -0.342115     -0.24468    -0.221277    -0.252922     0.757313     0.243773     0.274709     0.525421     0.913467     -0.31115     0.522123     -0.34111     0.555662     -0.83935     0.383985    -0.585629     0.793888     0.153789    -0.332975     0.967885     0.963211     0.660256    -0.791882      0.91603     -1.06968     0.215579    -0.233499   -0.0456522   -0.0931662    -0.880502     0.253201    -0.603342    -0.014061     0.420279     0.600249    -0.243291    -0.609491     -0.71106    -0.624592     0.496856    -0.881858    -0.278785    -0.348634     -0.35306     -0.19204    -0.242031    -0.664496     -0.32142    -0.526631   -0.0311532    0.0784262     0.755016    0.0867332    -0.270089    0.0559497    -0.923108    -0.200155    -0.592668    -0.825473    -0.255066     -0.95955     0.228062    -0.476138     0.112563     0.104881     0.694965     -0.21426     0.347687     0.678534     0.916397     -0.71649     0.952596     0.457349     -0.68712    -0.688515    -0.639099    -0.792093    0.0177879     -0.35081    -0.554353     -0.71162     0.994909    -0.112371    -0.597137     0.610929   -0.0921287    -0.606702     0.764049     0.325845    -0.538858    -0.014617     0.114683    -0.649593     -0.96036     -0.47061     0.748941    -0.460263    -0.369443    -0.246706    -0.212517      0.20638     0.124802       0.3227    -0.726129    -0.980583      -0.1395     0.492957     0.237105    -0.323838    -0.948511     0.315922    -0.899753     0.438288    -0.714894     0.984368   -0.0407237     -0.89864    -0.548835      0.24518     0.662403    -0.717799    -0.348168     0.582647     0.839853    -0.423022    -0.599752     0.972681     0.520368    -0.638711       1.0063     0.623956    -0.456901     0.754424   -0.0114782     0.229338     0.852912    0.0751488    -0.066778    0.0405571    -0.555386    -0.783071    -0.768637    0.0633033     -0.19222      1.05836   -0.0886037     0.138889    0.0412982     0.394265
    0.119675    -0.626547    -0.847396    -0.420229     0.242019     0.306526   -0.0447931    0.0360623     0.525995   -0.0677786      0.60313    -0.750574     0.351275     -0.77448     0.613548     0.366032      0.95514     0.579215     0.106135    -0.230093    -0.552651     -0.44578     0.241443    -0.780563     0.840935     0.296032    -0.469525    -0.587591    -0.425651     0.061639     0.405645     0.341495   -0.0964935    -0.555031    -0.117713    -0.400931    -0.251164    -0.126547    -0.190393     0.861338     0.121202    0.0320328    -0.173975     0.191739    -0.299583    -0.378047     -0.49038     0.690288    -0.662299    -0.178428   -0.0493964    -0.293388     0.351177    -0.630943     0.690115       0.9942     0.401721     0.357137     0.231154     -0.84402     0.903512      0.58771    -0.674132    -0.024429    -0.137614    -0.866041     0.913367     0.713666    -0.315798    -0.658478      -0.9109     0.176579    -0.408125     0.941943   -0.0945736    -0.428517    -0.398786    -0.693464     0.377224    -0.136638      0.75286    -0.830004     -0.45732     0.122543    -0.583957    0.0485579    -0.045172      0.65395     0.503233    -0.726564     0.440039    -0.113386     0.855008     0.854153     0.495515    0.0490211    -0.847553     0.810511      0.41269      0.67449    -0.490422     0.110978     0.612157     0.662215    -0.681863    -0.498246    -0.185443    -0.143782    -0.868881     0.465444     0.170992    -0.902978      0.38097    -0.835055    -0.896161    -0.352484     0.734372     0.724495     0.728504   -0.0347083    -0.545575   -0.0674948    -0.489609    -0.862476     0.724903    -0.855478    -0.174306    -0.852196    -0.317104    -0.183956    -0.220036      0.34563       0.7146    -0.450444     0.935069   -0.0818788    -0.891684     0.490692    -0.608245     0.105522     0.768773     0.978389     0.587873    -0.845292     0.360449     0.823683     0.910754     0.147346    -0.660893     0.925323    -0.516852    -0.927669    -0.372252     0.370533    0.0841103     0.404541     0.226245      0.34646    -0.100079    -0.795285    0.0637217    0.0789113     0.374927     0.609802     0.856906    -0.663574     0.853002     -0.39036     0.345839    -0.537978    -0.435318     0.409467     0.854713    -0.445037   -0.0251622     0.796195    -0.944446     0.962876     0.388999    -0.902502    0.0556171    -0.859115    0.0396595     0.422613     0.054529    -0.890672     0.382704    -0.546235     0.606155     0.615347     -0.24738      1.00016    -0.653999      0.61435    -0.533669    -0.922743     0.918638      0.96874     0.282829     0.108489     0.387748     0.137843      0.14884     0.498117     0.156563     -0.28422    -0.384106     0.445384     0.192717    -0.849667     0.635608     0.590065     0.994611   -0.0695452      0.39736     0.417263    -0.379977     0.227663   -0.0231955     0.660548    -0.549464    -0.573474    -0.869302    0.0137769     0.332458    0.0456803     0.885722     0.948135     0.960564     0.211358     0.385934    -0.398885    -0.421234     0.978285    -0.577889     0.671205     0.926386     0.286316    -0.201337     0.255955     0.509275    -0.128008    -0.312341     0.450785    -0.876641    0.0386665     0.785352    -0.641016    0.0647329    -0.290666    -0.534675     0.722786    -0.635564    -0.723174    -0.148767     0.994692
   -0.211043    -0.139256     0.665097    -0.782535     0.879914     0.737375     -0.60392    -0.261869    -0.437847    -0.107955    -0.186073    -0.439825    -0.959911    0.0244282     0.767288    -0.576201     0.535946      0.67441     0.542905    -0.690192    -0.121489     0.965919    -0.205276   -0.0549579    -0.160121    -0.174918    -0.549453     0.473091     0.173203     0.522489    -0.196484    -0.213117    -0.226433    -0.032733    -0.433819    0.0741431     0.948731    -0.104533    -0.995444    0.0580776    -0.440718     0.870775     0.346318    -0.445638  0.000134232     0.985523     0.457132    -0.818296    -0.243254     0.885836    -0.433743     0.343695     0.206621     0.257257     0.482696     0.627057    -0.421283     -0.09487    -0.838328    -0.643187    0.0980483    0.0420033     0.861398    -0.262144    -0.441397    -0.510635    -0.193342    -0.322369   -0.0531316    0.0414438     0.270943     0.171567     0.375509     0.233367    -0.553463     0.555461    -0.440521     0.917565      0.93485     0.252799    -0.272406    -0.361371     0.794373    -0.762557    -0.115741    -0.476405      0.87468     0.776194    -0.434976    -0.766032     0.608024     0.198721     0.881612    -0.282151     0.575256    0.0554981      0.15727     0.169154    -0.333585    -0.135813   -0.0613172   -0.0825645     0.625293    -0.318599    -0.978314     0.282647     0.521719      0.75864    -0.519726    -0.789279    -0.305642    -0.574159    -0.952366     -0.14525      0.46154     0.321462     0.463832     0.760102    -0.171557    0.0702099    -0.611844     0.394851     0.706023     0.242699    -0.601011     0.793663    -0.832468     0.470015    -0.733579     0.122546     0.155247     0.166366     0.341888     -0.17822    -0.819796     0.534425     0.367024    -0.492324     0.642086      0.83808    -0.584117    -0.486508    -0.377225     0.675509    -0.174648     0.982102     0.841853    -0.101006    -0.830896    -0.128108     0.292517     -1.02564     0.386168     0.603486   -0.0901296    -0.586556      1.09058     0.991925   -0.0893919     0.423179     0.476925    -0.110753     0.544148     0.939854     -1.11796     0.833657    -0.533677    -0.221495    -0.809845    -0.981284    -0.237058    -0.490797    -0.291373     0.284332     0.674036    -0.848878    -0.414369    0.0735235     0.632564     0.100293     0.302325     0.806298     0.345121    -0.115266     0.665772     0.741289    -0.220579   -0.0773506   -0.0631073     0.157802      0.02233    -0.305465    -0.497539    -0.250838     0.697811     0.550772    0.0701286    0.0151383     0.642649     0.469008     0.414218    -0.703634    -0.201546   -0.0640751     -1.06234    -0.631754      0.11134     0.864967     0.115238     0.654418      0.45367     0.341162    -0.324606    -0.352569     0.574157     0.765182    -0.354507     0.403797     0.477847     -1.02779    -0.643365     0.525763     0.506913    -0.913052     -0.54812     0.323792      -0.7448    -0.318455     0.782934   -0.0639227    -0.693833      0.19938     -0.60544      0.58247     0.941828    -0.934173    -0.162763    0.0780435    0.0550645     0.558383    -0.335592    -0.851475     0.749647     -1.02181    -0.276127    0.0369793    0.0683559    -0.955098    -0.717007     0.166497    -0.851614     -1.00711     0.582057     0.733501     0.266486    -0.185688
    0.818918   -0.0790442     0.304209    -0.710651    -0.129958     0.529171      -0.8685    -0.157524        0.179    -0.602193     0.152737     -0.76602    -0.876885       1.0329     0.926886     0.298742     0.566849    -0.205991     0.363623    -0.513366    0.0295985    -0.238736    0.0752257    -0.512524    -0.839241    -0.271147    -0.812411   0.00244629    -0.458096     0.752147    -0.763931     0.684975      0.43165     0.209435    -0.491144    -0.335633    -0.210214    -0.945188    -0.815285    -0.176024    -0.342013     -0.38805     -0.19161    -0.014382    -0.257075     0.475877     0.370647    -0.644717    -0.135998    -0.547695     0.538115    -0.229734     0.470175     0.788322     0.888604     -0.50943    -0.381778     0.532739    -0.825773    -0.820302    -0.523166     0.849476     0.531463     0.577777     0.611271     0.672206     0.472692      0.20131     0.137382    -0.125113    -0.433616    -0.737764    -0.320348    -0.440244    -0.659285    -0.460633    -0.773859     0.859002     0.373797    -0.238354     0.734043     0.617519    0.0345316     -0.67302   -0.0458144     0.601697     0.853666    -0.159007     0.614034     0.481321     0.282261    -0.604232     0.754351     0.895063     0.955056     -0.82622     0.540058     0.963807     0.567182     -0.14631     0.287484    -0.448476     0.452569     0.692342     0.653325    -0.742569     0.978488     0.248806      0.63819    -0.399484    -0.147242    0.0609283     0.233094        0.138   -0.0720079    -0.290339    -0.401138     0.827377    -0.793528     0.817017    -0.021726   -0.0416668    -0.588472     0.819425    0.0307731    -0.857956      1.03199    -0.840115     0.710137     0.776899     0.731574    -0.961802    -0.774508    -0.536761     0.791974       0.8864     0.274749    -0.395161      -0.6704     0.432943    -0.834823    -0.116126    -0.651592    -0.993522    -0.742418    0.0754214     0.637903     0.201267    -0.403567    -0.206048    -0.258596   -0.0744795    -0.477261     0.139977     0.291352     0.819324     0.493546     0.692251     0.711897    -0.506956     0.743657    -0.888443    -0.324086      0.40242     0.635823     0.982199      0.32673     -0.73779    -0.286241     0.845495     0.739005    -0.682136    -0.316724     0.264767      1.05671 -0.000428965    -0.489786    0.0961841    -0.697796    -0.145878    -0.823266      0.89053   -0.0577243     0.326567     -0.70329     0.199712    -0.044932    -0.446539     0.589534    -0.709523     0.976429     0.304473    -0.397673     0.254339     -1.02994    -0.173363     -1.04508    -0.428993    -0.922681    -0.947172     -1.09698   -0.0938234    -0.536439     0.694781     0.352875    -0.816122    -0.387596    -0.151487    -0.705799    -0.857473     -0.74849    -0.114545    -0.858331    0.0914517     0.295483     0.593123    -0.964249    -0.222884     0.193547     0.291923     -0.38613     0.797594     0.238191    -0.561781    -0.593441    -0.213925     0.321203     0.159558    -0.786728    -0.579221     0.716471     0.549845    -0.104104    -0.399226    -0.621844     0.696445     0.806323     0.630402    -0.919888     0.802051      1.00421     0.588598     0.109738    -0.903722    -0.660066     0.235068     0.420587    -0.475637     0.356723     0.473132    -0.307849    -0.182173   -0.0266275    -0.990239     0.549445      0.35984
    0.392493    -0.187363    -0.646156    -0.825694  -0.00392814    -0.965867     0.850497     -0.54891    -0.841792    -0.204995     -0.43099    -0.975796     -0.58624     0.510003    -0.105503    -0.974134    -0.197506     0.360324    -0.448515     0.395797     0.782977     0.739273   -0.0309376     0.621621    -0.125545    -0.209741     0.893107    -0.536769     0.769663   -0.0701264     -0.62946    -0.689346    -0.452672    -0.580405    -0.199192     0.507998     0.978897    -0.218254    -0.880928     0.862377    -0.982336   -0.0114803     0.485458       0.7565    -0.932084    -0.149303    -0.881107    -0.621853     0.535373     0.478508     0.104371     0.364932     0.509345    -0.362483   -0.0912875   -0.0658098     0.763808     -0.39755    0.0765901     0.802678    -0.526635     0.869902    -0.302119    0.0680652    -0.587131   -0.0460719     0.240898    -0.704554    -0.875691     0.800564    -0.850714     0.268073     0.362098     0.850776    -0.522462    -0.829908      0.76644    -0.852903     0.402967     0.145692    -0.953409    -0.876734     0.251993    -0.807728     0.484064    -0.396567    -0.757028    -0.343184    -0.838452    0.0747317     -0.15231      0.12092     0.219913     0.240509     0.459038    -0.431602    -0.664596    -0.485713     0.234742    -0.203404    -0.618953    -0.904459      0.43358    -0.742549    -0.382415      0.21307    -0.761858   -0.0202077      0.14917    -0.353748     -0.84046    -0.632081     0.327602     0.808021     0.359285    -0.511256     0.429102    -0.741568    -0.505291    -0.234208     0.912219      0.44134    -0.823291    -0.503077     0.421062    -0.580992    -0.873632      0.32706     0.524972    -0.949232    -0.195477    -0.335399     0.956469     -0.64934    -0.959145     0.412296    -0.752339    0.0248126   -0.0811319    -0.973087     -0.30014    -0.630033    -0.806389    -0.709077      0.93336     0.965892     0.225078    -0.899377      0.18859    -0.385703    -0.185277     0.286288      -0.1188    -0.169276    -0.448986     -0.85143    -0.808776     0.675127     0.433585     0.642699     0.242521       1.0071    0.0525383     0.542115     0.743504    -0.613246     0.371437      0.72706    -0.864602    -0.342686     0.182579    -0.769137    -0.343878     0.120073   -0.0207992     0.614189     0.640212    0.0893832      0.55524     0.260783      0.63269    -0.117142     0.783732     0.178282    -0.613007     0.418536      0.30784      0.38636    -0.650963    -0.102766    -0.737669    -0.919839    -0.250969    -0.941026    0.0865611     -0.13341     0.784899    -0.565329    -0.209629    -0.181121     0.896406    -0.221279     0.573941     -0.94934    -0.382569    -0.706321    -0.748857     0.471848    -0.132695    -0.242066       -0.299      0.87379    -0.848284     0.218245   -0.0853085    -0.342461     0.627395    -0.485678     0.815978     -0.35648     0.897215    -0.808324    -0.468115     0.742091     0.764353    -0.840526     0.932694    -0.796948    -0.357603   -0.0675662      0.66807    -0.213563    -0.487909      0.68217    -0.105558     -0.44145     0.802491     -0.65371     0.977864     0.932551    0.0491519     0.240344     0.686642     0.198535    -0.474739    -0.955962     0.739099      0.08828     0.989992    -0.482091      0.16485     0.527638     0.155122     0.999212    -0.723731     0.817714
   0.0568724     0.672655     0.470219    -0.212593     0.290247    0.0298146      0.45463   -0.0391011    -0.179097    0.0340452     0.428306    -0.430125     0.465775    -0.403673      0.19853     0.407218    -0.618334    -0.711674     0.390297     -1.00286    -0.748382    -0.602942    -0.227467   -0.0130442     0.386064      0.45061     0.639676     0.443337    -0.576378      0.34799     0.916865    -0.376548      1.00687     0.304173     0.769926    -0.916735     0.442051    -0.311325     -0.97661   -0.0205541    0.0429608     0.654033     0.854089     0.916168    0.0125477    -0.832302     0.826446    -0.215642    -0.735151    -0.796918     0.751644      0.25819    -0.444273     0.733094     0.625169     0.560948     0.146675      0.97956     0.529548    -0.168954    -0.598815    0.0279756    -0.399629    -0.401442    -0.600566    -0.423425     0.623173      0.03976     -0.76271     0.794199    -0.242159    -0.315031     0.309088    -0.967963    -0.488727    -0.403629    -0.820287     0.136908     0.671329    -0.334284     0.949154   -0.0711705     0.170205     0.362152    -0.808661      -0.2216     -1.00687     0.448388    -0.654354   -0.0942284     0.548477    0.0665617    0.0719475     0.235753    -0.954782    -0.405289     0.501982    -0.828939     0.476293     0.495662   -0.0944348     0.298707    -0.131012     0.536201     0.755895     0.173645      0.21218     0.550426    0.0709047     0.474789    -0.270598    -0.397517     0.735974      -0.3737     0.689104    -0.116961    -0.612667    -0.374485    -0.391898     0.580811    -0.947372     0.873807    -0.334372    -0.409881      0.60068    0.0110579     0.257113     0.831605    -0.301206    -0.275322     0.184693      0.63946    -0.740136     0.697583    -0.108724    -0.026859    -0.248002     0.608563   -0.0452774     0.689379     0.703858    -0.213198    -0.501048    -0.148898      0.43381     0.307526     0.805924    -0.812108    -0.197979    -0.556412    -0.545464     0.741057    0.0839711     0.333532    -0.935294     0.710118     0.765059    -0.156436   -0.0754645    -0.786129   -0.0477637     0.302317     0.638356  -0.00259604    -0.330772    -0.892027    -0.757071    -0.854178    -0.874892    -0.177344     -0.98801   -0.0954615    -0.246422    -0.674341     0.842344    0.0136731      0.79948     0.981958    -0.567277     0.012471    -0.613134     -0.41863    -0.486868    -0.132087    -0.301486    -0.920865    -0.774577     -1.04223     0.536386    -0.390907    0.0413564    -0.870991    -0.424321    -0.629552    -0.643524    -0.877135     0.772246     -0.92015    -0.462217   -0.0742895     0.597413     0.610119   -0.0868101    -0.955216      1.12203    -0.355757     0.633496     0.154884     0.138637     -0.11728    -0.534531     0.421444     0.238633     0.736106     0.732981    0.0745873     0.659868   -0.0253887    -0.985714    -0.246143    -0.513456    -0.443536    -0.492717    -0.577537     0.575028     -0.69488     -0.82806    -0.910517     0.668279     0.167295    -0.468638     0.423553    -0.415688      1.03199    -0.756327    -0.524656    -0.169678    -0.593888      0.58257    -0.630225    -0.251701     0.817459    -0.272382    -0.312972     0.715552    -0.448956      0.73529      0.11999    -0.210107     0.531608    -0.106211     0.824912    0.0184681     0.747078     0.963689     0.316435
   -0.802568    -0.147713     0.302447    -0.928169     0.916355    -0.588517     0.837374     0.772187      1.06239    -0.251746     0.947845    -0.023576    -0.713864    0.0454317     0.374038    -0.715727      0.86673     0.726463    -0.374077    -0.711042     0.967652    -0.595301    -0.997172    -0.676527   -0.0138922     0.457789     0.203165    -0.934199     0.617273     0.644651      0.26785    -0.586368      1.01133     -0.95245     0.647693    -0.143708     0.496087    -0.657145    -0.662132    -0.538356   -0.0273004    -0.784242    -0.604425    -0.311308     0.435297    -0.525066    -0.797117     0.883043      0.24698    -0.346843    0.0373428    -0.680328    -0.602725    -0.559982   0.00418155     0.234452     0.139465    -0.618993      0.38275    -0.723934     0.995747    0.0286956   0.00778306    -0.171599    -0.342787     0.421949    -0.108392     0.165108     0.272357     0.597651    -0.725635     -0.73312    -0.476914     0.677698     0.126192     0.358464    -0.941405     0.695884    -0.889933       0.4056     0.902822    -0.752718     0.914845     0.688146     0.666832    -0.369906     0.304694     -0.24013    -0.778239      1.05784    -0.639828     0.598823    -0.124772     0.897805    -0.601292    -0.915569      0.36778     0.054827   -0.0959138    -0.470129     0.596722   -0.0331987    -0.595895    -0.461445       0.5216     0.731197    -0.630331     0.711655    -0.819056    -0.914798     0.297359    -0.771858    -0.687236     0.874042      0.98108     0.158114     0.972252     0.267109     0.385314    -0.897064   -0.0782669     -1.03106     0.494265    -0.865047    -0.867624    -0.508978     0.580834     0.315517     0.841469     0.555537    -0.680037   -0.0508694    -0.388593    -0.730791      -0.5141    -0.934516      0.66578     0.771341    -0.652439      0.63144     0.577242    -0.884196    -0.415981     0.173384      0.46206    -0.511524    0.0951122     0.942878     0.828385     0.126834     0.693215    -0.637702    -0.161589      0.86571     0.862941     -0.68041    -0.863449    -0.160796     0.450867      0.34378     0.400413     0.641725     0.633244     0.601815      0.89001    -0.184628      0.86564    -0.268433    -0.568849    0.0918745     0.559246     0.297157    0.0546353     0.336356    -0.173274    -0.821846    -0.111276   -0.0622662     0.974601    -0.641498      0.42391     0.771328      1.05243    -0.135622       0.8404    -0.152881  -0.00326495   -0.0239257    -0.817947    -0.796404    -0.280979     0.330549     0.209903    -0.781752     0.245001    -0.106026     0.985373    -0.264452    -0.626351     0.366523     0.181908    -0.164247     0.340204    -0.723475     0.137083     0.686651    -0.498707     0.312153      1.03859    -0.165983    -0.641529   -0.0627745      1.07726     -0.53322     0.902835     0.496228     0.706766     -0.28725    -0.312292     0.720933    -0.508683     0.587797   -0.0368732     0.335797     0.190336    -0.606329    -0.730703     0.872335     0.291629   -0.0166306      0.90162    -0.832385     0.747321     0.948558    -0.139573    -0.421461     0.891789      0.13104    -0.507788     0.132139     0.398504     -0.45009    -0.039814     0.821862    -0.069396     0.651866     -0.46638    -0.773026     -0.74519     0.215214    -0.508661    -0.223267    -0.340209    -0.669155      0.28607     0.843051
   -0.472249     -0.97622      1.01123     -0.64636    -0.146024      -0.2473     0.278026      -0.6817    0.0228064     -0.36845      1.02638    -0.945057    -0.131569     0.902846    0.0473388   -0.0178721    -0.879728    -0.897863     0.048347   -0.0690781    0.0266005    0.0360569   0.00902586     0.944612     0.789222     -0.26993    -0.145857     0.561652     0.167308     0.978895    -0.656779     0.243957    -0.419814    -0.305753    0.0556554    -0.270099    -0.764232    -0.491716    -0.456209    -0.587827    -0.642202     0.998037      0.43934     -0.66799       0.1417    -0.252305     0.187742    -0.293515     0.994214     0.566235    -0.442859    0.0447341    0.0962764     0.813539    -0.651707    0.0108821     0.703432    -0.749724     0.123924     0.204072    -0.913708     0.730595     0.567459     0.501317     0.992236   -0.0478939    -0.105001    -0.602984     0.744057     0.932966    -0.169302    -0.183669    -0.849294    -0.240978     0.781731    0.0756401      0.78926    -0.320269     0.756901     0.620404     0.121231     0.642106     0.970567     0.508181     0.284791    -0.263861    -0.389682   -0.0704334    -0.830851    -0.234769     0.800114     0.934437       0.1183    -0.237104     0.980378     0.842319    -0.413025    -0.731706    -0.854261     -0.87738    -0.107935    -0.654003     0.559672    -0.159634   -0.0112137     0.167349      0.70344    -0.692668    -0.637048    -0.693114     0.243774    -0.730912     0.332811    -0.278685     0.808819     -0.36788     0.549283     0.226495    -0.768967      0.76404    -0.149105     0.421977    -0.101987    -0.599098     0.983538     0.223103    0.0476294     0.566574    -0.295474    -0.863465     0.215705    -0.578732      0.21579    -0.304419      0.19978   -0.0124538     0.980649     0.791307     0.960332    -0.133599    -0.538476     -0.41428    -0.468758    -0.108155     0.504661     0.141683     0.630077     0.767223    -0.834397      0.10766    -0.119891     0.502185    0.0202227     0.272335    -0.960705     0.209694     0.734542     -0.70117    -0.586276     0.372206    -0.378717     0.637465      0.04943    -0.366074     0.405717     0.854403     0.112494     0.781859    -0.528039    -0.286675   -0.0929054    -0.303672     0.573976    -0.665296    -0.913948     0.664725      0.38253    -0.346711     0.489495    -0.777159   -0.0908313     0.660208    -0.411562     0.054332    -0.373903    -0.413998    -0.150807      0.18385     0.139194     0.359753     0.976911     0.141704     0.938489    -0.689404     0.759107    -0.225168     0.204926      0.37654     0.265577    -0.524055   -0.0602588     0.660028    -0.311393    -0.381231     0.845525     0.575944    -0.497292     0.039177    -0.845969     0.402136     0.736802     0.951322     0.187621    0.0267806    0.0472536     0.395691     0.464126     0.637508    -0.816794     0.777624    -0.103762     -0.63254    -0.183809   -0.0936206     0.358713    -0.661487     0.396245   -0.0059503     0.384975    -0.247572      0.92684    -0.246791    -0.249818     0.339167    0.0733439     0.352412    0.0444749    0.0185334     -0.60433     0.179192      0.91301     0.547448      0.54888     0.442957     0.325868    -0.834531     0.119531     0.217018    -0.950494   -0.0781931     0.530772    0.0290625     0.815108    -0.198068     0.663157   -0.0770221
    0.231301    -0.768745   -0.0556822      0.83477     -0.34445    -0.858485    -0.959445     0.696263     0.182288     0.571328     -0.15603    -0.913237     0.735053     0.710558     0.633601     0.654581     0.521958    -0.990173     0.147753     0.436844     -0.13854     0.840176     0.556244     0.966877     0.515345    -0.327907     0.481336    -0.696231   -0.0604263     0.734282    -0.904452     0.975842    -0.466542    -0.783894     0.205149     0.258448     0.836956    -0.604938    -0.392141     0.708671     -0.41616     0.172893    -0.182007    -0.355492   -0.0212712     -0.23051     0.968162     -0.42635    -0.509587      0.41993    -0.312548     0.173305    -0.570087    -0.961637   -0.0549377    0.0404767        0.533     0.978118     0.372099    -0.438665     0.427602     0.252555   -0.0882453    -0.453022    -0.367871     0.998092   -0.0814116     0.342102    -0.736091     0.776858      0.27566     0.612201     0.984076     0.277438   -0.0127681     -0.87661     -0.58271    0.0659412    -0.274506    0.0556713    -0.406988     0.239413     0.417714     0.740844      1.00602    -0.956854    -0.212281      0.22719   -0.0271091    -0.382625     0.454419    -0.436815    -0.895357     0.808538     0.096994     0.431373     0.017391     0.605147    -0.478411      0.18265    -0.444221  -0.00748412     0.599148    0.0404978    -0.590834    -0.175846     0.747975     0.863081    -0.335157     0.904414   -0.0500108    -0.277461     0.919358    -0.394846    -0.421488    -0.313059    0.0444349    -0.644525     0.179387     0.280607     0.145553    -0.652829     0.678765     -0.45587    -0.272892     0.034772     0.807043     0.314442     0.304503     0.124629    -0.463681     0.624346    -0.509371     0.365205     0.271831     0.056463    -0.138268    -0.796109     0.333213   -0.0373066      0.22643    -0.430798     0.854325     0.164651    -0.531398    -0.108444    -0.461923     0.580921    -0.217738     -0.63861    -0.437912     0.891976    -0.944416     -0.28141     0.778949    0.0379518     0.521652     0.346286     0.459709    -0.312054     -0.17687     0.604794      0.66664    -0.125125   -0.0124353     0.588459     0.577405   -0.0350516     0.935311    -0.134969     0.630726     0.427657     0.806593   -0.0583943     0.288457    -0.761278    -0.109741    -0.110856     0.994525    -0.903692    -0.705619    -0.758221      0.58797    -0.915452     0.493192     0.561483     0.119064    -0.519225    -0.475188     0.112725    -0.194716    -0.951832     0.236577    -0.629931    -0.949552    -0.270635    -0.472704     -0.94918    0.0314348     0.463195    -0.831887    -0.976363     0.826999     0.640733     0.208256    -0.154421   0.00418548    -0.336189     0.522587     0.462294     0.494216    -0.183643      0.40925     0.146099    -0.769081    0.0180493     0.135608    -0.901165    -0.543689    -0.149279     0.523765    -0.151661     0.330653    -0.194858     0.840904     0.843627     0.272477    -0.409285     0.116285     0.571449      0.72799     0.508538    -0.551664    -0.151307      0.78316     0.510386    -0.122906    -0.534782     0.845668     0.787996    -0.146683     0.782513     0.911036     0.456599    -0.976961     -0.88256     0.970608    -0.487157    -0.409343     0.688158   -0.0681167    -0.650554     0.955156     0.674489     0.836257    -0.978472
   -0.368348    -0.967457     0.447168    -0.209612     -1.03617    -0.372672    -0.052797     -0.81028    -0.909048    -0.372399     0.602848    -0.728716     0.492574    -0.252198    -0.429738      0.54291    -0.627972    -0.853305    -0.686526     0.131193     0.568908    -0.915267     0.145594     0.273619     0.735011     -0.46703    -0.595255    -0.198746    -0.451875   -0.0345002     0.412124     0.606467     0.313193     0.304177     0.808895     0.893884    -0.834209     0.726483     0.119903     0.268261     0.788314    -0.787778    -0.904517      0.12711   -0.0915581    -0.931741   -0.0873574    -0.915427    0.0311684    -0.350704    -0.854586    -0.744903    -0.942226    -0.786844    -0.396651     0.499658    -0.720364   -0.0524039   -0.0271977     0.122739     0.149993     0.750284      -0.5501    -0.120292    -0.613919    -0.261428    -0.814689    -0.540458      0.88076     0.753057     0.205153    -0.776443    -0.747313    -0.175801     0.339996    0.0261403     0.283574     0.898874     0.385177    -0.537929     -0.04925    -0.792096    -0.421319     0.372818     -0.54695     0.763851      1.00452     0.562508     0.815405    -0.360399     0.911603    -0.152698   -0.0785211     0.609648    -0.622503    -0.558589    -0.330606     0.897838    -0.906958     0.700193     -1.00033    -0.733568    -0.280332     0.491571    -0.616601    -0.973667    -0.256077     0.195081    -0.462222    -0.729741   -0.0839959     0.372298     0.497696    -0.548162     0.876309    -0.637482     0.832483    -0.954591     0.107618    -0.391616     0.635262   -0.0580553     0.091681     0.664222    -0.363725     0.492318     0.649434    0.0747028     0.735968     0.350546     0.147253     0.993145    -0.890325    -0.422343     0.369255     0.449101     0.994123    -0.538538      0.93855     0.411239    -0.812585    -0.210612    -0.961014    -0.825961     -0.23043    -0.877959    -0.374834    -0.906723      0.38111     0.996322    -0.556794    -0.444653     0.774444     -0.29915     0.144842    -0.909974    -0.172736    -0.515554    -0.282007     0.737014    0.0735761     0.479945    -0.946012     0.113199    0.0154218    -0.904582    -0.197433     0.465907     0.716145    -0.201974    -0.142481   -0.0648377     0.607992    -0.665117     0.065064     0.852109   0.00640617     0.279753    0.0113073     -0.78528     0.539772    -0.273564     0.901378    -0.621783    -0.410308   -0.0785984    -0.337252     0.719857     0.463445     0.157193     0.122098     0.107985    -0.611033      0.65037     0.963315     0.224257     0.661553     0.656827    -0.217901     0.701294     0.808907    -0.329998    -0.200367     0.508669    -0.363742     0.678598    -0.473822     0.760508     -0.14583     0.317895     0.874706     -0.59613    -0.121587     0.611987    0.0421425    -0.477458     0.888422     0.283814  -0.00841433    -0.763831     0.270834    -0.236895    -0.444196      0.72081     0.289676     0.641203    -0.454852     0.183685   -0.0534407     0.637357     0.145512    -0.236717     -0.66951    -0.839309     0.243079    -0.462375     0.756258    -0.772069     0.915971    0.0421654     0.871431      -1.0002    -0.643962     0.390106     0.376749    -0.702272     0.717052    -0.226495     -0.63395     0.678524     0.645639      0.32605     0.402126    -0.076248     0.226265     0.352999
    -0.25678     -0.91099     0.735439     0.920694    -0.993675   -0.0828429    -0.789827     0.226409     0.784724     -1.01106    -0.631484    -0.913608    0.0741497   -0.0304588    -0.748182     -0.23464      -0.7128    -0.547768     0.869924    0.0194085    -0.429392    -0.590984    -0.688801     0.722624    -0.691034    -0.307793    -0.692751     0.826516    0.0546611    -0.106473     0.731464    -0.728988     0.236734    -0.756397     0.855157     -0.28123     -0.93453      1.04889     0.339059    -0.314095        0.753     0.033718     0.291573     0.340445    -0.639272    -0.702272     0.473205    -0.507541    -0.391943      0.53706      0.96841     0.277515     0.603745     0.253218    0.0633724     0.993468     0.708298    -0.440797     0.344179    -0.905042     0.700326     -0.87081     -0.58822     0.312478      1.02061    0.0832311     0.473263    -0.495037     0.120368     0.165054    -0.127846     0.517042    -0.317063    -0.537442      0.27844    -0.191896     0.394036    -0.230099     0.690169    -0.171351     0.755657    -0.562891    -0.645367     0.674207    -0.497037    -0.893343     0.671971     0.663107     0.057587     0.613907    -0.260317     0.913347     0.197147    -0.752292    -0.403064    -0.231253     0.384677      0.39586     0.375047    -0.719953     0.597319     0.863358    -0.604021      1.03429     0.432596     -1.00822   -0.0284603   -0.0591336     0.922448    -0.629659     0.268577    -0.891154     0.537636      0.86996    -0.204932    -0.167618    -0.731148    -0.534961     0.111347     0.823717        0.238     0.888915    -0.786205    -0.972256    -0.844107    -0.273798    -0.464366   -0.0137915    -0.936289    0.0601714    -0.141201   -0.0892356     0.668218     0.912533   -0.0650894     0.851687     0.529025    -0.428606     0.914411    -0.643929     0.246395     0.088349     -0.42433    -0.433036      0.30084    -0.830518     0.425745    -0.810359     -0.48734    0.0639568     0.821218     0.461971    -0.545827     0.019201     -0.41837    -0.955336     0.920501   -0.0506245     0.725668     0.278805     -0.53249    -0.203111     0.381858     0.410568    -0.237161     0.822256    -0.630682     0.742337    -0.100092     0.539696     0.737396     0.981825    -0.272171     0.197746   -0.0141054    0.0187631     0.674078     0.666702    -0.203738     -0.37048    -0.591496     0.454288    -0.116508    -0.445076     0.187857     0.549924    -0.192036      0.24227    0.0358599    0.0956938    0.0826058    -0.593362      0.24595    -0.214908    -0.763332    -0.680122     0.982251      0.19012     0.869623     0.984594     0.810362    -0.208046      0.50503     0.704971    -0.858359    0.0794537    -0.473815    -0.906212     0.470213     0.574883     0.920506    0.0358863    -0.608938    -0.640289    -0.186349     -0.93636    -0.340875    -0.627517     0.262705    -0.536386     0.281868    -0.343434    -0.832549     0.385138     0.323838     0.923032     0.879243   -0.0468973     0.874474    -0.592673    -0.712601      0.35614    -0.615742    -0.136518     0.548349    0.0542813     0.671463    0.0365331    -0.215222    -0.551082     0.587536     0.806954     0.949578    -0.541118    -0.748039  -0.00928079    -0.209183     0.857441     0.277952     0.459414     0.602337    -0.492194    -0.505277     0.108152     0.629187      0.34166
   -0.955262     0.302975    -0.230443     0.189801     0.167236     0.823218     0.337635    0.0400364     0.545121     0.810828     0.224649    -0.245546    -0.214666     0.591431     0.252872     0.611225      1.04093     0.155468    -0.113947     0.583474     -0.25486     0.203013    -0.708375    -0.386684     0.946487    -0.545942    -0.538791     0.933148     0.646204    -0.213858     0.177864     0.618635     0.237322   -0.0324028    -0.177681    -0.950438    -0.747062     0.939437     -0.52265     0.694923     0.906881    -0.840756     0.212714     0.362618     0.126207     0.468325     0.414364     0.870947     0.680623      0.96019    -0.548854     0.731582    0.0114719     0.177611     0.721339     0.149347     0.233823    -0.548192     0.495581    -0.820949    -0.138936    -0.936048     0.792026    0.0998608     0.640021    -0.843093   -0.0890172     0.265571    -0.191875     0.473515    -0.582072     0.993078    -0.785069     0.498747   -0.0102281    -0.727669    -0.526341   -0.0930072     0.109168    -0.498071    -0.354295    -0.881619    0.0115711   -0.0856258    -0.198482      0.74383   -0.0159091    -0.392439    -0.178502     0.545742      0.27484    -0.933581    -0.256613      -0.8832    -0.512305     0.579135     0.806451     0.172414    -0.572602     0.982756     0.255144     0.230626     0.384527    0.0178104     0.298153    -0.901072    0.0729731    -0.802991    -0.329934     0.616899     0.239637    -0.655201     0.232352    -0.738349     -0.54467     0.910387    0.0734527     0.833693    -0.904961     0.870036    -0.538983      0.67588    -0.601853     0.694063     0.276168     -0.58357    0.0888006   0.00388632    -0.557907     0.256951    -0.582884    -0.225286     0.515319    -0.890575    -0.220669     0.147574     0.985101     0.480146    -0.534902    -0.390019      0.35062    -0.545291   -0.0906462     0.747142    -0.103499     -0.62967    -0.930809     0.622565    -0.347348    -0.272594    -0.630227    -0.943313    0.0197522   -0.0057652    -0.846645     0.932628     0.663105     0.293092   -0.0607426    -0.628879      0.55591     0.765751     -0.22407    -0.759288    0.0125613     0.488284     0.716728     -0.32906     0.973989    -0.821694     0.687586   -0.0986029      -0.3445    -0.396647     0.929802    -0.232604     0.852578    -0.636911     0.199219      0.16062     0.975602    -0.648127     0.632236     0.231351    -0.467206     0.249362    -0.181348     0.859169     -0.38023   0.00444312    -0.375733    -0.140932    -0.110587     0.323846     -0.45062    -0.306851     0.417454    -0.564684    -0.153292    -0.229591    -0.690145     0.702455    -0.704365    -0.909743    -0.817416   -0.0971549      0.83663      0.65452     0.853422     0.786716    -0.175021    -0.448241    0.0490696     0.436998     0.850673    -0.649227    -0.607296    -0.747777    -0.318983    -0.419943    -0.794449    -0.630422    -0.946612     0.976303      1.00662     0.991921    -0.956618     0.500199    -0.734358     0.183427    -0.119978    -0.287074     0.754304    -0.531894    -0.333518     0.769517    -0.542022     0.289339    -0.587577    0.0578244    -0.224508      -0.6624     0.116816    -0.719912     0.269172   -0.0934545    -0.393913      0.41847      0.73731    -0.229141    -0.782567    -0.256107     0.200906     0.785213    -0.408089    -0.246517
   -0.614165      0.63045     -0.62306    -0.638634    -0.686007   -0.0987454     0.631548    -0.783482     -0.70074      0.28728     0.582213    -0.958113     0.649761     0.115512     0.427051    -0.699762    -0.617862    -0.406473    -0.311446     0.179253      -0.9478    0.0750786    -0.434787     0.179338    -0.581258    -0.804685    0.0685887    -0.530417      0.19723     0.649444    -0.511294     0.902983     0.730276    -0.191322    -0.329567      0.78624    -0.304438    -0.328515    -0.683914     0.162706     0.276574    -0.185618    -0.221898     0.474372    -0.761841    -0.466834     0.422717     0.234962    0.0760665    -0.843502    -0.765235    -0.990363   -0.0260798     -1.00086    -0.414902    -0.213399    -0.287507    -0.751646    0.0980415      0.92288     0.965217     0.414725     0.024491    -0.800729    -0.735662    -0.224706      0.56635    -0.733843    -0.595074    -0.757026    -0.572393   -0.0769438     0.533482       0.5485    -0.166925     -0.05484    -0.194174     0.131685     0.895965     0.551199      0.53556     0.642821    -0.347536    -0.870543      1.01366    -0.888393     0.736643     0.283596    -0.159344    -0.936921     0.666641    -0.888186     -0.80782    -0.738485     0.455302     0.113164     0.371782     0.419246    -0.924425     0.971162    0.0961151   -0.0312935    -0.436359      0.90057    -0.868643    -0.547283    -0.230714    -0.417665    -0.612607      0.32121      0.57416    -0.572075     0.672013    -0.318957    -0.561838    -0.649688    -0.237517       0.1336     0.473668      0.47448   -0.0804787    -0.726258     0.568399     0.496486    -0.950925  -0.00444302    -0.498605     -0.72012    -0.332257    -0.367536     0.582295    -0.125298    -0.858809     0.777512    0.0597191    -0.895953     0.772387     0.953236    -0.998457    -0.203507     0.791655    -0.231033   -0.0800167    -0.512842     0.167293     0.564733     0.880785    -0.948259    -0.753608    -0.937813     0.177609     -0.53103     0.730224    -0.209652     0.838574     0.810574    -0.325803     0.914569    -0.112647    -0.246039    0.0286786     0.534721     0.744324     0.242162     0.199873     0.845473    -0.430322     0.951862    -0.901856    -0.098371      -1.0063     0.140012    -0.952905      1.03755    -0.910794     0.094478     0.687911     0.177725    -0.257759    -0.898485     0.406573     0.633167     0.520142    -0.659658    -0.643198      1.00289      0.69346    -0.678588     0.586764    -0.326211    -0.116955     0.759376     0.522384     0.247528   -0.0725694    -0.501509     0.761352     0.710697    0.0698884    -0.582226    -0.541182     -0.96131    -0.191509     0.170086     0.160489      0.47749    -0.908684     0.325848     -0.25208     0.553488    -0.274003     0.838817     0.543296     0.681909    -0.553282     0.991131    -0.576442     0.134917   -0.0251409     0.404817    -0.715216     0.766508     0.677792     0.190756     -0.36369     0.727882     0.640198     0.596553     0.594846     0.903178    -0.198443     -1.05896     0.828097      1.01088     0.624197     0.999355     0.541274    -0.735557     0.310727     0.777422    -0.442116     0.911421    -0.130885      1.04336   -0.0884708     0.813934    0.0963364     0.805782    -0.765236    -0.390891    -0.980601     0.553378    -0.858789    -0.838032    -0.577807    -0.358926
   -0.874067    -0.842442     0.485953     0.638406     0.757709    -0.686676     0.281372    0.0356402     0.181367     0.787738     0.876932     0.181198     0.961673      0.14892     0.944849    -0.523164    -0.842405     0.960723    -0.870546    -0.435691     0.280396     0.717329    0.0989914    -0.461181    -0.956462    -0.856859     0.169968     0.325049     0.148853    -0.577004     -0.44461   -0.0620267    -0.444492    -0.914413     0.125676    -0.821584   -0.0136478    -0.222319    -0.980451     0.940227     0.302597     0.201656     0.562729    -0.989298    -0.874347    -0.569835     0.686688    -0.262494    -0.022027    0.0101307     -0.36047     0.547697   0.00270168    -0.766413     0.659527    -0.780288     0.700332     0.665291    -0.330474     0.897609     0.144665     0.645071    -0.669976     0.857002    -0.194447     0.152496     0.920345     0.967685    -0.546464     0.331023    -0.620463     0.689585    -0.723473     0.517022     0.566882     0.324895     0.376382    0.0658327     0.820365    0.0190842     -0.84775     0.349887     0.376459     -0.36342     -0.52679     0.241698     0.199592     0.146406   -0.0234611     0.220306     0.144804    -0.897995    -0.416299    -0.742824    0.0103325    -0.223432    -0.526804   -0.0109431    -0.864376    -0.752772     0.988302    -0.940145    -0.889844    -0.683848    -0.752486     0.293011    -0.711994     0.768959     0.487385      0.62082    -0.294685     0.109161    -0.972713     0.384515    -0.301718     0.977047     0.780363       0.6774    -0.454412    -0.182648    -0.392925    -0.518976     0.115115       0.2261    -0.624294    -0.170185    -0.792806    -0.194844    -0.282663    -0.354958     0.322593     0.401812     0.874097     0.656321    -0.556822     0.344451     0.225787    -0.732324     0.809783     0.487458     0.495987    -0.560668     0.822887    -0.219181    -0.983623     0.138362     0.489632    -0.677443      0.88568     0.663646   -0.0188654     0.949274     -0.92791      1.01324     0.404002     0.532496    -0.351459    -0.229952     0.274513    -0.536519    0.0560393      0.49138    -0.364774      0.82294     0.227757    -0.307785     0.942857     0.318582     0.697675     0.984061    -0.356536   -0.0485057    -0.635139   -0.0522855   -0.0253075   -0.0577543     0.994746     0.854868    -0.550826    -0.345602    0.0392699    -0.233554   -0.0043924     0.164018     0.773699     -0.16169    -0.800783     0.666394    -0.217768     0.465404   -0.0529581    -0.952201     0.347327    -0.536818      -0.5379    -0.631851    -0.394288     0.902964     0.467786     0.451917     0.230285     -0.94134     0.110204    -0.785031    -0.387193     0.742277     0.258268     0.148848     0.800167    -0.627628    -0.635841    -0.303871     0.317682     0.255393    -0.883565     0.164727     -0.65632      0.68687     0.736408     0.637183     0.646142    -0.648928    0.0742806      0.88808     0.593724     0.543588      0.42053     0.472508      0.84006     0.759868    -0.381152     0.319288     0.625949     0.742611     0.353514     0.680281    -0.465187     0.856784     0.300647    -0.673114     0.798951     0.499828    -0.745614     0.332045     0.730422     0.508519    -0.638192     0.160734     0.952667    -0.890322     0.793355     -0.40729      0.61729    -0.363801    -0.395442     0.991831
   -0.834218    -0.454331      -0.6162    0.0653615     0.552944     0.582997     0.157881     0.969416    -0.883948     0.460589    -0.546243    -0.219376    -0.819886    -0.508909     0.485378     0.446452    0.0664019    -0.683154     0.367219    -0.124455    0.0578348    -0.943653    -0.559113    -0.100661    -0.689474    -0.582623     0.486761    -0.642263    -0.728578    -0.992829     0.752172      0.48158    -0.979415     0.552609     0.439167      0.14086    -0.924486     -1.01428     0.689372     0.360649     0.536727     0.725327    -0.147646     0.156417     0.837009     0.400339    -0.361563     0.439467   -0.0746141    -0.513851    -0.627964    -0.444808     0.611588     -0.80842    -0.553647    -0.357592     -0.49755    -0.251217     0.859074     0.331726     0.259271    -0.930443    -0.788002    -0.681097     0.489923     -0.11707    -0.646165    -0.649703    -0.237029     0.674951    -0.493696      0.69127     0.870015     0.321869     0.764281     -1.01178    -0.338173    -0.344163    -0.649856    -0.112649    -0.662421     0.939905     0.760186     0.602933     0.605685    -0.486413     0.929551    -0.208875     0.768042    -0.683398     0.924922   -0.0418676    -0.238893    -0.965609     0.275111    -0.854149     -1.00053    -0.602999    -0.551416     0.288062   -0.0477447    -0.446145     0.543352    -0.156454     0.291103    -0.321639    -0.369943    -0.747974      0.11966    -0.653382     -1.01703     0.535971    0.0740951    -0.899547    -0.040666    -0.611721  -0.00113715    -0.880851      0.31839   -0.0608001     0.786956   -0.0366911    -0.270584    -0.779321     0.196577    -0.515349     0.506663      0.16052    -0.258162     0.488792     0.536115    -0.418172     0.268988    -0.395318     0.827362    -0.682477     0.347107      0.60018    -0.132841    -0.297375     0.584715    -0.741913    -0.813967    -0.252946     0.208681    -0.990285   -0.0207934     0.512683     0.682787     0.561086     0.867869      0.28709     -0.53317    -0.152784    -0.772907    -0.811107    -0.479563     0.216991     0.282877     0.401481    -0.451678    -0.931276    0.0458451    0.0542191     0.822866     0.456234    -0.331127     0.717922    -0.665378      -0.8565    -0.428907     0.731366    -0.242535    -0.268765    -0.986449     0.518647    -0.790481    -0.596668     0.633733    -0.144024    -0.493646    -0.407954    -0.171415     -0.67434     0.585072     -1.01596     0.611108     0.681997    -0.747947    -0.187104    -0.289239   -0.0163542     0.915359     0.138271     0.629049    -0.235155    -0.998047     0.831265     0.703364    -0.567058    0.0954215    -0.611368    0.0576003     0.332633    -0.840756     0.610663    -0.555248     0.103826     0.822716     0.686309     -0.44315     0.340076    0.0625872    -0.360077    -0.180901    -0.595295    -0.815446     0.323601     0.285124   -0.0847367    -0.320154    -0.924916      0.14657     0.565386    -0.861434    -0.598986     0.251418     0.496604     0.424344     0.622166     -0.30032    -0.628346     0.339883     -0.53628    -0.574897     -0.96481    0.0145189     0.534575     0.227192    -0.892458    -0.663138    -0.178337     0.272614     0.388643     0.579166     0.350569     0.785272     0.734044     0.889185    -0.273059     -0.35094     0.602901     0.549669     0.285235     0.468499    -0.611376
    0.586569     0.649301    -0.649439     0.102985    -0.428708     0.460494     0.412445     -0.90984      0.75679    -0.661685     0.889879     0.241535    -0.550079     0.335963     0.804637     0.234109      1.03902     0.851473      0.25838     0.977966    -0.529868    -0.477849     0.138555    -0.145171     -0.10837     0.325796    0.0793877      1.02808     0.232456    -0.407764     0.470527    -0.145985    -0.479266     0.782631    -0.806239    -0.563428    -0.409439    -0.359558    0.0741654    -0.277602     0.761451     0.772022     -0.92487     0.481768    -0.768584    -0.500858    -0.708654    -0.275499     0.747415     0.648312     0.356885    -0.939641    -0.233864     0.935764     0.595617     -0.18406     0.800934     0.408429    -0.630442     0.791834    -0.814996    -0.612176     0.629184    -0.277688     0.855835   -0.0784043    -0.944493      0.20251     0.269793    -0.717799     0.124681    0.0341013     0.358673     0.357197    -0.660216     0.402431    -0.561146     0.961762    -0.617335     0.254932    -0.611577     0.765259    -0.355819   -0.0404657    -0.569344   -0.0729397     0.605558     0.420403     0.393084    -0.836088    -0.478482     0.644061    0.0604238     0.399338    -0.498054     0.596047    -0.172911     0.523332    -0.131516     0.665853    -0.473427    -0.136027    -0.488383     0.179706     0.947444    -0.664658    -0.289088     0.671471    -0.666002    -0.668638     0.997038    -0.171161     0.596336     0.968751     0.952099    -0.864799     0.334996    0.0711011     0.968161    -0.589353      0.97653    -0.614007     0.436396      -0.5233     0.578421     0.244655     0.729444    -0.685955    -0.314399     -0.80636    -0.240975    -0.189123     0.623179    -0.546468    -0.981797    -0.134331    -0.635338     0.804164    0.0893881     0.570789    -0.785326     0.691246     0.211623     0.642775    -0.394145    -0.283883     0.460061    -0.552187     0.494617    -0.907908     0.299301     -0.48708     0.313075     0.328559     0.715669   -0.0107981     0.846355       0.8856    -0.866371      0.13688     0.211596    -0.457912   -0.0719188     0.690005    -0.675538    -0.668081      0.55709    -0.786482     0.284445     0.804365     0.859498    -0.808383    -0.709403     0.559042    -0.253554    -0.897774    -0.429466    -0.499727    -0.516314    -0.114719    -0.732264    -0.847829     0.105655     0.510398     0.741012     0.820509   -0.0275183   -0.0355949  7.18632e-05      0.26306     0.918572    0.0905209     0.491859      0.96529    -0.939192     0.124918    -0.649786    0.0677841     0.714268     0.277356    -0.684844     0.579146    -0.794676    -0.373432     -0.75953    0.0693189    -0.331747      0.72832    -0.508719    -0.525058     0.131751     0.700468    -0.251243    -0.826082    -0.922488     -0.64134    -0.735181    -0.257326    -0.217179    -0.764011     0.312042     0.514075     0.433769     0.346413     0.891428    -0.338539     0.889478    -0.103346     0.824703     -0.46016     0.407101    -0.333015    -0.412272     0.682541     0.335521    -0.121449  -0.00487683     0.326663     0.862101     0.789778      0.26935     0.608189    -0.832197     0.875151     0.423375     0.974168     0.997675     0.624336     0.263685     0.738862    -0.145227    -0.444102     0.824473     0.769305     0.953311      1.01077
    0.393029     0.313496     0.231333     0.276518   0.00321346   -0.0658976    0.0276497     -0.52003     -0.85091     0.557596     0.356808     0.989621     0.500988     0.760169      1.07081    -0.677759     0.776637    -0.916909    -0.265242    -0.213698    0.0365496    0.0691689     0.510763     -0.24015     -0.22578   -0.0816386    0.0282176     0.950689     0.574848    -0.609172     0.323055    -0.349673    -0.239971    -0.497727     0.208192    -0.100852     0.632282    -0.985465    -0.698701      0.72902     0.732962    -0.367279    0.0445957    -0.104065     0.971776    -0.405359    -0.673661    -0.621679    -0.985735    -0.709589     0.793945      0.88856    -0.473286     0.647962    -0.971415    -0.230164    -0.185543     0.516626     0.850067    -0.688576     0.295273   -0.0991833     0.104167     -0.12009    -0.763794     0.784258      1.07468    -0.650287     0.113275    -0.934324     0.233229    0.0101064    -0.350494    0.0377318    -0.841482    -0.841885     0.582321     0.110946     0.813764     0.735671     0.707518     0.258266    -0.389086    -0.709492     0.318097     0.830934     0.800829     0.285843    -0.826152    -0.886064     0.790832    -0.389008     0.730684    -0.539331      0.43965     0.860069      0.64966     0.747553    -0.204902     0.562775    -0.731001     0.282129     0.623493    -0.578472     0.644825    -0.285947    0.0643435    -0.788385     0.151166    -0.397663     -0.47674     0.165809   -0.0656572    -0.761065    0.0231118    -0.213624      0.64684      0.88922     0.423985      0.24675       1.0656    -0.400201    -0.547186    -0.211557     0.897182    -0.371187    -0.923487     0.564738      -0.6123    -0.147218     0.449408     0.976558    -0.638387     0.367588    0.0420877     0.624878    -0.114709    0.0759302    -0.733917    -0.807328    0.0951493    0.0656107    -0.483822     0.220652    -0.225325    -0.781717   -0.0078038     0.771776     0.368394     0.902757  -0.00486037     0.156216     0.670622     0.440599     0.728983    -0.824351    -0.378002    -0.541004    -0.462809     0.732413    0.0497829    -0.954016    -0.477535     0.504494     0.774514    -0.507306     0.795532     0.594831     0.182476    -0.494735    -0.735269    -0.784946    -0.346833     0.864651    -0.145177     0.774781    -0.750556     -0.66383    -0.723432    -0.435561     0.562007     0.981858      0.61551    -0.852824     0.870289    -0.835271     0.898631     0.464552    0.0243724    -0.608543     0.379085    -0.476038    -0.174654    -0.524152     -0.34024     0.180739    -0.494061    -0.354758    -0.771594    -0.250987    -0.602445    0.0600891     0.428306     0.707952     0.948237    -0.656438    0.0698727    -0.757661     0.988691     0.832707    -0.168079     0.908664      0.94975     0.821216     0.120397    0.0517931    -0.894768     0.616141     0.842603     0.824278     0.822597     0.193762     0.268972    -0.358516     0.342207     0.469954    -0.189612     0.816651    -0.422306  -0.00678841     0.500963    -0.168689   -0.0513436    -0.305871     0.780964     -0.97833     0.536018    -0.776449    -0.100042  -0.00520367    -0.731703    -0.108059      0.18013    -0.298099    -0.853632    -0.784174   -0.0366513    0.0432443     0.296684    -0.531763    -0.442939     0.806365     0.321139     0.302572    -0.139279    -0.320207
   0.0507181    -0.361279  -0.00644332   -0.0310629   -0.0253745     0.573766     0.591163    0.0218997      0.35526     0.107181      0.13964     0.714322     0.831184     0.345233     0.498336     0.374711     0.392751     0.578658   -0.0260206    -0.115489    -0.843038     -0.59295    -0.133172     0.538921     0.340739     -0.66688    -0.201866     0.290676    -0.989528     0.646526     0.739359     0.507865      0.78267      0.59591    -0.464872    -0.212555    -0.278607     0.566099     0.207642     0.926465    -0.396397     0.776945    0.0965852    -0.694794     0.131836    -0.955715     0.493324    0.0386196     0.242279   -0.0959021     0.908228     0.121283    0.0374249    -0.302839    0.0264238    -0.870224    -0.773066     0.378961   -0.0599158     0.435271    -0.574099     0.903817     0.494691      0.19105     0.922471    -0.908402     0.204175     0.439722     -0.37847     0.914786    -0.156379    -0.172336     0.045646    0.0887419    -0.837346    0.0805671     0.373958     0.221177     0.978745    -0.166781    -0.590451     0.594403    -0.636366     0.655825     0.634531     0.374068     0.602416     0.315812    -0.234398    -0.640392    -0.843925     0.498606     0.145857    -0.502023     0.939143     -0.57927    -0.913175      0.89828    -0.289708    -0.374528     0.939224    -0.069453     0.530888    -0.350835     0.351774    -0.767933     0.246092     0.743672     0.684804    0.0893454     -0.42907    -0.783756    -0.883665    -0.911962     0.475718    -0.264993     0.194955     0.330509    -0.355262     0.428703     0.394269    -0.149909    -0.470783    -0.203921    -0.993445    -0.222058     0.320816    -0.150712     0.817571      0.96919     -0.45983    -0.301874     0.208134    -0.634692    0.0554535     0.105604    -0.339459     0.761528    -0.788691    -0.714006     -0.68852     0.157425    -0.424019     0.599273   -0.0502017     0.539963    -0.612438    -0.041441     0.981809    -0.102821     0.485327     -0.70576    -0.567764     0.598221    -0.981139    -0.605854     0.177207    -0.224137     0.164135      -0.1654    -0.598483     0.742726     0.734977    -0.110138     0.364324      0.55668    -0.623816    -0.665833     0.189947   -0.0799561     0.274869    -0.602289    -0.830143    -0.442306    0.0831367     0.424203    -0.481805     0.646214    -0.684295    -0.961025     0.519473     0.535681     0.863344    -0.503029    -0.533337      -0.1572      0.36522    0.0670964    0.0831399     0.566288    -0.120304     0.695048    -0.836543     0.943221    0.0677226    -0.896533    -0.431328     0.674805   -0.0666459    -0.838798     0.773965     0.591258     0.131918     0.254508    -0.164921    -0.622371     -0.89086    -0.795006    -0.719304    -0.351028     0.448522    -0.471711     0.516722     0.347367     0.637596     -0.17537    -0.574996    -0.370596     0.491167    -0.639889    -0.786257    -0.352388    -0.314781     0.350113     0.414894     0.806475    -0.183627     0.990422    -0.927079    0.0719142    -0.321727     0.733882    -0.285294     -0.49673    -0.741091    -0.447327     0.957262     0.719637     0.239052   -0.0563914     0.660305     0.850203     0.423434     0.443161     0.387618     0.695308     0.050951    -0.617077     0.540454      1.02902     0.806632    -0.929205    -0.198129     -0.87737    -0.299891     0.472752
   -0.101991    -0.690636    -0.780099     0.418191     0.683887    -0.223247    -0.762597     0.863261     0.915108     0.200333     -1.02364    -0.394099     0.655968     -0.69572    -0.444005    -0.927913     0.571611     0.132351    -0.175576    -0.850335     0.592919    -0.553219    -0.903902    -0.306982     0.860133    -0.715269     0.637226     0.159088    -0.526661    -0.368084    -0.929974     0.462215     0.140344    -0.718835    -0.882814     0.142823     0.444533     0.084218     0.729965    -0.307552    -0.396711     0.890254     0.606434     0.543451     0.563974     0.800777    -0.878022    -0.341489    -0.576069     0.728935     0.833041    -0.949558     0.246025     -1.03476    -0.667028    -0.429087     0.869884    -0.366424    -0.763439    0.0361353    -0.102823    -0.847149    0.0134873     0.675286    -0.317752     0.101639     0.106121     -0.31671     0.369164    -0.670835    0.0941245    -0.897661    -0.167306     0.659245      0.48726    -0.172021     0.273935    -0.471846    -0.522743    -0.133153    -0.855444    -0.945456    -0.624982    -0.795858    -0.361476    -0.994425     0.174172   -0.0704197      0.84573      0.51245     -0.45896     0.367789    -0.933324    -0.887967      0.62179     -0.96782     0.386492    -0.124096     0.827507    -0.376448     0.286091     0.685877    -0.566347  0.000523936    -0.873758     0.849958     0.791291     0.135259     -0.74247     -0.49048     0.491177    0.0518647     0.153479     0.812988    -0.825848     0.883593    -0.368457     0.298197     0.597818    -0.197529    -0.862721    -0.307175     0.137846     -0.81636     -1.02636     0.112949     0.541219     0.659852     0.119943     0.231751     0.387283      0.23053     0.101032    -0.581282    -0.364699    -0.930708     0.578751    -0.312806     0.472345    -0.482886   0.00483789    0.0854817     0.307326     0.976663    0.0838636    -0.638215     0.675381   0.00915252     0.226103    -0.459914    -0.417887    -0.886841    -0.179012     0.221817     0.722816    -0.685962     0.354797    -0.649146     0.174217     0.783074      0.20214     0.927941    -0.950726    0.0125925    -0.533682    0.0312125     0.714593    -0.533228     0.688133    -0.870531     0.940664    -0.089896    -0.609678    -0.893703     0.360422     0.538316    -0.585971     0.744154     0.313205    -0.145588     0.404436    -0.724998    -0.164321       0.5727     0.442819     0.226636    0.0528709    -0.720873    0.0946737     0.755678    -0.161504    -0.264381    -0.915533    -0.294394    -0.100751     0.319694     0.863651       0.6453    -0.388618     0.369078    -0.698468     0.770278     0.224498   -0.0810416    -0.684902     0.526185     0.278185    -0.606399    -0.477725    -0.451296     0.617717     0.213307    -0.208506    -0.754081    -0.138706    -0.498911     0.953235     0.948441     0.571905     0.581792    -0.633731     0.896323     0.527898    -0.351938    -0.798327     -0.23896   -0.0492486    -0.327222    -0.269001    -0.215224     0.756802    -0.298032     0.713976    -0.437874     0.387942     -0.65793    -0.317414     0.173139     0.919764    -0.399999     0.848048    -0.188988    -0.194611    0.0251406    -0.143126     0.711983     0.470509     0.399414    0.0888632    -0.572474     0.295909     0.825297   -0.0421153    -0.335852     0.228427    -0.553303
    0.371088     0.108063    -0.879979     0.727604    0.0178152    -0.263012    -0.900123     0.868377    -0.351047    -0.380266    -0.702499    0.0766314     0.423431    -0.634217    -0.640377   -0.0367353     0.232936       0.2407     0.569274     0.278941    -0.129689    -0.743292     0.122921     0.351735    -0.620354     0.854178    -0.858103    -0.910116   -0.0691325     0.473221     0.432231   -0.0103003    -0.577868     0.679461    -0.444674    -0.885219     0.580221     0.845878     -0.41334    -0.380391     0.490826    -0.856532     0.586747      0.86958     0.695146     0.754516     0.410544    -0.980079     0.106534    -0.132765    0.0471726    -0.816042     0.770909    0.0618228   -0.0842816    -0.417508     0.999592     -0.25446     0.305772    -0.069589     0.941411     -1.01199     0.413443     0.641763      1.05006     0.216853     0.433258    -0.142932     -0.83999    -0.101833    -0.642525     0.808665    -0.271117     0.263924     0.305062     0.293342    -0.432189     0.528049    0.0868884     0.252666     0.330334     0.109148     0.150586     0.367429     0.104055     0.924703     0.801368    -0.375418    0.0489345    -0.756863    -0.354927    -0.861392    -0.261391      0.90053    -0.940269      0.69429     0.260263    -0.708855    -0.924887      0.21225     0.897173    -0.360533     0.599729     0.430562     0.332985    -0.337648     0.179063    -0.400425     0.567397     0.706224     0.671714   -0.0915394    -0.418463   -0.0112716    -0.462564     0.347934     -0.74707    -0.310719    -0.903355     0.669471     0.986184    -0.705656      1.07409     0.438769     0.591718     0.459404    -0.308019       0.5075    -0.645371     0.650534    -0.932023    0.0749304     0.849654    -0.483834     0.622487     0.975445     -0.39694     0.321131     0.328084     0.849427     -0.42818     0.414882    -0.484277    -0.626769     -0.87635    -0.247553    -0.957113     0.384925     0.963604     0.227696    -0.284918     0.449311     0.239559   0.00594259     0.687245     0.641149     -0.30041    -0.363035    -0.846649     0.859482      0.84465    -0.352998     0.225847     0.401965   -0.0798059     -0.52545     -0.64251     0.849018    -0.686084     0.480446     0.183223     0.764237      1.05516     0.178696    0.0181536     0.289573    -0.500315    -0.874652     -0.91119     0.606158    0.0222698     0.898504    -0.410073    -0.424781     0.935732     0.813031    -0.357487    -0.281293   -0.0374454     0.325486    -0.149411    -0.370192    0.0402824    -0.869944      0.81518    -0.123497     0.947795    0.0777275    -0.887617   -0.0641071     -0.15535     0.534902     0.737404    -0.869913     0.312432    0.0650101      0.32877    -0.927897    -0.859106    -0.376468     0.956145    -0.240285    -0.745335   -0.0760589    -0.178399    -0.745232     0.267066      1.02877     0.646993    -0.704879    -0.263166    -0.859107    -0.412121    -0.431464     0.576814   -0.0588376    -0.650867   -0.0902829    -0.208213    -0.848618    -0.154545    -0.467042    -0.937773    -0.757798    -0.526729     0.752579    -0.884905     0.735912     -0.23102    -0.361396    -0.748153     0.056342    -0.414772    -0.363131     0.589892    -0.865362    -0.709647    -0.646165    -0.172928     0.182946     -0.81965      0.21238     0.612734    0.0950694     0.258594     0.604636
    0.208092    -0.353364    -0.131713    -0.915277     -0.42715    -0.859514    -0.655198    -0.261619     -0.82487    -0.828153    -0.183955    -0.697773   -0.0789859     0.470961    -0.251328    -0.321861    0.0221278     0.974271    -0.552962      0.69103    -0.250122     -0.62785     -0.61338     0.462552     0.388477    -0.187826     0.956703      0.10005   -0.0262102    -0.277816     0.191548    -0.532907     -0.86607    -0.995756    -0.259703    0.0486766    -0.707686    -0.626719     0.585379     0.835321    -0.751271    -0.941825  -0.00249661     0.433345     0.936697     0.402261    -0.268365   -0.0759797    -0.888736     0.190398     0.535209    -0.859544     0.214982    -0.404698     0.017967     0.382444      0.46314     0.246911    0.0161855     0.221976     0.283747      -0.3707     0.947854     0.846321      0.14307     0.197753    0.0329893    -0.328406     0.664527     0.730569    -0.451785    -0.512127    -0.824852     0.208725     0.869477    -0.258644    -0.112554      0.99455     0.832043     0.875475    -0.318442     0.679264    -0.603236    -0.721747    -0.737455    -0.278097     -0.19844     0.574111    -0.266851     0.965354     0.189419     0.224931    -0.978578     -0.81472    -0.739668    -0.799898     0.491396      0.75133     0.187795     0.985366     0.785656    -0.583629     0.631709      0.15154     0.715064     0.735451    -0.406981    -0.541242    0.0620394     0.138807     0.276405     0.788909     0.466167     0.588902    -0.668348     0.867463    -0.646721    -0.455214     0.714539     0.790341    -0.405522    -0.841933    -0.545725      0.74993    -0.167155    -0.724803     0.246155   -0.0366599     0.390018     0.127509     0.195836    -0.523666    -0.696246     0.177792     0.274392    -0.866308     0.350933     0.822704    -0.589313    -0.626636     0.699007     -0.37556     0.438881     0.624216     0.425071    -0.760283     0.186913    -0.353897      0.50996      0.55584     0.147651    -0.475823      -0.8982     0.963772     0.600482     0.374117     0.804459   -0.0355847     0.301763     0.242272     0.232282     0.740498    0.0592979      0.78257     0.873769    -0.395524    -0.240411     0.844196      0.88353    0.0243057    0.0851102     -0.68013    -0.960574    -0.270309      0.90858     0.833183     0.523786     -0.35824     0.821681     0.468099     0.238923      -0.7992    -0.447837      0.99149     0.297572     0.673123     0.880262     0.184077    -0.318876    -0.897665    -0.970997     -0.72236     0.915746     0.521452    0.0381669    -0.241494     0.912863     0.282704     0.257746     0.610865    -0.304778    -0.113966     0.905807    -0.816653     0.354586    -0.637754     0.807868     0.566399    0.0618983    -0.392336     0.583093   -0.0864732     0.907266    0.0128173    -0.453622    -0.585855    -0.486512     0.950843     0.463121     0.529627    -0.763065    -0.538333     0.914945    -0.231509     0.905462    -0.216138    -0.812746     0.617967      0.06631     0.374445     0.105465    -0.188136      0.83213    0.0469926      0.89444     0.189002     0.777179    -0.827139    -0.672642      0.12659     0.692334     0.736457     0.751647    -0.451811     0.982013     0.151095     0.799498     0.304673     0.323225     0.507867     0.826682     0.920058    -0.474309   -0.0865266    -0.438733    -0.376556
    0.263818     0.619477    -0.273289     0.465557     -0.11406     0.258961     0.239737     0.809186     0.472143     0.514457     0.445695    -0.656363     0.165372    -0.367038    -0.849494     0.653008    -0.547014     0.316032     -0.49062      0.71577    0.0157117    -0.529679     0.848839     0.914641     0.209442    -0.727669    -0.679198    -0.383353     0.313187     0.132063     0.195515    -0.758306    -0.864551    -0.133185     0.858072    -0.470928    -0.387606     0.580836     0.154347   -0.0921396     0.366528     0.937525     0.628976     0.641592     0.106955    -0.413787     0.406535     0.339649     0.552567     0.292279     0.612028   -0.0708712    -0.307861     0.582793    0.0291245    -0.521334    -0.586496     0.642818    -0.212611    0.0172019    -0.265441     0.402137     -0.81278     0.740087    -0.492087    -0.675195     0.832913    -0.877316    -0.364978   -0.0161156     0.326979   -0.0826006    -0.242624     0.268526     0.813034    -0.585738     0.165432    -0.509856     -0.14206     0.932028     0.685982     0.349034    -0.122796     0.302001      1.00724      0.33475     -0.35061    0.0271673    -0.523098    -0.412227    -0.168589     0.161851     0.193759     0.059655    0.0939293     -1.00118  -0.00402857    -0.383304    -0.718128     0.446701     0.384709    -0.952345     0.892685    -0.416751    -0.341541    -0.851811   -0.0680178    -0.958792    0.0201916    -0.192895     -0.54987    -0.798034    -0.230447     -0.27194    -0.110953    -0.975099     0.313765    -0.370162    0.0630881    -0.935158    -0.308802     0.716493     -0.92293     0.408492     0.523162     0.766419     0.751504     0.770767     0.835557     0.247508    0.0501318    -0.394289    -0.219597    -0.937397    -0.429455  -0.00831162    -0.719406   -0.0930889     0.379283      0.99431    -0.597955     0.123338     0.532723     0.591172    -0.209505    -0.102972      0.76096    -0.406538     0.421256    -0.486168    -0.183387    -0.733362     0.536282    -0.722055     0.896127    -0.740331    -0.369025    0.0284591    0.0950718    -0.326767    -0.754374     0.152607      0.10106   -0.0869066    -0.258567    -0.242892    -0.504556    0.0902686    -0.239646     0.411519    -0.291862     0.599131   -0.0411442    -0.727819    0.0499314    -0.276535     0.953822     0.599024    -0.245453   0.00491156    -0.572652     0.754319     0.789467     0.314073      0.17864     0.715203     0.214413    -0.992273     0.808874     -0.34045    0.0886222     0.594867     0.869245    -0.446448     -0.19656    -0.099018    -0.582617    -0.109259    -0.592299     0.233531    -0.704558    -0.145677    -0.731101    0.0273748    -0.257144    -0.054412    -0.732562    -0.840099    -0.722755     -0.78098    -0.349927     0.381579    -0.864237     -1.01647     0.369746    -0.249228      0.60403    -0.392543         0.11    -0.489667     0.492559    -0.712848     0.224858    -0.418226     0.761324    -0.688741     0.023033     0.798667    0.0756999    -0.150107     0.723535    -0.106209    -0.195132     0.891993      0.98929    -0.225782     0.808981     0.537689    -0.724342  -0.00894351     0.241321     0.563724     0.667594     0.140047    0.0407628    -0.707979     0.174431    0.0293714     0.573885   -0.0322674    -0.699037    -0.735662     -0.40116    -0.575783     0.728351     0.357034
    -0.54578    -0.329628     0.221986    -0.456128     -0.84261     0.192172    -0.586149   -0.0610064     0.891039    0.0878594    -0.451575    -0.203125     0.983209    -0.553445    -0.498458    -0.178484    -0.497307     0.224489    -0.403043    0.0810495    -0.261836   -0.0780071    -0.748242    -0.766517    0.0200738    -0.912924     0.379265    -0.232249   -0.0249339     0.643276     -1.04737    -0.611884     0.897472    0.0147395     0.434244    -0.776486    -0.044734     0.362072     0.560812     0.699299    0.0848245    -0.749529    -0.519493    -0.264003   -0.0907576      0.88836     0.668463     0.824636     0.560474    0.0204655     0.115894    -0.712167    -0.022837   -0.0309432     0.743702    -0.198949    -0.874704       0.8249    -0.572288     0.879705     0.136992     0.808076      0.89929    -0.564082    -0.481296    -0.389153     0.430717    -0.867016    0.0719078     -0.83372     0.369034     0.648562   -0.0412762    -0.498863     0.961814    -0.406334     0.773702    -0.195902    -0.101215     0.360999    -0.822821    -0.949391    -0.867322    -0.390175       0.3028     0.527761    -0.850335     0.439795    -0.455526   -0.0895767    -0.283892    -0.221637     0.683314    -0.209439     0.139697     0.405001    -0.157573     0.374021     0.289135     0.838059     0.624389     0.895383     0.947226    0.0584066     0.176475     0.607258    -0.847878    -0.601898    -0.179546     0.625931     0.757416    -0.395481     0.552645    -0.201856   -0.0373417     0.537485    -0.999646    -0.947991   -0.0413116     0.943985    -0.385736     0.413768   -0.0436929    -0.684254     0.498552     -0.42377     0.126321    -0.892703     0.673692   -0.0174023   -0.0210743   -0.0996371     0.573321    -0.572425    -0.692717    0.0982726    -0.764611    -0.500412    -0.226723     -0.14635     0.316581   -0.0648144     0.108345     -0.11482     0.448219    -0.542354    -0.228349     0.827756     0.568114   -0.0824352    -0.489956     0.488867    -0.521358    -0.692807      0.55678    -0.832293    -0.268216    -0.819194     0.653777    0.0433737    -0.787795    -0.894502     0.407622    -0.959484     0.407098      1.09109    -0.794829    -0.115233     0.177254    -0.631319    -0.819626     0.264264     0.175048    -0.676935     0.710653    -0.118989     0.109724      1.08313    -0.536629      -0.2325    -0.195166    -0.850838     0.960407      0.76686     0.396361    -0.713955    -0.805824    -0.249027      0.85921     0.819405   -0.0593619   -0.0913032    -0.693392     0.902678    -0.619889     0.105299    -0.315445      0.83865     0.211195    0.0997594     -0.88154    -0.571123     0.152329    -0.226677      0.78473    -0.627203     0.614937     0.352026    -0.130026     0.707134     0.644339     0.482603     0.366044    -0.841169    -0.296334    -0.387921     0.952888    -0.744447     0.839042     -0.38427    -0.933295    0.0925579     0.416612  -0.00654059     0.634341    0.0765967    -0.869829     0.529554     0.601463     0.558781     0.244192    -0.318997     0.988984     0.663801     0.319532    -0.518308     0.825329    -0.943751     0.452622   -0.0730663     0.335858    -0.446037    -0.163716     0.351578      0.43854    -0.637057    -0.252021     0.467987    -0.129419    -0.835189     0.395208   0.00211693     0.393271     0.430781    -0.204483     0.719937
   -0.702757     0.958707     0.557146    -0.853272     0.764403     0.585532    -0.303401     0.405854     0.729257      0.65779     0.942345    -0.554345   -0.0293598     0.576676    -0.714799    -0.658652     0.600772     0.582269    -0.650305     0.290846     0.238258     0.778113      1.01094    -0.528075    -0.887448    -0.422206     0.492348    -0.202987    -0.118038     0.847869    -0.435146     0.456027    -0.865073    -0.417136    -0.231073    -0.543422    -0.140576     0.482791    -0.304685    -0.527896     0.450715     0.591764    -0.900215   -0.0113291    -0.873626      1.02138     0.456796     0.289699    -0.654857    -0.526622    -0.784701    -0.512487     -0.47607      0.26575    -0.355408     0.835837    -0.286125    -0.177656    -0.645147    -0.215278     0.962061     -0.43205    -0.797184      0.10716    -0.746003      0.16934      0.61022     0.818259    -0.196084      0.59343    -0.298493     0.303414     0.356139     0.794587   -0.0347391    -0.258814    -0.998422    -0.132581    0.0194956      -0.4494     0.880425   -0.0775795     -0.75502       0.7045    -0.504426    -0.074413    -0.299681    -0.372188     0.977016     0.284796    -0.703766     0.788976     0.313555     0.779782     -0.72473    -0.109793    -0.675079     0.346196    -0.522872    -0.698921   -0.0904361    -0.933272    0.0821945    -0.209072     0.160291    -0.396991    -0.229535     0.258975     0.961649    -0.300952      0.72567    -0.760863     0.250745    -0.180526     0.769398     0.565102     0.927608     0.251912     0.969491     0.885298    -0.614806     0.892449      0.30197    -0.439257    -0.880507    -0.141025     0.612422     0.549021     0.622396    -0.368326    -0.742904     -0.56109     0.596706       0.7601    -0.656183    -0.606717    -0.340168     0.850634    -0.116652    -0.624877     -1.09362     0.678138     0.539995     0.490458    -0.303789     0.300294     0.437514    -0.699253    0.0193439     0.563034    0.0357437     0.444182    -0.383351     -1.05316     -0.44726    -0.879888     0.568088   0.00212909     0.365898    -0.680604     0.176661    -0.454157     0.423652   0.00444389     0.453784     0.508666     0.126468     0.242113     0.490377     0.292928    -0.446676     0.401648    -0.497893    -0.950974     0.830867    -0.270305     0.827147    -0.739334     0.779429    -0.225015    -0.899979    -0.126485   -0.0279622    -0.595576    -0.173017     0.531806     0.624078     0.259493     0.749111     0.172661     -0.28186     0.683793    -0.863903     0.310391    -0.897924    -0.106517     0.551673      0.25323    -0.577548    -0.292737     0.715636      1.03005    -0.694993    0.0753858     0.756546     0.595362    0.0609631     0.644175    -0.515589     0.750611     0.219332     0.924262    -0.186933     0.281871     0.237888    -0.792926     -0.29974    -0.333981     0.219281    -0.619753     0.639134     0.280763    -0.320099     0.205358     0.138367    0.0685839     0.691046     0.279862    -0.410295     0.820915   -0.0143869    0.0623248     0.500084    -0.014966     0.619756    -0.736777     0.836475   -0.0711766     0.139657    -0.938062     0.454844    -0.456751    -0.890879    -0.230322    -0.990735      0.05208    0.0803768    -0.189313     0.609585    -0.389048     0.288843     0.274088     0.356347     0.792962     0.689455    -0.612939
   -0.249861    -0.601311    -0.461884     0.197799    -0.851184    -0.676492    -0.276486     0.657153     0.564415    0.0539927    -0.470546     0.656865     -1.13757     0.928233     -0.40807     0.736643     0.750498    -0.590895    -0.901663     0.536322    -0.296385    -0.279702      0.92672    -0.572686     0.223463     0.493143   -0.0243578    -0.806356    -0.920692    -0.035992     0.528593     0.582971     0.207921     0.692721     0.367074    -0.763388     0.429241     0.947229    -0.923872     0.794451    0.0254334     -1.05786    -0.592779    -0.931533     0.487264     0.563773    -0.854738    -0.891233     0.028847    -0.984806     0.843789    0.0954479    -0.607835    -0.684861     0.661163     0.561278     0.898171     0.510497    -0.701526     0.315615   -0.0527215    -0.170666      1.01414    -0.225276    -0.459531     0.286845    -0.623391     0.840691    -0.780129    0.0758662     0.532048    -0.482389    -0.233682     0.745463      0.72445    -0.822393     0.606644     0.930016    -0.204834     0.951934     0.163388     0.730389     0.336075     0.985432     0.238775    -0.172417     0.519277    -0.448288     0.259268     0.641045    -0.776192    -0.437935    -0.101079     0.305414    -0.629227     0.961712     0.926263     0.853324    -0.753671     0.299958    -0.246133     0.180841     0.811979     0.599975      0.74366     0.787749    0.0935737      0.80915     0.379081    -0.447267     0.146784    -0.173426     0.531784    -0.987494    0.0381804     0.392253     0.541845    -0.870787    -0.545007    -0.709163     0.101914      0.88316    -0.243144    -0.284731     0.486705    -0.332664    -0.326101     0.628802     0.470955     0.701169     0.784377      0.35479    -0.274222     0.114366    -0.201977      0.87625     0.819709     0.438724     0.419644    -0.824297    -0.509068    -0.836536     0.218068    -0.211626      0.70965     0.589942    -0.321825      1.00202     0.884441    -0.783174    0.0911315    -0.211807     0.103923     0.262839   -0.0534169    -0.340208     -1.06339     0.462536     -1.03427     0.687168    -0.778189    -0.390243     0.127587    -0.221355    -0.494629    -0.226922    -0.256423     -0.77952     0.409863    -0.616365    -0.130574    -0.442264     0.527413     0.490558     0.125971     -0.88627   -0.0469952    -0.509931    -0.199703    -0.566759     0.492739     0.145107    0.0484877     0.686396     0.111403    -0.784516     0.708355     0.475815   0.00763032      -0.6333     0.772763    -0.694933     -1.02056     0.646605   -0.0347207    -0.082087    -0.421597    -0.201888    -0.171806      0.38576    -0.181171  -0.00448037     0.295376    -0.469378     0.538338     0.342256    -0.143241    -0.241765     -0.94417    -0.714485     0.484964   -0.0411314    -0.145797      0.80648    -0.038581     -0.47817    -0.521168     0.557614     0.858626     0.115461    -0.974731     0.435135    -0.569053     0.656122    -0.763676     -0.33685    -0.811303    -0.252444    -0.325595     0.835435    0.0685214     0.744431     0.333416     0.795296    -0.379369    -0.158781    -0.305063     0.421764    -0.252839     0.395214    -0.222258    -0.366568    -0.503068     -0.78075     0.135126   -0.0776538     -0.21472     0.592174     0.577559    -0.447872     0.560953      0.62077     0.126414     0.312751    -0.352803     0.156602
    0.137572   -0.0157206     0.900495     0.456054    -0.634908     0.683972    0.0302743     0.663694     0.186334    -0.280626      0.31341     -1.01247     0.793203     0.356157    -0.764544     0.709393    -0.381882     0.612761     0.729878    0.0365021     0.826244    -0.750807     0.937274      0.11857   -0.0532811  -0.00370243    -0.537074    -0.888082     -0.36352     0.629912    -0.772598     0.619049     0.142538    -0.630662     0.737685    -0.188655    -0.765037    -0.943852    -0.123067      0.51412     0.303909    -0.171079     0.346509     0.124514     0.116879     0.630966    -0.572224   -0.0127536     0.861903    -0.402836    -0.080183     0.800821    -0.293364      0.46325    -0.860396     0.556411    -0.733785     0.243985    -0.965391    -0.865442   -0.0893876    -0.110598    -0.513971      1.03355    -0.136524     0.671781    -0.634543    -0.383769    -0.324184    -0.388638     0.277113     0.542209    0.0728165    -0.847707     0.641291    -0.540075   -0.0786425     0.817226     0.106068     0.952944     0.671983     0.860671     0.920622    -0.367623     0.479895      0.68157    -0.392428      0.21256     0.171764    -0.920428    -0.804789     0.961772     0.288561     0.903962   -0.0672984     0.690202      0.18092     0.711811     0.255386     0.719183     0.861791   -0.0483859    -0.441338     0.888302      0.19224    -0.564395      0.14444    -0.730759    0.0611554    -0.811279     0.965266    -0.134969     0.496995     0.162712     0.215149     -1.01427     0.277681     0.483565     0.379367     0.724686    -0.216801    -0.774567     0.206237     0.058023     0.429723    -0.515974     0.193706    -0.139294     0.429518     0.350424      0.69866     -1.03277     -1.01572    -0.157942    -0.198196     0.942134    -0.148408     0.841248     0.112328    -0.771283     0.602663     0.130936      -0.8085     0.207166     0.531441    -0.442805     -0.79049    -0.724228    -0.261034     0.693832    -0.520076     0.583816    -0.293275    -0.800412     0.945245     0.766445      0.54756     0.548316     0.349327      1.05183    -0.776842    -0.596108    -0.672718    -0.505911     0.934011    -0.826186    -0.478351    -0.730622    -0.309479    -0.925481     0.866435    -0.304194     0.011582     0.107879     0.610733     0.741265     0.925396     0.439715     0.933531     -0.60067   -0.0445934    -0.629112     0.425971     0.673496     -0.93013    -0.587085     -0.67303     0.619581     0.890337    -0.706771      0.32022     -1.00214    -0.597347    -0.977808     -0.49172    0.0938816    -0.647995      0.90776    -0.554342     0.487651    -0.858323     0.788904    -0.491967     0.656596     0.155694     0.513593    -0.711443    -0.931627    -0.425285    -0.723107    -0.188996     0.510274     0.764331    -0.707628     -0.47243     0.522078     0.842715     0.446987     0.768996      0.23602    -0.880778    -0.411477     0.524558     0.550364    0.0232858    -0.360157     0.701926    -0.796468     0.489902    -0.663923     0.684639     -0.68722    -0.361638     0.314349     0.355105     0.055587    0.0912639    0.0407577     0.987475    -0.633033    -0.396776   -0.0578995    -0.656405    -0.662294    -0.818202     0.150462    0.0917559     0.480775     0.477705    -0.502656     0.030128    -0.939412    -0.935564     0.457926    -0.203064     0.684374
    0.391391     0.700747    -0.496656     0.930011      0.84486    -0.899079     0.601818    -0.682531    -0.448586    -0.789286    -0.207935     0.190443      0.17832     0.263049     0.229762     -0.15304     0.895353     0.945933    -0.705296    -0.663791     0.821011   -0.0655418    -0.941097   -0.0165454    -0.888244    -0.770656     0.862223    -0.672172     0.790538    -0.148651    -0.234738     0.558517     0.080269    -0.234342     -0.54076    -0.588569     -0.23563    -0.664216     0.499718    -0.492943     0.689249     0.589617    -0.831632    -0.242377    -0.628625     0.738805     0.177551    0.0309661   -0.0623515    -0.616188    -0.910552     0.776812     0.689898     0.756123    -0.763601     0.564692     0.868792    -0.444075    -0.884581    -0.685608    -0.772378     0.629097     0.762457    -0.711012    -0.437324    -0.553969    -0.155925   -0.0452127    0.0765315     0.871154    -0.854607     0.947141     0.141427     0.172458    -0.870159     0.262249     0.302647     0.934036     0.968516     0.656278    0.0679513     -0.06151    -0.104909     0.635318    -0.687638     0.577052    -0.405468     0.771435    -0.750678    -0.680675    -0.488103     -0.82339     0.308679     0.336062    -0.587682    -0.120701     0.721551    -0.414144     0.426508     0.993457     0.371459    -0.360876    -0.924901     0.553452    -0.586564     0.296046     0.469054     0.339994     0.831864     0.914267      0.62555    -0.243062   -0.0618785     0.599789     0.811215     -0.96106     0.553622    0.0670547    -0.800836     0.801547    -0.932487     0.409659     0.287008     0.279993    -0.435299    -0.186791    -0.739959    -0.516653   -0.0467385    0.0573734     0.923524    -0.390729    -0.532995   -0.0029351     0.315866     0.761723   -0.0287107     0.660347     0.306809     0.468284    -0.674523     0.666928     0.424894     0.769702    0.0126871     -0.84081     0.195983    -0.655975     -0.26739    -0.156685     0.631971     -0.97377     0.297461    -0.102545    -0.712644    -0.780255    -0.857663    -0.343291     0.621806    -0.406629    -0.431716    -0.701046      0.45617     0.375444    -0.425902    -0.430191    -0.801952    -0.176777     0.892473     -1.03113     0.390282    -0.956386    -0.451756    -0.106532    -0.218252     0.318617    -0.991052     0.868856     -0.88758    -0.748034    -0.524882    -0.185183    0.0440705     0.796741    -0.221059     0.943627     0.103394    -0.690912     0.973761     0.683903     0.263408     -1.07108     0.502013    -0.387761    -0.321371    -0.561074     -0.38459    -0.877264    -0.354025    -0.642429    -0.712135    -0.383523    -0.384279     0.300655      0.92811     0.355157    -0.909961    -0.145157    0.0667974     0.901279    0.0737859    -0.744641 -7.76393e-05     0.326652     0.858652    -0.583186     0.220543    -0.979515     0.374694    0.0729734   -0.0574858      0.49547     0.435792     0.322171   -0.0673742     0.820205     0.789428    0.0244078    -0.436736     0.309293    -0.465766     0.575645     0.861965     0.808961     0.143144      0.19065  -0.00933023     0.494848      -0.2864    -0.786679    -0.249712     0.377189    -0.264105    -0.211882    -0.951255    -0.634934     0.287843    -0.779264    -0.370253    -0.810509     0.623883      0.18285    -0.730957     -0.65598     0.784154     0.349736
  -0.0939151    -0.355491    -0.951307    -0.057067    -0.923497    -0.560271     0.577609    -0.893955     0.386122     0.281372    -0.258046     0.270421     0.359734   -0.0317345     0.191489    -0.576837    -0.127457    -0.563463    -0.194251    -0.425678    -0.219735    -0.983842    -0.292998    -0.561117    -0.491933     0.185835     0.631492     0.858435    -0.383769    -0.397484    -0.783784    -0.686899    -0.826849    -0.838452     0.443336    0.0440078     0.299232     0.403858    -0.380558     0.490225     0.233946     0.279771    -0.843152     0.466092     -0.38684    -0.378365    -0.465224    -0.929213    -0.500402    -0.403261     0.927302    -0.476901      0.42582    -0.599903    -0.326862     -0.15545     0.783651     0.684131     0.908982    -0.494221    -0.517684     0.393153   -0.0656734     0.578583     0.120345    -0.209748    -0.172244     0.382329   -0.0908967    -0.512383    -0.858479     0.272603      0.86193     0.924937    -0.839976      0.52122     0.496097     0.567424     0.854588    0.0545485    -0.804497    -0.688822    -0.681387     0.380562     0.371554   -0.0840007    -0.568616    0.0718053    -0.946348     0.707461      0.59053     0.540741     0.703931     0.896752    -0.878826     0.271475     0.884866     0.666514    -0.202433    0.0751878    -0.225253    -0.900413     0.506673   -0.0176673    -0.947515     0.680602     -0.97447   -0.0159819     0.948507     0.205702    -0.989962     -0.07671    -0.670988     0.381081     0.442062    -0.849516    -0.547511    -0.141266    -0.952222     0.389339    -0.274407     -1.01731     0.972395      0.65643    -0.836557    -0.210434     0.934249     0.671739    -0.148739     0.449246    -0.231114    -0.734675    -0.562645    -0.755859  -0.00613502      0.83529     0.235546   -0.0963633     0.441047     0.294283     0.532856    -0.979636    -0.792037     0.640024    -0.220149     0.011807     0.539963    -0.562948    -0.670934    -0.201863    -0.521829    -0.713514     0.038848    -0.342676     -0.43009     0.343817    -0.273733     -0.16091    -0.125298    -0.198346     0.751187   -0.0107456    -0.688823    -0.966776    -0.880162    -0.239739     0.676954    -0.352982     0.525922   -0.0901333    -0.242525    -0.611387    0.0925508    -0.610138    -0.265494    -0.168979     0.375715    -0.575956    -0.600596    0.0923554    -0.227658     0.661411    -0.057293    -0.602281     0.893686    -0.414925     0.354035     0.424402     0.390607       0.3737    -0.264899     0.800366    0.0492168     0.923888    -0.652093    -0.568256     0.627139    -0.598399     0.535573    -0.636095     0.365447     0.594432    -0.894971    -0.961982     0.908808    -0.676446    -0.396266  2.95866e-05     -0.56183     0.416252    -0.376539    -0.777978    -0.349849     0.510328     0.946136    -0.872757     0.720377    0.0391411    -0.982189    -0.846918     0.816595     0.693133    -0.738176    -0.646694    -0.889603    -0.707386     0.936549    -0.829103     0.228631     0.050106    -0.863387     0.248641     0.578771    -0.541509     0.131518     0.753464    -0.386004   -0.0187435    -0.566701     0.844896     0.701011    -0.254373     0.501569     0.441747    -0.699009     0.209768     0.396055    -0.564926    -0.337232    -0.672107    -0.433854     0.170368    -0.901582    0.0521922     0.188892    -0.499218
    0.232293     0.853092      0.39512    -0.975651    -0.849897    -0.601235    -0.563171      0.18123     0.649237     0.953211     0.343507  -0.00142982    -0.858643      0.64259    -0.745904     0.831933    -0.325572    -0.370313     0.170137     0.851316   -0.0478699     0.811632     -0.44478     0.113712     0.880802    -0.985444     0.659128     0.324946     0.682226    -0.066533     0.767053     0.792533     0.872175    -0.600294     0.465294    -0.613837     0.749848    -0.314911    -0.271298  -0.00012845    -0.385761     0.464114    -0.558939    -0.260471    -0.712835     0.438803     0.446747    0.0461527    -0.880145     0.354275    -0.406494    -0.795828    -0.865342    -0.917163    -0.802667    -0.740476   -0.0874039     0.959467    -0.134909      0.41947    -0.397402    -0.782591    0.0513673     0.474584    -0.869289    -0.641202     0.945452    -0.140422     0.423743     0.481295     0.884222     0.551491     0.457399    -0.664133    -0.426454    -0.468275     0.815981    -0.314704    -0.806446     0.092329     0.764711     0.294435     -0.13883    -0.770559     0.354102    -0.854927     0.639323    0.0370703     0.103894    -0.657568      0.65787     0.947135    0.0637326    -0.465915     0.856392    -0.691881    -0.177695    -0.152531    -0.303403     0.327747    -0.215399     0.443389     -0.17172    -0.501348    0.0637362    -0.856859      0.96952     0.242603     0.012606    -0.112548     0.969194    -0.778324     -0.53874    -0.821636     0.231248     0.402577    -0.964009     0.509914     0.159367     0.112578    -0.209493     0.798477     0.884065   -0.0776815    -0.401567    -0.761462     0.138923     0.313063     0.445487     0.948416    -0.910971    -0.237577    -0.271347    -0.569062       0.7737     0.283482     0.920922        0.165   0.00473177      0.75648    -0.199071    0.0173661     0.549374     0.967108     0.174154    -0.234177   -0.0149615     0.365098    -0.983409    -0.149555     0.556729    -0.165754     0.180244    -0.399295    -0.511734    -0.902182     0.288923     0.906605   -0.0394589    -0.729543    -0.244615     0.365724    -0.311593    -0.366158    -0.301226     0.119013     0.302458     0.496291    -0.144165    -0.875707   -0.0182383    -0.647792    -0.679814   -0.0497428    -0.226658     0.547144    0.0335741     0.708311     0.403196    -0.747674    -0.746391     0.529337     0.954643    -0.279779    -0.665649    0.0121948    -0.843577      0.38082     0.164431     0.420198    -0.564441    -0.119489     0.725749     0.642954    -0.151932    -0.793814   -0.0795962    -0.471315     0.577624    -0.404855   -0.0999676    -0.153404      1.02754     0.804527    -0.417482    -0.822176     -0.72943     0.097763      1.03333    -0.576924   -0.0542641     0.860678      -0.2797     0.692534     0.189431    -0.101429     0.913091     0.480489     0.846789    -0.770119    -0.565356    -0.935231     0.130509     0.303977     0.989988     0.826916     0.948006     0.921139    -0.027546    -0.702342    -0.615286     0.654307     0.697577   -0.0882988     0.664487     0.780623    -0.570498    -0.256426     -0.30588     0.901515     -0.52348    -0.215982    -0.296675   -0.0651987    -0.165718    -0.303002    0.0864163    -0.794223     0.172991    -0.259035    -0.541052     0.701148      0.90586     0.144386      0.24264    -0.637282
   -0.513265     -0.66514     0.738717    -0.203602     0.764907     0.991749    -0.394051     -0.67602      0.40558    -0.903137     0.473693     0.343185    -0.918277    -0.427255    -0.369795    -0.491878     0.252923    -0.956695     0.785193     0.502398     0.596198    0.0481171     0.787403    -0.152321   -0.0329177     0.426476    -0.381485     0.271253    -0.755702    0.0804506    -0.606425   -0.0864632     0.878321      0.20482     0.737809    -0.525916    -0.157466    -0.940493     0.621054    0.0160239     0.926175     0.864392     0.521947    -0.151508    0.0545872    0.0287296     0.282025    -0.879215    0.0210576      0.27598     0.569813     -0.41173     0.509853      -0.6325     0.204025    -0.874372    -0.226403    -0.327243     0.200776     0.245456    -0.281262    -0.912636    -0.901408    -0.647547    -0.496787    -0.368121       0.4916     0.867603    -0.829824     0.219784     0.697484     0.222948     0.536046   -0.0454645     -1.01943    -0.143712     0.713164     0.943288    -0.356533       0.6455    -0.407244    -0.642277    -0.309537     0.949824    -0.903403     0.196232    -0.569756    0.0978536    -0.319979     0.624178    0.0593071    -0.572121     0.334767     0.474913    -0.650214     0.665949    -0.364512   -0.0824635     0.582203     0.144696    -0.822446    -0.918278     0.646493    -0.865975     0.393025    -0.574001    -0.866198    -0.440465    -0.674242     0.077911   -0.0219927    0.0112372     0.327677    -0.595377    -0.892124     0.842366      0.19472    -0.726523     0.549238     0.352963     -1.05318     0.675104     0.589229     0.495921     0.546736    -0.747531     0.704189      -0.5234     0.139627     -0.22099     0.979167     0.327098     0.546317     0.966085    -0.329974     0.986263     0.375679    -0.317044     0.568493     0.759736     -0.26129    -0.962963     0.842092 -0.000668911      1.03287     -0.24703    -0.955212    -0.180211     0.012269     0.271279    -0.804207    -0.378667    -0.233067    -0.791394     0.497145     0.354132    -0.419512    -0.698008     0.401852      0.60341     0.319021     0.212075    -0.627897     0.662103     -0.48069     0.753256    -0.508736     0.432524    -0.730513    -0.626025     0.278092    -0.794972    -0.925888     0.523659     -0.15705     0.457571    -0.544551    -0.490277    -0.510166     0.495763    -0.681716      -1.0208     0.233615     0.333177   -0.0995447    0.0769239     0.253102    -0.479534    -0.525372      0.34948    -0.504781    -0.484387     0.480824    -0.244577     -0.61623     0.625392     0.575474    -0.914913      0.80403    -0.952873    -0.801781     0.247332    -0.601191     0.846399     0.862052     0.177702     0.382325    -0.415259   -0.0655897     0.174273    -0.908714    -0.331872    -0.204788     -0.50712    -0.231508    -0.476939     0.229108    -0.827694     0.790989    -0.231866     0.395657    -0.608752    -0.287978     -0.18598    -0.594529    -0.602589    -0.692528     0.860501     0.891317    -0.742823    -0.476681    -0.457787     -1.08945     0.483698    -0.012756    0.0993531    -0.311035     0.359618     0.206825      0.54694    -0.354019    -0.178805     0.124282     0.898995     0.490706     0.702296    0.0508776    -0.671418     0.359355      0.18641    -0.972135    -0.315499     0.976546     0.929337    -0.890329    -0.874272
   -0.492886    -0.866115      1.00892     0.165362     0.689343    -0.137891    -0.728909     0.845452     0.268588    -0.232234    -0.792597    -0.125055     0.750735     -0.12958     0.512401     0.760996     0.106699    -0.530774     0.156087      0.63894     0.237026     0.984573    -0.168753     0.075545    -0.160098    -0.208435     0.631817     0.867052     0.758055    -0.305184    -0.289721    -0.240118     0.671104      0.19738   -0.0720107     0.911714    -0.853488     0.250867    -0.892705    -0.066916    -0.267838    -0.821225     0.959961    -0.649492     0.806094     -0.38416    -0.802045  -0.00729332    -0.150168     0.757283    -0.219021     0.533192     0.776885     0.455735    -0.617991     -0.55626     0.462579    -0.547384   -0.0169676    -0.406781     0.952217     0.156711     0.933346     0.117488     0.398707     -0.81411    -0.603975    -0.845526    -0.231395     0.897407    -0.696635     0.603226     0.787743     0.893044    -0.718903    -0.357896    -0.720584     0.913133     0.226423     0.738183    -0.570641    -0.916634   -0.0564984    -0.473066    -0.328311    -0.993733    -0.330067     0.961013     0.352987     0.708983     0.684609     0.375557    -0.817685    -0.308853    -0.950889     0.830162     0.638149      0.66437    0.0688436    -0.649166     0.251111    -0.661739    -0.714247   -0.0154508     0.209673     0.272343     -0.36716    -0.635327   -0.0779268     0.689939    0.0112653     0.022228     0.310296     0.942566     0.675016     0.681879     0.515072    -0.398177    -0.322458    -0.307866     0.500183     0.313363   -0.0760038     0.995488    -0.467656      0.65641    -0.672729    -0.827952    -0.190702     0.970109    -0.950935     0.699778    -0.531494     0.678405     0.909778    -0.671035    -0.404291     0.328792    -0.412567     0.100422   -0.0127804    -0.561548    -0.852874     0.812162     0.904312     0.290139    -0.644799     0.651662     0.656781    -0.306581     0.715471     0.990399     0.204726     0.332267   -0.0821272     0.243977    -0.155155    -0.749332    -0.243761    -0.807092     0.191627     0.362584     0.202371    -0.475057     0.527678    -0.121555     0.673928    -0.534663    -0.556555    0.0869007    0.0981939     0.502906    -0.543326    -0.162756     0.801468     0.412081     -0.76836     0.980991     0.180463     0.199746    0.0605073     0.918914     0.487759    -0.468345     0.914052    -0.864165     0.672908    -0.434825    -0.453743    -0.390561     0.182345      0.24142     0.428614     0.147512    -0.480926     0.558942    -0.218425     0.784123     -0.18813     -0.46265    -0.678487    -0.602517     0.660061     0.319119    -0.213179    0.0230119    -0.476259    -0.149403    -0.580887     0.576329     0.494704    -0.946741    -0.676633     0.515027     0.259223    -0.484525    -0.585497    -0.109402    -0.427488     0.876604     -0.92995    -0.232922     0.838051     0.500211     0.149048    -0.935858     0.230217     0.870946     0.158108     0.903083    -0.369891    -0.702926     0.971795    -0.935554    -0.817971    -0.865136    -0.366175     0.785711     0.166394     0.685974     0.836135    -0.773649     0.478683    -0.498968    -0.349829    -0.605595    -0.849692    -0.721655    0.0455978   -0.0840252      0.82916     0.915914    -0.209741    -0.737931      1.00241      0.81558
    0.748199     0.470396     0.152937    -0.608728     0.229376     0.555622     0.139036    -0.660328     0.262619     0.680584    -0.576356     0.463902    -0.208817     0.660186    -0.301022     0.758414    -0.559021     0.323816    -0.746382   -0.0498001     -0.19388    -0.173048    -0.106618    -0.176647       0.7212    -0.688061    -0.584519    -0.546281    0.0247911   0.00262855   -0.0248883    -0.725716    -0.143051     -1.00915     0.965133     0.810091    -0.972974    -0.948773     0.242489    -0.878364    -0.617189      0.15556     0.611608     -0.47175    0.0195759    -0.694929     0.751837     -1.01254    -0.692432      0.45874     0.364922    0.0187077    -0.980744     0.750301     0.368747     0.820671    -0.348513     0.975536    -0.511512    -0.974421     0.970326     0.830014     0.210821   -0.0539785    -0.184198     0.212253     0.586725    -0.372808    -0.159174     0.201148     0.424932     0.415914     0.432234      0.16056     0.684256     0.846903     0.355168     -0.46918     0.727142    -0.189883    -0.593858     0.306407    -0.954261    -0.363633    -0.837396    -0.583045     0.485406    -0.841119    -0.196464    -0.483646    -0.138311     0.631116      0.69068    -0.384407      0.69237     0.399424    0.0693728    0.0815152    -0.419607    -0.127808    -0.117857      0.65503    -0.869805    -0.672929    -0.413822    -0.815623    -0.857898    -0.641899     0.333317     0.442342    -0.829946     -1.02759    -0.719286     0.946793     0.391358     0.902742    -0.837225     0.781639    -0.191908     0.272913     0.342094   -0.0172101    -0.247274    -0.631321     0.375309    -0.657678     0.325402     -0.51353    -0.572291     0.991434   -0.0177607    -0.531466    -0.932738     0.423713    -0.758614     0.613908    -0.531542    -0.802671    -0.649525    -0.459778    -0.548448      0.53367     0.149654     0.491245    -0.852842     0.949901    -0.846612    -0.230622    -0.087657    -0.426152     0.939527    -0.833372     0.397151     -0.96106    -0.853854     0.315358    -0.443218     0.490744     0.397577    -0.606254     -0.84874 -0.000772253    -0.218045    -0.561943    -0.878451     0.266623     0.129894     0.909888    -0.662105     0.252832     0.649538      0.84443    -0.215701    -0.227861    -0.120794    -0.501454     0.820434    -0.403226     -0.70112    -0.742301     0.670186     0.710915    -0.558134    -0.176307    -0.193991     0.876926    -0.158252    -0.240213    -0.167268    -0.495971     -1.01667    -0.363013    -0.533816    -0.885179     0.658604    -0.517751    -0.150201     0.899874    -0.710024     0.742231     0.483073     0.393778    0.0524465     0.405457     0.120516    -0.858838     -0.84962     0.419655     0.529755    -0.759182      0.26128   -0.0805677      0.17492   -0.0723758    -0.590184     0.162186     0.577579     0.572988      0.91822    -0.173787     0.689103    -0.352528     0.424207    0.0782819     0.748524    -0.203703    -0.375485     0.165079     -1.00981    -0.728311    -0.367517     0.357661     0.856329     0.926726    -0.307581     0.285571     0.899399    -0.384062     0.409598    -0.903569    -0.845783    -0.355338      0.57941     0.333976    -0.999964     0.567153  -0.00443871    -0.109543     0.607236     0.143206    0.0573679     0.515539    -0.337011     0.504397    -0.294125    0.0514192
   -0.977365    0.0608319    -0.685091     0.227828    0.0743557    0.0542076     0.458905    -0.199474     0.897362     0.926127    -0.625184     0.356771      0.15085    -0.617379  -0.00228566    0.0233703    -0.324203    -0.523021     0.812522     0.367418     0.937418     0.950276    -0.353085       0.8853     0.445649     0.925702    -0.446999     0.521275    0.0632861    -0.430735     0.593131     0.853867     0.955678     0.634529     0.907927    -0.418305     0.865808    -0.695508    -0.871952     0.918574     0.461614      0.87063     -1.03077    -0.762549     0.729278    -0.654281     -0.56802     0.866449    -0.386733    0.0205202   0.00535545    -0.547758    -0.632589     0.945451     0.167131    -0.852238    -0.410377    0.0585616    -0.165582    -0.398438    0.0121901     0.474161    -0.640678    -0.667724     0.238247    0.0430114     0.757999   -0.0253552     0.290403     0.369306    -0.967876    -0.317457     -1.05545      1.01696     0.420276    -0.605244    -0.125642     0.961494     0.879003    -0.921273     0.320003    -0.494339    -0.356762     0.809583     0.385665     0.609885     0.790354     0.324744     0.549805    -0.914201    -0.450602    -0.345749     0.014935    -0.742263    -0.205653     0.506671     0.833522     -0.69391    -0.543337    -0.275779     0.125662    -0.186191     0.650045    -0.439347     0.540216    -0.586894     -0.44365    -0.260036    -0.441237     -0.41884    -0.849475     0.667883     0.011955     0.413736      0.51178   -0.0207583    0.0558088    -0.943929     -0.57074     0.301368     0.695928    -0.790689      0.92946    -0.664323    0.0646642     0.525366    0.0467245   -0.0939454    -0.488068      0.60604     0.451397     0.698077     0.451681    -0.490709     0.746092     0.308472     0.924326      0.84182    -0.434678    -0.544438    -0.783045    -0.334415    -0.279857    0.0336262    0.0602526     0.291307     0.134176    -0.893216    -0.625616   -0.0943365    -0.119651    -0.721845    -0.359606    0.0135715     0.325831   -0.0747618    -0.185493    0.0345501    -0.329694    -0.807951     0.966264     0.310832    -0.037271     0.489232    -0.861553     0.703212     0.872074    -0.378375    0.0624454     0.502092    -0.392607    -0.159959     0.395914     0.535398    -0.858362     0.780272     0.469567    -0.305738    -0.724213     0.623852    -0.516664     0.123139     0.087033    -0.572175    -0.981769     0.438084   -0.0546149   -0.0421254     0.914442    -0.238483   -0.0406159    -0.150338    -0.316267    -0.351934    -0.856994     -0.48836    -0.607519      0.31295     0.745963     0.838973     0.193869    -0.235726    -0.512336      0.89928      1.00377    -0.154158     0.705857     0.197908    -0.567096    -0.943577     -0.42344     0.360372     0.465398     0.191077    -0.708458    -0.808658    -0.319861     0.532245     0.350457    -0.609096    0.0466528     0.955379    -0.883144    -0.931681     0.198201     0.973481   -0.0122982     0.626117   0.00741278    -0.844917    -0.449847    -0.304202    -0.816672      0.30417      0.20882    -0.288396     0.278122    -0.135873    -0.722865     -0.27942   -0.0898717    -0.338231     0.333598     0.787331    -0.089532   -0.0826953     0.893914    -0.979065   -0.0785172     0.362548    -0.643987     0.443937     0.650393     0.578606    -0.209792     -0.76407
   0.0590401     0.429481    -0.276534     0.481265     0.947873     0.905133    -0.940163     0.685778     0.405689    -0.597131    -0.672926     -0.70513    -0.246583     0.325682     0.384305    -0.611081     0.653676    -0.257024    -0.174991     0.445248      0.50287     0.350518    -0.536687     0.506677     0.242846     0.725353     0.755178     0.158833    -0.721021     0.523477     0.442002     0.446968     0.621505    -0.493892      1.04709    -0.605404     0.643536    0.0706715    -0.646296    -0.727529      0.48689     0.275904     0.186094    -0.639924    -0.782088    -0.341583   -0.0448593      0.17604     0.659672     0.889641     0.197208     -0.16389   -0.0718595     0.822404     0.304165    -0.377241     0.636943     0.166121     -0.62563     0.459382     0.718031      0.34308     0.933336    -0.174584    -0.096683    -0.688837     0.664233    -0.486058     0.877111    -0.110458    -0.492939    -0.178146     0.851631      1.00165    -0.889833     0.741943    -0.811009    -0.673856    -0.136556    -0.186248     0.809306     0.490312    -0.512532      1.00517     0.650052     0.267144    -0.922944     0.646596     0.117246   -0.0975621    -0.473341    -0.140938    -0.343872    -0.489506    -0.193037    -0.403222     0.219222     0.202658     0.845457     0.485413     -1.23511      0.87707      -1.0054    -0.795493    -0.213578    -0.665481    -0.220827   -0.0907336    -0.741456    -0.277438    -0.197124   -0.0156678     0.650788     0.861563     0.948812    -0.680914    -0.886152    -0.878117    0.0249583    0.0552166     -1.10817     0.749411     -1.04516    -0.120905  0.000595797      0.61256    -0.615869    -0.684688    -0.597315    -0.469018     0.810978     0.458521     0.192183     0.955369     0.611395     0.304455    -0.382197    -0.063604    0.0311102    -0.483735     0.018694     0.270556     -0.25723    -0.443679    -0.072042     0.120063     0.885581    -0.130176     0.650357    -0.240029    0.0174037     0.802012      0.41929   -0.0920376    -0.112478     0.614827    -0.604848     0.534204    -0.330554     0.814827     0.298217     0.233638    -0.240645     0.115234   -0.0549626    -0.494779    -0.686921    -0.935261     0.175797    -0.426031    -0.505496    -0.649188    -0.356385    -0.317281   0.00345671     0.295926     0.556114    -0.529267     -0.29612     0.310371    -0.836831      1.09964    -0.413599    -0.472289   -0.0691144    -0.652427    -0.702423    -0.789909    -0.454426    -0.985726     0.268223     0.963483      0.91532     0.724479     0.900912    -0.162483    -0.860267     0.364017     0.107405     0.881543    -0.405418     0.884387    -0.390362    -0.582945     0.591127    -0.421267    -0.721574   -0.0799034    -0.695745    -0.975931    -0.558097     0.432859    -0.796963    -0.391026     0.725227   -0.0958579    -0.511082    -0.332174    -0.507719    -0.898443      1.00415    -0.102117     0.590152    -0.693675    -0.951519     0.342405    -0.954274    -0.517349    -0.564944     0.976083    -0.885263     0.859745    -0.141145    -0.873425     0.647284     0.528224      0.66564     0.625738    -0.420269     0.461102    -0.580165    0.0736792    -0.889592    -0.473499    -0.624729   -0.0327469    -0.271304   -0.0408537     0.297311      1.03673     0.138473    -0.932655     0.479219    -0.246146     0.332592       0.6246
    -1.03502    -0.991465      0.42597    -0.351019    -0.826884     -0.50904     0.113438     0.122559   -0.0822731     0.894549     0.962868      0.85697    -0.392703     0.822337     0.383487    -0.543302      0.63996    -0.913814     -1.04224     -0.40075    -0.715613     -0.15606     0.841498     0.222602     0.828743    -0.125088    -0.464806    0.0503058    -0.550714     0.337174 -0.000483647     0.274318    -0.545688    0.0900436    -0.433773     0.824438     -0.18086    -0.825081    -0.751232    -0.686822     0.115561     0.109964     0.653974    0.0485611     0.679676     0.638584     0.248021    -0.316583    -0.857443     0.235417    -0.405454    -0.819964    -0.120541    -0.584503    -0.889059     -0.47204     0.251109      0.51578    -0.271603     0.308251    -0.531226    -0.886278    -0.559737    -0.477416    -0.800572  -0.00758869     0.554873     0.714884    -0.882342    -0.734422     0.829228 -0.000287959    -0.701846     -0.14297     0.831081     0.506903    0.0315202     0.859589    -0.229039     0.518953    -0.216144    -0.715096     0.334889   -0.0697919     0.537703    -0.544386     -0.51499     0.932796     0.837497     0.908967     0.623609     0.484674    -0.645031     0.771431    0.0877429     0.533682    -0.612648    -0.213038     0.478718     0.388602     -0.78536     -0.66814    -0.435656    -0.402457    -0.720203     0.916556    -0.198535    -0.919439    -0.708965     0.233368    -0.989614    -0.103304     0.597538     0.382619    -0.114991     0.365327     0.440862     0.011961   -0.0551234    -0.946814     0.370732     0.246725     0.603467     0.801903      0.82022    -0.973269    -0.879954    -0.766181     0.455254     0.356271     0.373045     0.116119       0.9225    -0.708397    -0.778735      0.19345      0.20035     -0.74086    -0.426015     0.522741    -0.849645     0.545717     0.171776    -0.530481     0.809154     0.551319     -0.87487    -0.679523      0.61377     0.112762     0.866368     0.553821     0.981893   -0.0716475      0.82626     0.419582     0.670563    0.0780027    -0.718655      0.21075     0.197265     0.600774     0.451749    0.0461912    -0.628025     0.011499    -0.536421    -0.972138     0.636697   -0.0892643     0.894192    -0.950037     0.434568    -0.542228    -0.651269    -0.907297   -0.0524638     0.619373      0.18997    -0.975327     0.937297    -0.260957    -0.484956     0.754039     0.409741    0.0418879    -0.356192    -0.606669     0.990477     -0.46096     0.711256   0.00558698    -0.527043     0.753151     0.363479    -0.946352     0.323658    -0.353515     0.799603      1.04664     0.836647     0.219376     0.969954     0.332117    -0.241814     0.840811    -0.562843     0.123214     0.763575    -0.339732     0.630539     0.927077    -0.581307     0.827538    -0.867595     0.445536    -0.977103    -0.595746     0.811268    -0.369188     0.484586    -0.297232    -0.864772     0.533594    -0.136622     0.338202    -0.525531     0.491779       0.4577     -0.97433    -0.255956      0.75244    -0.738829     0.843115     0.496911    -0.592077      1.03839    -0.883117    -0.516858     0.119973    -0.866709    -0.152908     -0.36926     0.615856     0.538809     0.518426      0.32215     0.873043    -0.768348     0.328241    -0.802295     0.057303    -0.210552   -0.0662528    -0.291575    0.0348926
   -0.498187     0.937116    -0.175253     0.177408    -0.852614    -0.125508    -0.240716     -0.34057     0.768433    0.0752627     0.350119     0.742769     0.683299     0.262963      0.59793     0.169883    0.0605445     0.374526     0.226785    -0.200194     0.209135     0.621574    -0.311858      0.53794    -0.144899      0.81489     0.853399     0.520574    -0.724274   -0.0336333     0.212151     0.265285     0.356739    -0.128541     0.965501     0.413889      0.57926    -0.283775     0.773659    -0.143504     0.995072    -0.193943    -0.217359     0.317064      0.95594     0.913102    0.0871674       1.0198   -0.0921272     0.481189    -0.422024    -0.434612    -0.786504   0.00104963     0.280186    -0.178089    -0.265295     0.274805    -0.920915     0.826361     0.128966      0.79807     0.220921     0.014697     0.788904    -0.503457     -0.58414    -0.112537     0.803505    -0.901001    -0.374478      1.00546    -0.656038    -0.436145     0.297097     0.480745   -0.0460269    -0.470909      0.92081    -0.591345     -0.17958     0.960461    -0.785049     0.774541     0.256979   -0.0580908     0.848507    -0.795576     0.516549    0.0974275    -0.373526     0.125275    -0.350508   0.00721302     0.288922    -0.858902    -0.173303    -0.463115     0.405812     0.643359     0.170904     0.315079    -0.832299     0.265236    -0.785427       0.2138    -0.474577    -0.213489     0.454344    -0.261453    -0.679466     0.299458     0.105965   -0.0906987     0.590456    -0.633194      1.05479    -0.802818    0.0723805    -0.304169     0.493024   -0.0633275     0.153156   -0.0266133     0.213595    -0.508069    0.0239298    -0.646208    -0.195357     0.152284     0.832216    -0.725709    -0.682243     0.770194     0.112762     0.347818     0.920712     0.245801    -0.228423      0.83382      0.71126     0.369661     0.118884     -0.17152     0.255662    -0.874488    -0.993181    -0.715602    -0.561474     0.998709     0.711928     0.144585    -0.448972    -0.834412    -0.302644    -0.795772    -0.185412    -0.373795     -0.39495    -0.425995     0.688708    -0.867325    -0.927567     0.947044    -0.866164    -0.216853     0.127807     -0.83651  -0.00530262     0.081262    -0.779342     -0.70573     0.264384    -0.440975    -0.608333    -0.307694    -0.929817     0.519059     0.246826    0.0837932     0.828152    -0.428007    -0.222903      0.84002    -0.711553    -0.771212     0.681577      0.97669    -0.308587    -0.523905    -0.348831    -0.204999    -0.669917    -0.593564     0.251911     0.672074     0.591424    0.0723849     0.537396    -0.747096     0.740982    -0.962415     0.873324     0.243195    -0.562186     0.781516    -0.275111    -0.925774   -0.0394573    -0.842483    -0.882874    -0.609778     0.346012     -0.86649   -0.0427475    0.0655867    0.0213419    -0.646914    -0.159685     0.297446     0.584229      0.93441     0.798374     0.262113     0.339327    -0.866387      1.01404    -0.215228    -0.682056    -0.897132     0.210097     -0.14269    -0.551593       1.0059    0.0362475     -1.01919    -0.947828    -0.964156    -0.748325    -0.509388    -0.405675    0.0912401     0.249432    -0.305621    -0.769647    0.0403177    -0.205916    -0.575427     0.113043     0.031414     0.794089    -0.196228      0.26225     0.356787     0.257785    -0.825992
    0.799968    -0.165302     0.506813     0.154868     -1.00303    -0.651077     0.465052    -0.196702     0.779501     0.694312     0.246435    -0.144829     0.798361     0.664522    -0.689951    -0.870392     -0.51157    -0.134402    -0.163675     0.741915    -0.842091     0.861137    -0.348022    -0.901941    -0.342081    -0.606864     0.422711     -0.53995    -0.774755    -0.762748    -0.615378     -0.55465     0.540676    -0.280557     0.872569      0.38421      0.89034     0.578087     0.596039    -0.263794    -0.591827    -0.525617     0.896136   0.00738724     0.738815     0.595393     0.162864      0.34763    0.0403455     -0.33175     0.886404     0.882613     0.546834      -0.9506     0.680093    -0.198219   -0.0607569    0.0484146    0.0924641    -0.637254    -0.270191     0.650865     0.107012      0.16694     0.334402     0.126697    -0.745739     0.672083     0.173679    -0.860152     -0.75198    -0.175646    -0.194627     -0.93424    -0.665917    -0.786713    0.0161711    -0.235647      0.46471     0.454775    -0.890049    -0.267538    -0.741726     0.222698     0.951294    -0.738535     0.731423     0.288702    -0.518859    -0.652048    -0.852376    -0.923289    0.0198465    -0.407359     0.720451    -0.575192     0.221868    -0.844428    -0.583496    -0.277901     0.459857     0.716292     0.380693     0.431467     0.697322     0.384305     0.106148     0.403733      -1.0416     0.585206     0.737769    -0.924647    0.0913947     0.590732    -0.124479    -0.807619     0.840721     0.125044     -0.84933     0.142114     0.512192     0.902124   -0.0812499    -0.760456    -0.908193    -0.744621     0.541793     0.658052      0.34465     0.672893    -0.303234      1.06834     0.294362     -1.02144     0.557872     -0.82325     0.783327     0.545403    -0.653791    -0.487759     0.859465    -0.274421     0.084511     0.839587     0.581365   -0.0102219    -0.540919     0.532592     0.656411    -0.233081    -0.648879     0.194418     0.209813     0.485284      0.90617     -0.37049     0.429009    -0.899242    -0.785822    -0.190143      0.18615     0.781183      0.41774    -0.155126    -0.177415    -0.245906    -0.108227     0.944051   0.00537056      0.87634     0.609026    -0.316184    -0.238222      0.37826    0.0946063     0.784901      0.28714     -0.91831     -1.04936     0.304647      1.00882     0.332352    -0.556436    -0.954786    -0.534947    -0.775041     0.565844     0.781821    -0.120313    -0.641284    -0.778005    -0.479358    -0.944036    -0.959447     0.154297     0.502414    0.0900907     0.733031     0.618192    -0.408907    -0.851422   -0.0813163      0.33003   -0.0351842      0.39828    -0.177175    -0.864883    0.0543851    -0.417681    -0.486149    -0.338381     0.365357     0.796262    -0.392926    -0.463547    -0.596101    -0.221009     0.735596    -0.491175     0.575694     0.603118      0.28943     0.100682    -0.779715   -0.0986022     0.985486     0.404559     0.654574    -0.282539     0.736081     -0.94894    -0.708752     0.580465    -0.530459    -0.104053    -0.514875     0.414303    0.0895203    -0.195937    -0.615438    -0.452133     0.444272     0.184708    -0.408138     0.876062     -0.28215    -0.183982   -0.0440718    -0.645489     0.913995     0.779917    -0.258344    -0.294664    -0.747367     -0.59022     0.922442
    0.617241     0.417078    -0.679472     0.365921    -0.423441     0.202758    -0.888709    -0.431895    -0.755422     0.192586    0.0708272     0.229572   -0.0884488    -0.712542     0.525066    -0.764101    -0.713194     0.764466    -0.875632    -0.891828    -0.912572    -0.201461     0.508841    0.0869372   -0.0485446     0.244611     -0.41506     0.437519     0.086387    -0.235181     0.298075    -0.681256    0.0140217     0.549375    -0.174692     0.823229     0.264244    -0.154011     0.320187    -0.545527     0.156287      0.11527     0.657948     0.744477    -0.886346    -0.611424   -0.0672237     0.564357    -0.745657     0.819981    -0.456906    -0.504013     0.289296   -0.0962569    -0.801716    -0.479023     -0.62662    0.0728709     0.998789     0.706296    -0.335699    -0.542024    -0.979271      0.71414     0.158613     0.433399     0.701904    -0.542077     0.523311     0.236347    -0.979981    -0.342879    -0.459239     0.489154    0.0607855      -1.1078    -0.467024     0.208369     0.762437     0.194123     0.843957     0.961427   -0.0468022   -0.0398426    -0.273868    -0.136317     -0.76528    -0.784914    -0.409926    -0.472958     0.462584    -0.290786     0.532069    -0.226813     0.177263     -0.38213      0.89671    0.0216764     0.640124    -0.817529     0.420325    -0.210858     0.369425     0.393398    -0.157561    -0.877654     0.450593    -0.294161    -0.240547   -0.0725856     0.977749    -0.413963     0.827743      0.16206     0.830167   -0.0383883    -0.334778     0.060573     -0.56633    -0.292708    -0.906906     0.778332    -0.403307     0.999447    -0.846142     0.152691      0.90386    -0.635827    -0.317356     0.722612     0.311574     0.873941     0.956467    -0.292941     -1.02803     0.168059    -0.794683    -0.710523     0.327191    -0.517152    -0.463485   -0.0907223    -0.835813     0.193129    -0.168013     0.730147     -0.95439     0.137328    -0.516542    -0.472159     0.674132    -0.480275     0.356215     0.863971     0.619358    -0.941363     0.134253     0.383364     -0.46008    -0.156675  0.000591492    0.0408131    -0.586886     0.450686     0.312082    -0.495379     0.152655    -0.550715     0.499225    -0.358851     0.500792     0.411583    -0.491032     0.353314     0.627394    -0.781518     0.791134    -0.628861    0.0627019    -0.459091 -0.000701805    -0.876649    -0.094198    -0.101119    -0.863588      0.94915    -0.731828   -0.0889638     0.506835     0.732161     0.446161     0.482197     0.325085   -0.0684881    -0.703055    -0.385642     0.107691    -0.550832     0.776144     0.597745    -0.177456    -0.335254    -0.597795     0.276063     0.754628      1.15355    -0.803285    -0.461187     0.301291     0.376529     0.277628    -0.227645     0.688945    -0.923191    -0.519902     0.552909   -0.0415266    -0.519463    -0.745774    -0.900447    -0.344396      0.67585      0.52112   -0.0462365     0.585109     0.914426     0.858047     0.252979     0.834419    -0.135516     0.465736    -0.205984     0.403483     0.348681   -0.0200824     -1.09899     0.444864      1.06433    -0.328603    0.0412781     0.268984    -0.851848    -0.309855   -0.0380885     0.655169    -0.303042     0.529014    0.0419186    -0.118996    -0.688527    -0.208686  -0.00885415    -0.848675     0.314033    -0.501161    -0.434766
   -0.269098    -0.249508    0.0889444    -0.981741    -0.248125     -0.25609    -0.824965    -0.236655   -0.0385514    -0.660296    0.0127428     0.417723     -1.00651     0.997672    -0.132393    -0.377097     0.569831     0.739498     0.740645    0.0517431    -0.111631     0.302442    -0.729082     0.677723    -0.578283    -0.926225     0.140583     0.635299     0.528321      0.51758   -0.0909119    -0.910752    -0.323883    -0.351045    0.0532301     0.960135    -0.541088     0.360507     0.451743    -0.307006      0.99953    -0.501268     0.965918    -0.211435    -0.126557    -0.203333    -0.837579      1.02304    -0.241859    -0.191611     0.119258      0.36722    0.0491075     0.457678      0.18079    -0.386905    -0.660293     -0.56392     0.472204     0.952426   0.00385943    -0.929264      -0.5041    -0.657758    -0.248229     0.288986     0.084719   -0.0684778  -0.00903398    -0.484718    -0.453156     0.318518    -0.675717    -0.560858    -0.663729    -0.818024    -0.473072     0.856067    -0.776529    -0.648639     0.213531    -0.103698    -0.663384    -0.215688     0.934797    -0.428905    -0.719396    -0.352245    -0.305513    -0.104864     0.398783     0.754924     -0.85846    -0.976836     -0.38239     0.204144    -0.402872    -0.332757     0.919702    -0.680042    -0.478163    -0.989766    -0.890554    -0.886457    0.0128805     0.842984    -0.294934     -0.31035    -0.583707    -0.882589     0.785052     0.653938     0.166505     0.874469    -0.583288    -0.326615     -1.01693    -0.447802    0.0174605      0.60925    -0.675145     0.635192     0.995891     0.288315    -0.440395     0.907895     0.264883     0.947148    -0.207462     0.374017     0.533016      0.62817    -0.363611    -0.556193     0.264901    -0.641961    -0.360482    -0.870957    -0.640799   -0.0837199     -0.62303     0.578071    -0.702603      0.15099   -0.0614826     0.161242     -0.73739     0.549892    0.0610635    -0.237774     0.493113      0.70186      0.73305   -0.0323575    -0.861468     0.403706     -0.27662     0.607791     0.404341    -0.436685    0.0498639     0.822513   -0.0291965    -0.667845    -0.541227    -0.236849      0.94672     0.673887    0.0722291   -0.0748867     0.273301      0.82409    -0.503322   -0.0407287    -0.405197    -0.581414     0.426866     0.203586    -0.214728     0.287052     0.112736     0.377327     -0.51851     0.512305     0.726008     0.152341    -0.868492     0.164526     -0.41289    -0.696342    -0.896818    -0.824714     0.103532     0.353797     0.578808    -0.994291    -0.564243     0.521376     0.939285     0.424837     0.255625   -0.0549345    -0.213136     0.279161     0.605447    -0.634684    -0.495226     0.626555     0.775612    -0.128661     0.190216    -0.738107     0.285367    0.0127316    -0.346678    -0.899722      0.17104     0.443663    -0.226868    -0.556686    -0.357451    -0.297503    -0.537919     0.791964      0.42159    -0.321014    -0.794183    -0.846031     0.807679     0.915114    -0.976682    -0.654936     0.148821     0.681981     0.065487     0.337267    -0.893042    -0.947725     0.756854     0.834946     0.347241     0.780942    0.0837925     0.424014     -0.96267     0.897677     0.045229    -0.223748     -0.82524    -0.913293      -0.3049     0.753688     0.710822    -0.184014    -0.231153     0.821462
    0.507834    -0.875348     0.497458    -0.753736    0.0662872     0.597738    -0.341984    -0.177235    -0.211869    -0.159189    0.0877719    -0.609801     0.749248     0.642322      0.82114     0.619501   -0.0591638     0.890701    -0.183539      0.54695    -0.818198      0.86901    -0.811092    -0.843493     0.316005     -0.65439       0.1472      1.01784     0.527823     0.511163    -0.214339    -0.245248    -0.587846    -0.212782     -0.71404     0.525685     0.966298    -0.952826     0.875508     0.239123    -0.118645     -0.44552    -0.399124    -0.709697    -0.634436    -0.590927    -0.799991    -0.871461    0.0972082     0.166071     0.374409    -0.137704   -0.0734458     0.777418     0.566567    0.0409126     0.937843     0.385406     0.211598      1.03712    -0.306059     0.679798    -0.673454      0.16262     0.951373    -0.789815     0.415363     0.944432    -0.662076     0.401807     -0.16634     0.169418     0.617078    0.0931387     -1.02206    -0.853017     0.400832    -0.138225    -0.456712    -0.698921     0.882007      0.36732     0.944176    -0.107323     0.508369    -0.556809   -0.0452598    -0.479865     0.179649     -0.40257     0.369261     0.845118     -0.83254    -0.731613    0.0158797    -0.564743     0.903079     0.219135     0.399119    -0.478799    -0.469475     -1.05991      0.62514     0.267707    -0.900577     0.818627     0.265283    -0.431264    -0.314537    -0.986853      0.46148     0.452201    -0.920267     -1.03743    -0.308972    -0.341696    -0.843452     0.899974    -0.193995     0.916689     0.965228     0.173246    -0.873566     0.297119     -0.37768     0.824995     0.846651   -0.0504295    -0.263947     0.905362    -0.344913     0.051972     0.145944    -0.553926    -0.424233    -0.389406    -0.918127     0.383773     0.594894     0.674566     0.154829    -0.711338    -0.876586    -0.721435     0.370117   -0.0370226    -0.468802     0.778694    -0.152352     0.621395    -0.929126    -0.867669   -0.0352158    -0.508444    -0.965278    -0.413479     -0.35118     0.690773     0.603705      0.85137   -0.0165954    -0.269891     0.119806    -0.283989    -0.236193    -0.621342    -0.216985  -0.00243591    -0.881044     0.617913     0.748164     0.505389    -0.318004    -0.761977     0.810243    -0.399959     0.415225     0.527662    -0.930167   -0.0395656     0.502338     -0.82695    -0.810236    -0.809502    -0.183338      0.55766    -0.717418     0.726787    -0.545997     0.945897    -0.861743    -0.327001     0.361416    -0.480611      0.89941    0.0256203    -0.966926    -0.919933    -0.147374    -0.426783     0.616042     0.130778    -0.500159    -0.207483    -0.361489     0.619626    0.0711614     0.334465     0.737516     0.375939     -0.32101     0.154817    -0.733324    -0.431338      0.64405    -0.389678     0.394423    -0.166907    -0.477546    -0.517946     -0.50734     0.267923     0.949788     0.173574      0.77294     0.750408    -0.336413     0.602399      0.97659    -0.200606     0.975733     0.846105   -0.0387089     0.525261     0.439854     0.158699     0.609826     0.372538      0.62269      0.36567      0.28306     -0.17833    -0.623918     -0.53634    -0.304133    -0.323505      0.46021     0.710232    -0.633878    -0.702897     0.175784    0.0211083    -0.510006     -0.29448     0.589434    -0.568282
     0.32196    -0.984896    -0.716802    -0.970351     -0.88299     -0.66831    -0.154345    -0.358339    0.0228485    -0.427885     0.154525      1.02381     0.628851     0.948837     -0.39306     -0.10857     0.740236    -0.388394    -0.872071     0.355963    -0.607292      0.72123    -0.627928    -0.470763   -0.0252334      -0.6094    -0.126006      0.72476   -0.0678369     0.981286     0.176243   -0.0542508     0.524589     0.301537     0.479574    -0.404552    -0.308459     -0.64257    -0.859847    -0.601704    -0.405554    -0.468618    -0.782989      1.04632     0.816815   -0.0413379     0.841784   -0.0740121     0.288146     0.781401    -0.223466   -0.0579788    -0.825463      0.78374    -0.160901   -0.0433139    -0.541825   -0.0976738      1.07706    -0.755936     0.370055     0.329051     0.110266    -0.155885    -0.703657    -0.843878   -0.0906322    -0.163544     0.834438    -0.844959     -0.96106    -0.317584    -0.142494   -0.0548789    -0.391965     0.832582     0.790835    -0.650029      0.49578    -0.886204   -0.0482788     0.409846     0.672001    -0.911575     0.939271    -0.207759     -0.84668     0.912296    -0.110133    -0.819673    -0.881963      1.06709      0.35407    -0.734397    -0.981617     0.775902      1.01174    -0.912145     0.440201     0.317303    -0.923455    -0.965549    -0.820123    0.0967065    -0.412749    -0.917855    -0.127022     0.445755    -0.744862    -0.885714    -0.894325    -0.634221     0.211797   -0.0767164     -0.83407     0.232971    -0.509722    0.0318339    -0.399103     0.820832     0.010983     0.565082     -1.00091  -0.00910501      0.60629   0.00964378    -0.511253    -0.422122     0.205345     0.472905    -0.267924     0.714267    -0.677935    -0.142706   -0.0826796     0.340226     0.226997     0.387439     0.607892    -0.326693     0.936306    -0.651334      0.08827     0.927267    -0.230922     -0.75798     0.305714    -0.135324   -0.0681959     0.371126    -0.145753     0.651102     0.703677     0.144886    -0.537362    -0.643919    -0.636784  -0.00680208     -0.64984    -0.287463    -0.646205     0.308922     0.644191     0.370476    -0.673639     -0.76552     0.210646     0.795292    -0.583748    -0.337423    -0.558653     0.996772    -0.033075    -0.045006    -0.547979    -0.373505    -0.402239    -0.210765    -0.389068      0.34206   -0.0870823      0.57259     0.475798    -0.501273     0.461788      0.90046     -0.14736    0.0566935     0.430946    -0.824289    -0.122629    -0.863485    -0.275658    -0.114832     0.800464    -0.462001   -0.0104337    -0.568956     0.330665     0.255272    -0.538468    -0.401358    -0.336572     0.115688    -0.192898    -0.297901    -0.222911    -0.342196    -0.472319    -0.469115     0.525448      0.92326     0.712659     0.122577     0.852587    -0.848688     0.682225     0.949917     0.601003  -0.00292894    -0.312631    -0.093226     0.225604     -0.36171    -0.589738     0.262558     0.560248     0.491869     0.574854     0.870951     0.413826    -0.472855    -0.857114    -0.813221    -0.767506    -0.328198     0.189288    -0.459399     0.124575    -0.689404   -0.0928353    -0.446528    -0.515175     0.969768    -0.262289     0.477249    -0.398667     0.487525     0.881433     0.483151     0.311324    -0.647434     0.474975    -0.120549      0.65417     -0.29604
   -0.437566     0.454567    -0.227969    -0.834839    -0.358997     0.537976    0.0541034    -0.139736     0.147426    -0.992344    -0.597215    -0.236559    -0.277952     0.456768     -0.75786    -0.594735    -0.916199     0.558939    -0.730419     -0.64349    -0.152906     0.591834     0.574419    -0.819988    0.0118829    -0.882839     0.332993     0.273738     0.945973     0.758055    -0.136758     0.412178    0.0804253    -0.185362    -0.776568     0.730991     0.423706     0.924858     0.133876    -0.746451    -0.757109     0.367679     0.330431    -0.496697    -0.638792     -0.81527    -0.552678     -0.21439     0.885473      0.80878    -0.717841     0.425778    -0.748918    -0.795667        0.471    -0.225281    -0.238274    -0.122763     0.186769     0.798257     0.162944      1.01233      0.57071     0.688844     0.264493    -0.864374    -0.799347     0.885183     0.212516   -0.0830911    -0.483975     0.905429     0.336601    -0.956902      1.07517    -0.173604     0.418681     0.719039    -0.968511     0.742038    0.0854932     0.562707    -0.409289    -0.977163    0.0011901     0.742201     -0.74187     0.618478     0.712204      1.04927     0.578211     -0.29808     0.536482     0.825296     0.374808    -0.616125      -0.4334    -0.018022     0.558973      1.01784    -0.379622    -0.319335    -0.688943    0.0399499    -0.937908     -0.29508    -0.212715   -0.0910387    -0.505914    -0.491714      1.07479    -0.520245    -0.662414      0.89548     0.789469     0.519166     -0.13817    -0.262885     0.612193     -1.00863    -0.458765      0.48289     0.756995    -0.158644     0.463883     0.121678      0.28639    -0.558826     0.880164     0.930688     0.260956    -0.172024     0.151668    -0.407682    -0.785538   -0.0734607      0.65037      -1.0716    -0.197592     0.433424     -0.82231    -0.076765     0.813932    -0.533914    -0.523211     0.721548    -0.387655     0.223917     0.490595    -0.767778     0.776117     0.663456    -0.916648     0.100649    -0.809396     0.924618     0.437063     0.517904      0.41389    -0.975576   -0.0150984    -0.825106    -0.726712    -0.905368     0.627268     0.196486    -0.107594     0.590445     0.131957     0.785427    -0.299318    -0.926173      1.03609     -0.42055    0.0675444    -0.650005     0.852715    -0.941809    -0.543674     0.620474     0.727963      0.59555     0.555541     0.732644      0.87683    -0.565198   -0.0533616    -0.812614     0.511142    -0.196478       0.9469    -0.784331      0.86673     0.490843    -0.420377     -0.46333    -0.693923      0.96596     0.865719     0.598299    -0.643221    -0.579645   -0.0854916    -0.278217    -0.207655     0.511989    -0.384492    -0.412121    -0.764883    -0.343838    -0.577312     0.698026     0.906089   -0.0371425     0.359815    -0.390887    0.0304566     0.568384     0.160443     0.109335    -0.273883     0.445257     -0.33839    -0.601754    -0.253809     -0.70464    -0.372398   -0.0959086     0.551573    -0.215277     0.141234    -0.793075     0.299046     0.612569    0.0180144    -0.172522  -0.00537081    0.0267491    -0.767289   -0.0375798    -0.793059     0.331119    0.0950289    -0.716544      1.01046     0.816581    -0.817602    -0.527169    -0.848864     0.607552    -0.854595      0.52546    -0.166138      0.73722     0.759087     0.248466
   0.0220886    -0.798069   -0.0131661     0.260656    0.0731819     0.432585    -0.482864      0.82968    0.0472822     0.618573    0.0967331    -0.192783    -0.379367    -0.431129   -0.0403949     0.760138     0.928317    -0.138763    -0.361886     0.233321      0.79078     0.730823     0.067177     0.162111     0.912093     0.375367    -0.138913    -0.434332    -0.175219    -0.785687     0.838772     0.869477    -0.601896   -0.0133231    -0.501628    -0.317037     0.800346    -0.573186     0.252861    -0.250605    -0.959837     0.552771    -0.474991     0.923095     0.839425    -0.702008    -0.236584    -0.816183    -0.286839    -0.524437    -0.231857    -0.198105    -0.609528     -0.21059     0.809833     0.917665   -0.0541087     0.709411    -0.622098     0.939024     -1.00246     0.303933    -0.163589     0.301077    -0.258022      0.40284     0.468692    -0.603341    -0.524885    -0.666336     0.596906     0.845058     0.186301     0.892727    -0.701389     0.709303    -0.899694    -0.529248   -0.0490547   -0.0800344     0.678791    -0.941036     0.170869     0.306503     0.871278    -0.448083     0.831592    -0.434594    -0.839928     0.704855     0.885363    -0.416798    0.0811362    -0.569146     0.326587     0.530092     0.852765     0.690928    -0.514962     0.421987    0.0802745    -0.187632     0.578414    -0.229291     0.635954     0.147198    0.0350535    -0.205285    -0.318442    -0.104227     0.922763     0.105315     0.562456      0.21992     0.516402     0.421581     -0.54101     0.890562     0.782971    -0.774366     0.755919    -0.113041     0.620961     0.821666    -0.514923    -0.630359     0.499334     0.274171    -0.852131     0.764312    -0.683189    -0.867603     0.559367     0.141036    -0.752161     0.888918     0.586071    -0.277937      0.90563    -0.768332     0.627906      0.28594    -0.760914    -0.165509     0.641134    -0.496836     0.828306     0.199933   -0.0645508     0.554519    -0.500696     0.933813    -0.227079      0.34604     0.175268     0.234231    -0.237765    -0.468146    -0.981439    -0.791484    -0.565317    -0.240255     0.154131     0.695353    -0.537232    -0.143011     0.246921       0.8187    -0.771267    -0.183626     0.282127     -0.52088     0.794014      0.11539     0.830386     0.587548     0.678812     0.572282     0.435694     0.329741     0.330569     0.446243     0.801014     0.953613    -0.058422     -0.85932     0.610271     0.305386    -0.959438   0.00636847     0.939207    -0.967645    -0.715813    -0.451876    -0.687226    -0.019033    -0.747645     0.273906    -0.534314     0.923548    -0.418098      0.52462    -0.654204   -0.0404184     0.181672    -0.922677     0.857918     0.543088      0.90401     0.268448    -0.126324    -0.525891    -0.690906     -0.40445      0.78364    -0.426904    -0.485445     -0.22688     0.921862     0.944675     0.222186     0.531532     0.992813    -0.609667     0.743543    -0.788386     0.532273     0.205716    -0.449876    -0.691992    -0.345252    -0.830947    -0.921333     -0.47191     0.858697    -0.791569    -0.012305     0.189629    -0.949405     0.317193    -0.247009      -0.6368    -0.328079    -0.223807    -0.709167   -0.0455195  -0.00823177     0.851636     0.468866    -0.516983   -0.0660201     0.594693     0.542139    -0.285416    0.0393246    -0.456164
    0.687844     0.186266    0.0344327    -0.198108     0.634278      0.11092      0.30314     0.973775     0.326238     0.738313     0.185443     0.565101     -0.35446    -0.897303     0.300331    -0.142479     0.147468    -0.168314    -0.708339     0.888269    0.0466853    -0.340329     0.124968    -0.629208      -0.9995     0.893896    -0.436793      1.00953     -1.00928    -0.784371    -0.875681    -0.410204    -0.516319    -0.114632    -0.160522      0.55474     0.757109     0.586648     0.192003     0.908888     0.771492    -0.684574     -0.80129    -0.234048     0.735152    -0.457394     0.154008    -0.627736     0.807697     0.234195    -0.711348      0.40037     0.621357    0.0470453     0.683533    -0.838242    -0.470942     0.669417     -0.57635    -0.715734     0.839582   -0.0350765    -0.799717    -0.792206    -0.675428     0.362016    -0.719843    -0.490724     0.385268     -1.05229    -0.485264    -0.182939     -0.61547    -0.433974     0.255535    -0.548372    -0.927334     0.729114   -0.0337783    -0.910638     0.770915     0.879059    -0.195663    -0.328221    -0.236983     0.771866     0.293731    -0.149887     0.154774   -0.0301881     0.893418     0.152734    -0.694177     0.892618    -0.384398     0.679787     0.947777     0.438686    -0.971034     0.805683     0.670666      0.84346    -0.130035     0.536191    -0.243646    -0.424805      0.38633     0.473568   0.00368682    -0.580004     0.646418     0.508807     0.830007     0.123123    -0.949585    -0.729057    -0.459818     0.253812    -0.673542     0.622732      0.52316     0.547269     0.685595    -0.636722    -0.313732     0.959072    -0.705341   -0.0464477     0.463815      0.34805    -0.184797     0.273595     0.517199     -0.30988    0.0284465     -0.84906    -0.558204   -0.0719652     0.207881    -0.749208    -0.113291    -0.510356     0.816838    -0.246279    -0.031943     0.534764     0.168861     0.888821     0.415713     0.602189    0.0318363     0.861479     -1.03276    -0.115259    -0.404705     -0.66232    -0.302758     0.237511     0.187591    -0.390965    -0.938471    -0.498119      0.91944    -0.821696     0.529567     -0.69766   -0.0971371      -1.0112    -0.225776    -0.804328    -0.347661    -0.389168     0.374581     0.511703     -1.05972     0.682747    0.0628359    -0.870446   -0.0834227     0.366422     0.632341     0.399463     0.744101    -0.996134    -0.294438    -0.341765     0.205093    -0.159862     0.370668     0.356392    0.0976487     0.210841     0.190432    -0.864049  9.19302e-05    -0.703835    -0.605623     0.418533     0.417847     0.783248     0.844096     0.473461     0.391399     0.722889    -0.625155    -0.872608     0.491519     0.728946      0.12023     0.376961     0.571404     0.636592     0.713258  -0.00343862     0.189701     0.223997     0.687818    -0.479547    0.0976645     0.401209    -0.321467    -0.557495    -0.208327     0.867806   -0.0430957     0.566421     0.596764     0.784231     0.513069    -0.652023    -0.347136    -0.371532    -0.589392    -0.747843    -0.490411     0.746583     0.621887     0.866009    -0.260358      0.60922     0.892304     0.474252    -0.622837     0.630777      0.91966     0.668839    -0.751665     0.638995    -0.384972    -0.972507    -0.429531     0.681032     0.370631     0.910579     0.984708     0.452974
   -0.765743     0.592866     0.335384    -0.696044     0.872062     0.531468    -0.262455    -0.611141     0.296297    -0.598849    -0.799557     0.830872    -0.269806     0.556978    -0.318611     0.565965    -0.382826    0.0646364    -0.286629    -0.429027    -0.372597      0.17765    -0.306416   -0.0479958     0.708201    -0.982831    -0.052701    -0.589646     0.822609    -0.618022     0.460504     0.308571     0.232943     0.200064     0.624097     0.250175     0.294062    -0.324706    -0.716857    -0.660707     0.843369      0.30672     -0.94531    0.0964932     0.846683     0.316617    -0.655709    -0.674326    -0.162985     -0.16048    -0.922688    -0.528689      0.81235     0.155153    -0.987172      0.28563      0.13764      0.68338    -0.903513    -0.837644    -0.288723     0.136983    0.0678214    -0.196817    -0.323722     0.609915     0.197997    -0.415003    -0.466804    -0.427566    -0.611107     0.780544    -0.660067     0.703794     0.245424    -0.314888    -0.426324   0.00397231  -0.00479028     0.809627     0.253779    0.0871162    -0.815312    -0.454616    -0.202013     0.528574    -0.864257     0.362927    -0.873863    -0.931696     0.480551    -0.788806     0.216396     0.414341    -0.342087    -0.297363     0.439904    0.0720273     -0.28103     0.127979    -0.472661    -0.437732     -0.75955    -0.548433     0.985577    -0.213807     0.559388    0.0271965     0.228198    -0.244063    -0.115824     0.674639      1.04737    -0.869634     0.767149    -0.759388   0.00459331    -0.353378      1.07718    -0.731531      0.78638     0.366956     0.257739     0.247169    -0.681512     0.534793     0.717602     0.786038    -0.391913    -0.235512    -0.600804    -0.973321      0.65473    -0.719857    -0.472379    -0.455382     0.249201    -0.883127     0.667801     0.348406    -0.387526     0.340912      0.66641     0.478463    -0.196551    -0.752263    -0.221216     0.911607   -0.0137653     0.270433    -0.837843    -0.560326     0.827766    -0.115169    -0.733054    -0.868909     -0.22551    -0.453321      0.30113     0.774788   -0.0894144    -0.533173     0.907312    -0.189028     0.418082     0.312668    -0.911412     -0.22232     0.217651    -0.456562    -0.944747     0.217417    -0.212137     0.942714    -0.743903     -0.90518      0.25954    -0.728539    -0.659856     0.807755    -0.143212    -0.143107    -0.242992      1.07055     -1.02388     0.240267    -0.580172     0.117344    -0.422793     0.287858    -0.793674     0.704703     0.438968      -0.3547    -0.599516    -0.354752     0.951842     0.892643     0.490721    0.0965766    -0.515594    -0.630298    -0.962634     0.745017    -0.835495     0.132151    -0.341649    -0.859191      0.10395     0.143312     0.545364     0.234893     0.951919   -0.0419121     0.337727    -0.225441   -0.0597799    -0.907987    -0.188785    -0.124815     0.249769    -0.669336     0.433383    -0.980142      0.81706    0.0266037     0.519101     0.421405    -0.508931    -0.705136    -0.857838     0.795178   -0.0835438     0.447912    0.0274461     0.950305     0.109476    -0.728318      0.91811    -0.209239     0.112692     0.465602    -0.329295     0.520562     0.111708       0.3422     0.512771    -0.184794    -0.298897      0.68232     0.229294    -0.455131    -0.705429     0.849074     0.924565    -0.653932
   -0.631408    0.0237993     0.420743     -0.01291    -0.171684    -0.337627     0.133386     0.973839    -0.579813    -0.821817    -0.785583    -0.522427    0.0813383    -0.125365     0.280383   -0.0931977     0.597736       0.7217     -0.94648     -0.84037    -0.329261     -0.82139    -0.898613     0.686665     0.573786     0.518654    -0.323155     0.694913     0.303999     0.596629     0.211456      0.12729    -0.543739     0.710561     0.730207     0.782408     0.866119    -0.626512    0.0647196      0.11918    -0.241559    -0.119511    -0.250407    -0.256799     -0.82481     0.140828    -0.365505    -0.424085     -0.52539    -0.748301    -0.105447    -0.934466     0.582735       0.8074    -0.135208    -0.327923    -0.141417    -0.833771     0.350232    -0.629159      0.81335    -0.239734    0.0172797    -0.535512     0.148012    -0.766693    -0.866127   -0.0657713    -0.273541     0.467048     0.112139     0.393328    -0.809329    -0.847705    -0.845675     0.344413    -0.773733     0.703419    -0.710801    0.0685039     0.877692     0.067332     0.414612    -0.902626     0.675862    0.0559726     0.677764     0.244724     0.533286     0.516952    -0.758716     -0.78937     0.966308    -0.801187     0.463605     -1.02002    -0.404233     0.306011    -0.815349    -0.828491     0.108821      0.44226    -0.712285    -0.533054    -0.411823    0.0750262    -0.836853    -0.113055   -0.0226396     0.191195    -0.797912    -0.436888     0.821636    -0.605839     0.552794     0.658826    -0.191302    -0.396393    -0.584166    -0.124302    -0.194833    -0.238147     0.450641     0.827143    -0.996606    0.0918215     0.722044    -0.189062    -0.213818       0.5095    -0.403454    -0.398838    -0.543562    -0.499423      0.91816      0.62368     0.458602    -0.916017     0.386716    -0.765177      0.97835  -0.00404421     0.578393    -0.204453     0.759975    -0.477564    -0.987595    -0.984242    -0.773372    0.0785813    0.0264154    -0.643039    -0.334564     0.314604    -0.231464      0.81552       -1.003    -0.686419     0.396321     0.706736    -0.790293    0.0300657     0.341333     0.320658   -0.0513731     0.536356    -0.496317     -1.01581    -0.889877     0.319382    -0.462472    0.0934541     0.155956     0.283153    -0.351123     0.898927    -0.157364     0.467613     0.166085     0.716158    -0.608222    -0.281575    -0.156183    -0.306899 -0.000272441      0.47006     0.589606    -0.431404    -0.324822     0.979069   -0.0118779     0.898558      0.95476    -0.913245    -0.861001    -0.367178    -0.584913     0.381803     -0.31451     0.248436    -0.272875     0.152026     0.920215     -0.99726      0.34125    0.0621506     -0.69274     0.853552     0.556339   -0.0440076    -0.164078     0.379652     0.772723     0.618559    -0.111149    -0.634724     0.995903     0.617754     0.431235    -0.620046     0.836462     -0.89809    -0.438753      0.50437    -0.712126   0.00508015     0.472186     0.782182    -0.335131      0.66613    -0.563539     0.394282    -0.918012    -0.734382    -0.348321     0.720265    -0.825139    -0.257896    -0.445602      0.48571     0.790512     0.804281     0.149049   0.00306449    -0.519263      0.42047     0.843388    0.0754081     0.709911     0.899535    -0.941123    0.0945983     0.253098    -0.981973    0.0800927     0.420121
  0.00245646    -0.292665    -0.838988   -0.0422024    -0.619307      0.54146     0.478993     0.352818       0.1997    -0.388215     0.233071     0.661452     0.459099     0.372993     0.134669    -0.594733   -0.0176986    -0.842084    -0.589174    -0.328957     0.271972     0.440626     0.142714     0.427809      0.33725    -0.298925    -0.886782     0.130152    0.0199998     0.409242    -0.951788     0.820704    -0.971606     0.172234     0.188171    -0.271297       0.6857    -0.614351    -0.564218    -0.655659    -0.476242     0.624831      0.90791     0.664165     0.540318      0.70644    -0.662656   -0.0311192     0.940944    0.0369555     0.321951    -0.292243     0.335164     -0.68995    -0.462761     -0.78451     0.687113     0.842677     0.642019     0.868927    -0.118044    -0.313429     0.533474     0.874397     0.214117     0.670995     0.338729    0.0550742    -0.786369    -0.166858     0.394342    -0.162849      0.40449    -0.221921     0.217014     0.375394    -0.280587     0.639215     -0.53419     0.584642    -0.873725     0.828016     0.426963     0.783158    -0.546951     0.321906     0.825743    -0.605494    -0.335022     -1.00162     0.611921      0.41942    -0.115504     -0.93862     0.780244    -0.118586    -0.600624    -0.751392   -0.0809005    -0.428145    -0.780006    -0.363467    -0.824085     0.217284     0.556288     0.321415    -0.740103     0.300829     0.434996    -0.194787    -0.333556     0.323236     -0.38223     0.296625     0.850094    -0.886937     0.681581    -0.379362    -0.237536     0.507123    -0.173403    -0.531694      0.66364    -0.131078    0.0396227    -0.448102     0.700805     0.103577     -0.71479   -0.0358795     -0.11389     -0.44535     0.748207      0.99457     0.701371     0.991627     0.589603    -0.556223    -0.756091    -0.897757    -0.469057    -0.165498     0.495233    -0.996573    -0.721579     0.770142    -0.599095      0.20192    -0.426968     0.568661    -0.108154     -0.91526    -0.536528    -0.227294     0.817273     -0.21665     0.714199    -0.698974    -0.471759    -0.309253     0.547619     0.455523    -0.455351      0.70085    -0.996399    -0.185568   0.00335273     -0.19703     0.229148     0.350915     0.839122     0.396301    0.0435883    -0.731152    -0.254704    -0.482569    -0.357256    -0.101293    -0.960559    -0.861939     0.645278    -0.172146     0.784261    -0.357985    -0.985116     0.595729     0.904274     0.740168     0.511227     0.665967     0.214392     0.330015      0.14417      0.96172   -0.0633726    -0.165983    -0.189504    -0.442967     -0.99876     -1.01059     0.200398   0.00226104     0.564373    -0.922853      0.50504     0.860603     0.213343     0.844907     0.712147        0.374     0.735414     0.186087     0.604504    -0.410553    -0.848855     0.374202     0.176858    -0.285103   -0.0485671    -0.357656     -0.43566     0.427257    -0.462324    0.0859761    -0.576033    -0.452857    -0.922657    -0.987434     0.273151     0.509761     0.608221    -0.685559    -0.759905    -0.147951     -0.33948    0.0477938     0.332982     0.126608     0.732689      0.53499     0.912574    -0.311216    -0.393556   -0.0449697    -0.200957     0.693894    -0.276143    -0.729064    -0.207118     0.618848     0.100434     0.848835    -0.391262      1.05223    -0.187296     0.439184
    0.844404    -0.629029     0.261955     0.527348      0.11589    -0.397622     -1.07453     0.684263     0.226052     0.194976    -0.771629     0.455544     0.907449    -0.486547   -0.0610879    -0.402018     0.850265    -0.299146    -0.267695    -0.547095    -0.782459    -0.250196     0.317629     0.839116    -0.594605     0.707742    -0.649047    -0.817846     0.522149     0.413632    -0.439323    -0.186336     0.250267     0.170392     0.127062    -0.930471     0.384241     0.950858    -0.541076     0.211356    -0.336547     0.540968    -0.630703      1.08152     0.255477    -0.465051    -0.332203      0.75052    -0.828766     0.871164   -0.0694083     -0.17058     0.714308    -0.653819     0.184922    -0.663054    -0.758163    -0.428098    -0.594592    -0.668046     0.339594     0.284254     -1.00499     0.877164     0.638868    0.0517668    -0.713751   -0.0334644    -0.912043    -0.768484     0.666505    -0.684213    -0.105097    -0.276063     0.993595   -0.0676993     0.597242    -0.454043    -0.388948    -0.498787     0.476758    -0.271613    -0.503018    -0.689855    -0.870012     0.182308      1.00045     0.862552    -0.796932     0.195457   -0.0931647    -0.507614     -1.00769     0.255457    -0.193213    -0.307331     0.331997     0.363091     0.518016  -0.00071645      0.18542     -1.10202     0.814612     -0.22328    0.0750164     0.217359  -0.00988017     0.932008     0.788094   -0.0832251      0.25095    -0.936239    -0.130795    -0.889534    -0.384195    -0.691826    -0.853069     0.157119     0.569249    -0.351845   -0.0685377     0.645681     0.637524     0.921428    -0.817647    -0.420897      0.45073    -0.903687    -0.146237    -0.252502    -0.422872     0.641308     0.471561     0.392405    -0.992712    -0.798948     0.219168    -0.791705     0.518994      -0.6292    -0.799962     0.462555     0.685122    -0.258218     0.390225     0.951212   -0.0553076     0.142794     0.160067     0.856433       0.3426     -0.15766     0.584844     0.372308     0.716479     0.221813      0.53575    -0.688363     0.687273    -0.204635   -0.0168666     0.500849     0.337399     0.764556    -0.634906    -0.182429    -0.541767    -0.695649     -0.32101     -0.69186    -0.826404     0.148048    -0.579406     0.612813     0.975096     0.833977     0.795047   -0.0767503     0.687894    -0.758685     0.387828    -0.290103     0.172203   -0.0461681     0.503298     0.720764      1.01904      0.54225     -0.66546    -0.417457    -0.752173     0.612907     0.522681    -0.111777     0.279226     0.523595    -0.621579     0.206426    -0.934694     -0.22588     0.982696     0.519847      -0.2954     -0.25363     0.858136  0.000248433   -0.0973184     -0.60307    -0.110269    -0.100863     -0.40954    -0.517627   -0.0649687    -0.107088    0.0357081     0.594961     -0.46524     0.684552     0.469785    -0.142942     0.650845     0.605401     -1.02946    -0.295671    -0.410323    -0.135719      1.00017     0.764426     -0.37907     0.380484     0.371794     0.393833   -0.0921702     0.283179      1.05704    -0.602492    -0.737804      0.93498    -0.782074    -0.913386     0.416146    -0.330048     0.414496    0.0742634    -0.457902     -0.77846    -0.543426    -0.251729    -0.659847     0.545544    -0.695153    0.0566775   -0.0200939    -0.130878    -0.235992    -0.490105
    0.948701      0.47512    -0.424845    -0.832859    -0.953747     0.668739    -0.602367    -0.226089     0.885631    -0.625904     0.884506     0.555011     0.494214    -0.970848    -0.222785    -0.333229    -0.679483     0.201669    0.0859338    -0.175088     0.804347    -0.933738     0.274089   -0.0148644     0.361062    -0.290743     -0.63893     0.983008     0.959396     0.859289    -0.601166     -0.13855    -0.273473     0.638468      0.62854     0.544931      0.50436    -0.436669    -0.263911    -0.716321    -0.946817    -0.351715    -0.190337    -0.144428    -0.336297     0.238261      0.76696      0.64591    -0.606793     0.945123     0.319771    -0.731188    -0.565849     0.640695     0.836871     0.537073     0.810064      0.87987    -0.504751    -0.318952    -0.858837     -0.62217     0.427064    -0.947239     0.547982    -0.109166      0.84592     0.228464     0.230382    -0.231572     0.265708   -0.0164674   0.00565889     0.808668     0.121646     0.856578    -0.292139    -0.219738     0.557703    -0.995669   -0.0517148     0.836986     -1.00316    -0.323041    -0.943169     0.820025    -0.659746     0.258664    -0.880629    -0.376632    -0.376392     0.807897     0.284752    0.0624491     0.713418    0.0597773     0.236536    0.0231296     0.200762   -0.0563762     0.781153    -0.468143    -0.820223    0.0587742     0.360225     0.358884    -0.626278    -0.773115     0.181442    -0.892629    -0.522295     0.673281     0.589757     0.947216    -0.898927     0.816661     0.709437    -0.287641     0.846573    -0.673052      -0.8392     0.804732    -0.554284    -0.196588     -1.00522    0.0133613    -0.916999     0.296284      0.76338     -0.34497     0.128403     0.743864     0.681939    -0.536066     0.630069     0.851924     0.559363     0.602904     0.363841    -0.555854    -0.912392    -0.204611     0.886338     0.722971    -0.513497    -0.383043     0.943888    0.0380223     0.597578     0.673341     0.183566    -0.471341    -0.804012    -0.680021     0.377344      0.28723     0.100473    -0.423436    -0.224488    -0.805479    -0.211596    -0.780735      0.86776     0.290621     0.598432     0.574404     0.229186     0.296473    0.0144359    -0.655201     0.521763    -0.644324     0.484806     -1.02596    0.0576251     0.877894     0.366352     0.567512     0.332244     0.676944   -0.0393379      -0.9491     0.147966    0.0911525    -0.452659     0.905032     0.123984     0.384581    0.0635725     0.253265    -0.603953    -0.817076   -0.0647184     0.197091    -0.554009     0.504453     0.359756    -0.857947    -0.533499     0.909263    -0.707985    0.0861853   -0.0370622     0.282674     0.330047    0.0681372    -0.105698    -0.489904    -0.166454     -1.02832    0.0177604      0.63502     0.843977     0.344754    -0.155965     0.152532    -0.660288    -0.354915    -0.176839     0.078738      0.44728     0.233094     0.742366     0.173905    -0.988799    -0.181094    -0.395052     -0.98487     0.488121    -0.590768    -0.528989    -0.096829     0.885439    0.0948901    -0.428322      0.16373    -0.284364     0.219297     0.567162 -0.000858724    -0.929884     0.293525     0.783121    -0.619492    0.0645264    -0.251489     0.192907     0.538527    -0.869604     -0.52585      0.02592     -0.37556     0.102465     0.865687     0.454966     0.092295
   -0.916031     0.971003    -0.879971    -0.176706     0.535761      0.45358    -0.887218    -0.768284    -0.657488    -0.539673     0.886479    -0.530262    -0.121534    -0.816807     0.177196    -0.132772     0.941472     0.262218     0.798409    -0.630676     0.697647    -0.638499     0.264086    -0.126395    -0.286485    -0.837158     0.977479     0.326718      0.32442    -0.164654     0.107769     0.797565      0.46707    -0.834418    -0.436026      0.19428     0.201572    -0.550105    -0.561653    -0.496795    -0.876107    -0.981645    -0.469429     0.276165    -0.535314     0.666025    -0.495982     0.136684    -0.484066      0.34744     0.996528      0.91655   -0.0504028    -0.135954     0.116566     0.787967     0.439784     0.258008    -0.823999     0.882317     0.443909    0.0696617    -0.369883    0.0193327    -0.396208    -0.273541     0.239381    0.0255009    -0.968059    0.0054492     0.630521     0.455558     0.882665    -0.395875     0.551362    -0.773498     -0.47207    -0.339747    -0.509538    -0.401139    0.0227387    -0.786968     0.223905     0.552858   -0.0753396      0.65148    -0.262606     0.689678     0.555883    -0.708379     0.174969     0.381971     0.141812    -0.336728      0.14732    -0.239328    0.0171947    -0.485675     -0.79662     0.286096     0.919252    -0.398459    0.0617341    -0.435736     0.687314     0.427633    -0.156892     0.800244    -0.458562      -0.5425     0.827182     0.459974     0.337101    -0.514502    -0.626561    -0.678524    -0.354293     0.806277     0.536507    -0.810906     -0.80849     0.498002    -0.349622      0.15114   -0.0351241     0.977852    -0.643729     0.748509    -0.872027    -0.405595     0.904646    0.0968559    -0.156251     0.621059    -0.383601  -0.00492073      0.76328     0.163493    -0.853213    -0.199692     0.795893    -0.290255    -0.301529     0.507664     0.641619    -0.605347     0.461695    -0.526435     0.716837     0.110617     0.344554     0.579834    0.0436487    -0.315556    -0.849627    -0.553049     0.175979     0.498036       0.9059   -0.0563533    -0.597425   -0.0585566    -0.610692    -0.254898    -0.410926    -0.931352    -0.531863     0.852762     0.922399     -0.18092    -0.116374    -0.654124   -0.0466081    -0.486011     0.160342    -0.217452     0.220725     0.569943    -0.203576     0.234171   -0.0680777    -0.534904    -0.547651    -0.517318     0.400708    -0.496302     -0.28997    -0.439873     0.133178     0.985431     0.323789    -0.851406     0.275957     0.776918  -0.00865029     0.287943     0.422477    -0.966053     0.515924    -0.299235    -0.249435     0.369575     0.555054    -0.280156       0.7366     0.238215    -0.944276     0.552336    -0.210709   -0.0574139     0.151855     0.540159     0.361468     0.624091    -0.442094     0.238214     0.826839     0.859282    -0.229754     0.840592     0.224721    -0.671998     0.910019    -0.653891       -0.248     -0.47546     0.335086     0.169092    -0.474676    -0.190879     -0.72593   -0.0928039    -0.385344   -0.0885612     0.738062    -0.601192    -0.474843    -0.403646    -0.220768    -0.773162     0.986067      0.72268    -0.430773     0.974588    -0.716381    0.0314911     0.105875    -0.896629    -0.390031    -0.845842     0.612889    -0.730153     0.451467    -0.382309     0.829819     0.902726
   -0.589331    -0.029599   -0.0400472     0.839898    0.0395902     0.111678     -0.66998     0.523636   -0.0536481     0.703872     0.956542    -0.712647    -0.152984    -0.166562     -1.04071    0.0577242     0.458273    -0.695528    -0.469544    -0.583951      0.35439    -0.642591     -0.19385    -0.463926     0.114639     -0.38318     -0.68335     0.621243   -0.0409122    -0.985528     0.190618    -0.360436     -0.34134    -0.449753    -0.696767    -0.499544    -0.736352    -0.097018     -0.22068     0.816394    -0.490329    -0.192493    -0.943457     0.984058     0.234377   -0.0981399    -0.751029     0.742008    -0.934492     0.144632     -0.25516    -0.642424      0.66091     0.737485     0.256537    -0.276108      -0.5117    -0.612581     0.182326    -0.105301     0.406358     0.718013     0.213299    -0.515501    -0.284462     0.400707     0.310381     0.276743     0.916749    -0.422961    -0.935829     0.713509     0.504592     0.195158    -0.159772    -0.805019     0.163006     0.549852     -0.51318    -0.716417    -0.636316    -0.185536   -0.0461361    -0.258657   0.00999892    -0.717592    -0.204371    -0.460491   -0.0984081    -0.157462     0.566677     0.891456   -0.0811693    -0.447895    -0.884137    -0.219377    -0.373713     0.746918    -0.843642    -0.167651   -0.0703884    -0.975531     -0.41564    -0.961293     0.713456    -0.919396     0.234542  -0.00226938    0.0243654    -0.938039     0.750164    -0.344607    -0.642672    -0.411014     0.616774     0.942281     0.844741     0.190504    -0.350852     0.253662    -0.590949     -0.96203     0.612252     0.502899    -0.595493    -0.622883     0.821137    -0.865384      0.81394    -0.303424    -0.519582    -0.223698     0.581854    -0.378256    -0.289912     -0.23665     0.659389     0.991511      0.58597     0.871618     0.250164    -0.622794    -0.219973    -0.916177     -0.83929     0.042594     0.914072     0.654204   0.00774285    -0.250817    0.0219781    -0.504386    -0.993105     0.936657     0.411554    -0.646398   -0.0519796     0.556921    -0.748755     0.474237    -0.193385     0.807407     0.653459    -0.574771     0.707417      0.13512      0.23361     0.962143    -0.952209       0.5495     0.381741     0.426137     0.895916    -0.932995    -0.150516     0.385179    -0.793883     0.644314      0.47112     -0.32844     0.330489     0.782873     0.443634    -0.393538     0.115904    -0.541231     0.735384     0.363647     0.689444    -0.397742   0.00671184     0.720548    -0.628378    -0.722136     0.774762    -0.923597     0.848051     0.828332      0.20138     0.786962     -0.40498      1.04706   -0.0555696     0.880633    -0.379059     0.606919     0.320645      0.42009      0.20024    -0.952376    -0.238148    0.0329424    -0.296807     0.777527     0.350626     0.614351     0.678341    -0.155339     0.532937     0.609568    -0.236787     0.254226    -0.729739    -0.481948     0.280317      0.11285     0.777073    -0.441168     0.254649    -0.249768    -0.703439     0.324504    -0.929804    -0.209121     0.072173     0.628244     0.854682     0.508802    -0.541394    -0.016934    -0.116625    -0.391901     0.300872     0.402575     0.745266    -0.199029    -0.973162     0.459056     0.506115    0.0845539    -0.978585    -0.342319      0.10538    -0.384844    -0.828176    -0.628617
    0.336972     0.134631    -0.498262     0.790926     0.193949     0.387315    -0.399423     0.117231    -0.832179     0.444179    -0.984823   -0.0859157     0.662937    -0.733794     0.594143     0.736056    -0.828369    -0.336058     0.618181    -0.785342     0.369397      0.51726     0.504298     0.548779     0.284444     0.277391     0.547817    -0.205996    -0.776197     0.765411    -0.218812      0.13797     0.258736    -0.386951     0.113323     0.902597    0.0982131    -0.634905    0.0580807    -0.719878     0.774769    -0.813789    -0.718998     0.639759    -0.689456    -0.609932    -0.862079    -0.237821    -0.610109    -0.127299   0.00702424     0.434489     -0.13087     0.654389     0.262679     0.329917     0.291197    -0.291333     0.261566     -1.02017     -0.58388      1.04555     0.114269    0.0660774     0.837662     0.695133    -0.849891     0.376497     -0.88293     -0.35653     0.241283     0.140724    -0.576814     0.852776     0.185808    0.0454912    -0.419039    -0.746922     -0.19132     0.304585    -0.111044     0.486835     0.665466     0.890766     0.402723     -1.05165     0.292728    -0.504434     0.408488    -0.804832    0.0628786     0.522999    -0.917295     0.900515     0.409252    -0.751247     0.542043     0.283207   -0.0458713    -0.645944     0.899088     0.849146     0.519155    -0.467369     0.984212    -0.174115   -0.0660827   -0.0281347     -0.72587     0.707729     0.210689      0.75289    -0.478098    -0.783019   -0.0657589   -0.0277303     0.221726    -0.155249    -0.134281     0.791616     0.866195    -0.455413    -0.913802     0.753225      0.23323     0.480783    -0.225468     0.346381    0.0143504      1.00322     0.320194      1.04679     0.656639     0.099392     0.636713    -0.579708     0.554348    -0.550939   -0.0795803     0.299936   -0.0147203    -0.388774    -0.223259      0.14228      -0.9396    -0.114134   -0.0249098    -0.491034    -0.523766    -0.151683   -0.0169507     0.741391     0.357626     0.682868    -0.249143    -0.802224    -0.624998    0.0859626    -0.201873     0.356654     0.284857     0.213426     -0.44273    -0.785561    -0.188674    -0.374914    -0.272933    -0.438007   -0.0569277     0.735762    0.0222426    -0.909486      0.37747     0.766088    -0.428542      0.81375     0.902053    -0.940964     0.615833     0.611173     -0.68612   -0.0542662     0.555084     0.419001    -0.114329     0.416872     0.309269     0.583255     -0.16925     0.751595    -0.636375     0.111236     0.833587    -0.125955     0.766523     0.957743    -0.806337    -0.152696   -0.0677724    -0.765847    -0.259213    -0.844293     0.495866     0.693041     0.535255    -0.830981    -0.759234     0.292246    -0.874613    0.0798853     0.368899     0.451204     0.248011    -0.043663    -0.409396      1.07945    -0.651208    -0.533338    0.0551371      0.42948     -0.37115    -0.847298    -0.401622    -0.383414     -0.26444      1.06017    -0.669388     0.755525    -0.415299    -0.500992   -0.0416872     -0.70209     0.949909    -0.167274    0.0979402   -0.0112853    -0.582678    -0.490966    -0.468121    -0.771603      -1.1134      0.95251     0.749546     -0.73006     -0.65421    -0.770649     0.835045    -0.825774     0.858256    0.0737664     0.684293    -0.336725   -0.0960138    -0.512019    -0.929936   -0.0935582
    0.855342     0.107633    -0.710116    -0.136741     -0.87034    -0.451904     -0.24002    -0.447517    -0.188037    -0.230389    -0.434364     0.394184     0.496014    -0.875751    -0.808708    -0.537941    -0.896319    0.0563332    0.0193757     0.445378     0.870969     0.791452     0.837396     0.346131    0.0290475    0.0224861    -0.528393    -0.316531      0.92826     0.701111    0.0193071    -0.518748    -0.682086    -0.787494     0.876175    -0.712989     0.420041     -0.30169     0.593326     0.328019    -0.571929     0.131846     0.283904    -0.109059     0.137706    -0.106279   -0.0189571    -0.714571     0.167237    -0.500513   -0.0701032     0.491927    0.0128424    -0.345713   -0.0992099    -0.461984    -0.708795     0.171424    -0.967178   -0.0480166     0.769228    -0.217844     0.263498    -0.144435     0.323024    -0.526718    -0.147317     0.712763    -0.393716    -0.921261   -0.0972833    0.0500065    -0.314801    -0.774118    -0.909436     0.587889   -0.0362704    -0.687378      0.34496    -0.988189    -0.224673    -0.406722    -0.443537    -0.858654     0.988084    -0.804205    -0.541196     0.572525      0.85476     0.109495    -0.147881     0.131225    -0.888541     0.851479     0.741172     0.281985     0.322441    -0.684493     0.592747     0.496372    -0.390029    -0.153206     0.752818     0.453276   -0.0679602    -0.500922     -0.30003      0.89084     0.393247    -0.365068    -0.123312     0.107583     0.547651     0.896461    -0.899576   -0.0967194    -0.914444    -0.653834     0.369059    -0.764399     0.144651   -0.0558047  0.000215465    -0.941765     -0.64766     0.417076     0.899049     0.476149     0.933034    -0.476102     -0.22144    -0.553472    -0.897848     0.897388    -0.521709     0.740037    -0.158236     -0.31718    -0.137665     0.136176    -0.109134     0.112348     0.470733    -0.927132    -0.583544     0.349517    -0.644347    -0.567009     0.352581     0.405876     0.352702    -0.852936    -0.240949     0.741729     0.881403    -0.945968    -0.329661      0.25268     0.586218     0.503786     0.706373    -0.827048    -0.205103      -0.5084      0.31947     0.893404     0.653092    0.0515798    -0.517379   -0.0276516     0.508166     0.134441    -0.887952     0.989436    -0.267522    -0.155371     0.152618     0.368693    -0.729893    -0.131052    -0.560906    -0.662625     0.636097     0.911526     0.200915    0.0364431    -0.803947     0.559645    -0.724595    -0.231935    -0.834568    -0.160454    -0.918317    -0.592019     0.705548   -0.0850884     0.219771    -0.631148    -0.219683     0.167296     0.490815    -0.868078    -0.510477    -0.552408    -0.156297   -0.0804802     0.745239     0.121574     -0.19225   -0.0157219    -0.951414    -0.525663     -0.75826     0.464839     0.914112    -0.339269     0.789637      0.39837    -0.242196     0.211399  -0.00508917     0.490281    -0.371735     0.621906     0.770462    0.0377361    -0.771303     0.851205    -0.850424     0.811198    0.0639893     0.961035    -0.173014    -0.873292     -0.98823     -0.57177    -0.200517    -0.780354     -0.14394    -0.127747     0.104281     0.909136    -0.105576    -0.473912    -0.373925     0.674028     0.651526    -0.765868     0.186517     0.587694     -0.77706     0.737682    -0.234458    -0.260726     0.234747    -0.391008
   -0.145452    -0.907087     0.546364     0.391121    -0.473398    -0.994738      0.61823     0.831076    -0.171531      0.71647     0.669141     0.781109     0.576392    -0.535917     0.435457   0.00780189    -0.261166     -1.05739     0.895599     0.496371    -0.369334     0.926165    0.0173023      0.82998     0.854795     0.391657    -0.326487   -0.0143569    0.0873133     0.183917     0.431661    -0.755323    -0.615687    -0.726266     0.140663    -0.406792    -0.162028     -0.30836    -0.171618     0.907089    0.0259766    -0.641408      0.33479     0.966024    -0.184605   -0.0552489    -0.464447      -1.0161    -0.553928     0.823887     0.403318     0.555719     0.550214     0.537474     0.732554    -0.352993     0.953721    -0.498625    -0.690481    -0.977144    -0.917362      0.42607     0.565911     0.712016     0.464759   -0.0629741    -0.923346      0.90451     0.335163    -0.813627    -0.173332     0.871585     0.685367     0.149326     0.465791    -0.215486    -0.549307    -0.544548    -0.682817   -0.0701297     0.905236     0.887805     0.765905     0.571535     0.138773    -0.340316     0.985495    -0.118495     -0.12952     0.746516    -0.474438    -0.671509    -0.782111    0.0713171    -0.379456    -0.652126    -0.347896    -0.840452    -0.199948     0.643127    -0.350974     0.413474    -0.424937    -0.843511      0.47053    -0.173994     0.735448    -0.178009       -0.911     0.780164    -0.779729     0.249165    -0.872933    -0.104659    -0.176742     0.702367    -0.499289     0.851794    -0.154584    -0.374452     0.526994      0.75078    0.0679437    -0.337045    -0.648385    0.0197363     0.101203     0.189662    -0.281225     0.223253    -0.328052    -0.303988    -0.568563     -0.28914     0.512989     0.857682     0.227924     0.851061     -1.04348      0.34144     0.429745     0.400273     0.381758    -0.732064    -0.843293    -0.870842    -0.142989    -0.215121    0.0412501      0.44557     0.850404    -0.788828     0.312116    -0.243827     0.334976    -0.848627    -0.698691    -0.131485    -0.441068     0.831151     0.539507     0.362972     0.469425     0.445908    -0.638105    -0.303144     0.259142     0.984039     -1.03668    -0.406043    -0.677708     -0.88637    -0.199609     0.899867       0.4869     0.164414     0.407932    -0.322849    -0.886815    -0.357378     0.383587     0.568496    0.0731386    0.0433762    -0.843729     0.344841     -0.61918     0.109131     0.265208    -0.905823      0.77235     0.378818    -0.935028     0.142803   -0.0137249      0.50475   -0.0525673    -0.129072     0.380103    -0.867793    -0.715331     0.634154    -0.860574    0.0190474    -0.107855      1.00406     0.461437      0.57808    -0.898556     0.399322    -0.494143   -0.0473996    -0.491953    -0.436489     0.181026     -0.12162     0.754732   -0.0321768     0.468689     0.696067     0.328188    0.0467892     0.661986     0.303583    -0.256063     0.704284     0.863046    -0.398131    -0.219658    -0.903967    -0.101917      0.71694    -0.542827    -0.985053     0.614505     0.234927     0.429269     0.280939     0.154544       0.3303   -0.0764512     0.585899    -0.246336     0.421046    -0.967931     0.776792    0.0284367     0.215343    -0.146583        1.036     0.910211     0.868232     0.990907      0.71598    -0.743713    -0.175111
    0.609398     0.580434     0.780832     0.250567    -0.324429     0.359402     0.478171    -0.388427     0.868136    -0.723207    -0.133138   -0.0170902    -0.727012 -0.000440236    -0.149425     0.752654     0.887646    -0.267224     0.761675    -0.893401    -0.655691     0.132554    -0.727507     0.433704     0.085079     0.688508     0.124102    -0.906093     0.404767    -0.353352    -0.176284     0.280993     0.672934    -0.606336    -0.602496    -0.401217     0.943868      0.82778     0.318507    -0.816069      0.74171    -0.596498     0.975667     0.221702    -0.481323   -0.0542167    -0.255111    -0.235593     0.738687     0.897929     0.727213    -0.805238     0.509669   -0.0600945     0.466898     -0.13229     0.790405    0.0139231    -0.217888     0.914784     0.439787     0.923671    -0.238609    -0.875088     0.141742     0.133827    -0.370987    -0.611241    -0.767052    0.0959768    -0.744997     0.277206     0.480346     0.843457    -0.434248     0.557041      0.77732    -0.391764    -0.502657    -0.570193     0.384738    -0.775422     0.699156    -0.944369     0.928505     -0.33324    -0.866354    -0.982359    -0.827703    -0.666002     -1.01524    -0.237581     -0.40054    -0.526347  -0.00579564     0.373961    -0.824242    -0.404086   0.00334508    -0.885268    -0.861208     -1.00693     0.191845    -0.847392   -0.0423017    -0.534304    -0.658646     0.177264    -0.668704   0.00790855    -0.978851    -0.149504     0.723416     0.396193   -0.0832246    -0.450603     0.764025    -0.533321    -0.366611    -0.283318    -0.166327    -0.175395     -1.01213   -0.0476975      -0.7048    -0.270696     -1.02464    -0.962736    -0.305913    -0.109827     0.581211      0.55502    -0.595822     -1.01182  -0.00627352    -0.368686    -0.770014     0.894497    -0.940815    0.0443984    -0.700537    -0.193317    0.0157049     0.913996     0.462659     0.924395     0.610635     0.854468    -0.977659    -0.104229    -0.527218     0.170411    -0.704435    -0.206079    -0.398149     0.928305     0.128399      0.38812    -0.503892    -0.489627     0.323912    -0.723848     0.256847    -0.598854    -0.108525    -0.216403    -0.576225    -0.607323     0.790515   -0.0285444     -0.87723   -0.0997267    -0.823563     0.203932    -0.593298     0.497828     -0.90844    -0.585507      0.41422    -0.954808    -0.749551     0.507763    -0.199173     0.301601    -0.883938    -0.307818    0.0881814     0.360247    -0.948611   -0.0296915    -0.123093    -0.539261     0.154977     0.640402    -0.999668    -0.929196    -0.439668    -0.424553    0.0539454     0.558339    -0.247425    0.0733267     0.685443     -0.71217    -0.314753    -0.429411     0.681931    -0.458829     0.833983     0.969246    -0.282702     0.948576    -0.946139     0.424704     -0.14012     0.350121    0.0970696     0.371945    -0.742987     0.240534    -0.531358     0.973053     0.534361     0.317534     -0.70599     0.107927    -0.985042    0.0787711     -0.35304     -0.84296     0.628387     0.335766    -0.422052     0.118621    -0.715963     0.518963    -0.891513    -0.491099    -0.178919     0.329057     0.400493    -0.388506    -0.784199     -0.36081   -0.0313388    -0.398523    -0.125216     0.486302     0.412353    -0.428693    -0.986554     0.502684      0.45795      0.57861     0.822006    -0.495983
   -0.637755     -0.75439     0.590821     0.892817    -0.247884     0.807233    -0.868945     0.208813      0.69399      0.71184    -0.564841    0.0885186    -0.135108     0.884217    -0.339511     0.950649     0.487479     -0.41285     -0.89426    0.0283249     0.768347      1.01553     0.463102     -0.89813    -0.325789    0.0159175    -0.725371      0.85848      0.75147     0.389532     -0.51828     0.193844     0.120436    -0.461946    -0.962841   -0.0991289    -0.937368     0.351042    -0.937671    -0.781584     0.806829    -0.366248    -0.452974     0.130872    -0.622825    -0.906955     0.377863    -0.848493     0.892775  -0.00641012    -0.858824     0.340846     0.919207    0.0849531      0.88098   -0.0374984    -0.866588    -0.140979     0.133721     0.252973     0.461142    -0.900025     0.737228     0.692601     0.428614    -0.932525     0.194321     0.637766    -0.660518    -0.261141    -0.470804     -0.87066     0.729542     0.764409    -0.751916    -0.952305    -0.256481     0.882314    -0.320743     0.178778     0.640149     0.679616     -0.01624   -0.0914361     0.183367    0.0550148    -0.573178    -0.141901    -0.215467    -0.612178     0.750426     0.905377    0.0601293     0.301768     0.503318   -0.0412606     0.703759     0.159584     0.653602     0.822252    -0.160971    -0.736511      0.99659     0.518051     0.499091     0.847417    -0.622479   -0.0311674     0.188803    -0.475488    -0.308219     0.652769   -0.0763366     0.348235    -0.599429    -0.785726     0.705358     0.900382    -0.553937    -0.657364    -0.950801     0.243795    -0.138027    -0.537756     0.331748    -0.547304     0.811852     0.562299     0.371975     0.380786     0.837898    0.0553443     0.933861     0.127892     0.470613    -0.683517   -0.0881213    -0.987286 -0.000927175     0.669907    -0.599783    -0.875141   -0.0426713     0.223265     0.469613    -0.297687   -0.0492901     0.207892    -0.189869    -0.264668     0.328141     0.375129    -0.560955    -0.689865    -0.492545    0.0201598     0.660301    -0.665221      0.12616    -0.326335      0.77546     -0.70437     -0.29786    -0.660886     0.223135    -0.928578    -0.280095    -0.676593    -0.718377   -0.0723453    -0.804419     0.040094    0.0863196     0.159255    -0.897331    -0.893262    0.0366479     0.768423   -0.0549251     0.522917      0.32663   -0.0829338     0.902262    -0.509911    -0.596593     0.175558    -0.495011     0.435745    -0.684983    -0.984336    -0.363328    -0.902666     0.046229     0.150241     0.862518     0.114411     0.922349     0.379738    -0.829304    0.0798204     -0.84651     0.357924    -0.482656    -0.338801     0.862137    -0.945607     -0.53965     0.625837  -0.00165993    -0.161838    -0.413409    0.0101357    0.0941844    -0.809566     0.200169    -0.859074     0.899467    -0.870299     0.078834     0.996836    -0.618273    -0.576105     -0.27843     0.177558    -0.262983    -0.717915     0.259127     0.195572    -0.150724     0.349578    -0.770347     0.659599    -0.686251    -0.209048    -0.936737     0.555535    -0.959788    -0.778068   -0.0706853     0.398096    -0.846391    -0.130092    -0.209258     0.529169     0.741842    0.0661414    -0.893724    -0.186921    -0.703231    -0.339323    -0.180152    -0.596444  -0.00414561    -0.070192     0.917736    -0.605813
     0.49356    -0.726596     0.338059     0.288304     0.894052     0.685124     0.134734    -0.907083   -0.0957147   -0.0183735      0.95772     0.638825     0.765677     0.471178     0.711976     0.994668     0.952275     0.739582     0.268835    -0.561339    -0.247281     0.657211     0.828929     0.987858     0.922254    0.0681753     0.660392      1.00256    -0.115602     0.294788    -0.239139     0.226367      0.27669     0.930691     0.633548     0.413289     0.686293     0.873502    -0.313499     0.995639      0.60264     0.467514    -0.319516     0.151719    -0.437879     -0.60285    -0.216401    -0.728994     0.814933     -0.81949     0.233555     0.347665    -0.944355      0.82883    -0.142369    -0.745258    0.0233011    -0.889163     0.640902     0.650155     0.699704     0.137546    -0.581064     0.680172    -0.166247    -0.324617    0.0134145    -0.344094     0.385546    -0.244902     0.856785   0.00514288    -0.820665    -0.954093    -0.442463    -0.055904     0.626573    -0.384804     0.652428    -0.503559    -0.166524    -0.123165    -0.110655     0.712064     0.683612     0.999099     0.233778     -0.53931    0.0297599     0.927637    -0.530362   -0.0770967     0.329436     0.168904    -0.757459    -0.288905     0.515102     0.911538    -0.773325    -0.720444    -0.537081     -0.37233     0.903352     0.838848    -0.458441     0.383403     0.479044    -0.756375    -0.681957    0.0634166    0.0318844      1.00812     0.279459     0.914694    -0.462767    -0.888565     -0.87868    -0.639047     0.430723     0.855159     0.813773     -0.26351    -0.398002    -0.930863    -0.394441   -0.0390408    -0.330251    -0.217567      0.87598    -0.271984     0.519795    -0.307327    -0.752748     -0.75615     0.765728    -0.568838    -0.328199     0.101836     0.536177    -0.184941      0.96606    -0.618373     0.745647     0.806613     0.776179    -0.665413     -0.91714    -0.888627      1.02599    -0.850567    -0.872451     0.714457     0.723471    -0.625252    -0.582414     0.841253     0.953734  -0.00498732    -0.667518     0.567669     0.245919     0.180154   -0.0495156    -0.838346     -0.71084    -0.950149     0.451423    -0.736169      0.68765    -0.302713     0.421923    -0.720161    -0.753595     0.795217    -0.436453    -0.262867    -0.508159    -0.511894    -0.345973     0.156145     0.279278     0.647993     0.650297    -0.925375     0.513676    -0.567949    -0.387495   -0.0331697     0.983683    -0.270547    0.0293605    -0.207751    -0.152923    -0.252647    -0.868987    -0.769551     0.265987    0.0983628     0.195361    -0.301671    -0.225253     0.375451    -0.285095     0.968444    -0.576837     0.449926     0.428445    -0.871291    0.0873791     0.043841     0.560982    -0.499663    -0.354517    -0.824648     0.868591     0.606127     0.592848    -0.142478     0.639676     0.621248     0.252642     0.951582     0.803897  -0.00092485   -0.0597839     0.739286     0.290005    -0.520634    -0.862396     -0.73878    -0.957913    0.0181392     0.537445    0.0864593     0.612519    -0.659915     0.534121  -0.00562268     0.604555     0.910014     0.011337     0.888024    -0.261387    -0.389624     0.402405    -0.279009    0.0410451   -0.0843096    -0.376891    -0.327054    -0.357879    -0.633695     0.557162     0.938675    -0.189669    -0.731838
    0.927194    0.0127051     0.222289     0.200406      0.11612     -0.23411     -1.10384     0.894858     0.567986      0.20515    -0.516804     0.676101     0.556426     0.455367     0.207898    -0.454493     -0.91041    0.0980573    -0.319833    -0.366604    -0.164864    -0.239362     0.263172    -0.620612    -0.274194    -0.819845    -0.420503    -0.639718     0.200871     0.680096     0.388193     -0.95947   -0.0991212    -0.116935     0.718986    -0.662277      0.92845   0.00757292     0.552118    -0.830195     0.438719      -0.1977    -0.833398    -0.547179     0.638104     0.993924     0.494814    -0.496219      -0.9486     0.284151   -0.0113882    -0.666263    -0.430574     0.181608    -0.309853     0.705834    -0.787959    -0.885649   -0.0475298    -0.216809     0.694372    -0.451835     0.564572    -0.282167     0.163501       0.7648      0.92703    -0.082013   -0.0321685     0.600171      1.03237     0.632754     0.139086     0.979016     0.605965   -0.0852264    -0.373437     0.931217    -0.520292    0.0219341     0.757796   -0.0321389    -0.754537     0.339304     0.894884     0.275026   -0.0697645   -0.0887927    -0.826686    -0.747197     0.773046     0.114377     0.578466    0.0427582    -0.250161    -0.504264     -0.89447     0.211047    -0.619453     0.136573    -0.681486      0.12287    -0.601406     0.874823    -0.226164    -0.953462    -0.260935      0.13465     0.615235     0.762091    -0.890375    -0.313798     0.347381   -0.0777259    -0.769662    -0.623963     0.898068    -0.682432     0.932347    -0.431964    -0.443217    0.0239639     0.813539     -0.45673    -0.922438     0.207387    -0.121446     0.890986     0.988932     0.809141     0.598139     0.723899     0.177604   -0.0289853    -0.582068      0.66062      0.29484     0.779268    -0.104058    -0.350076     0.721888     0.759177     0.696526    -0.179607     0.946959    -0.844463     0.035976    -0.803783    -0.801033    -0.295966    -0.988596      0.82308     0.654732      0.92995    -0.112839     0.309476     -0.89016     0.910195    -0.894731    -0.869521     0.191393     0.743411    -0.702229     0.794014     0.760528    -0.511272    -0.304479     -0.78897     0.763802     0.699969     0.553935      0.78582    -0.562299    -0.917141    -0.596042    -0.492605     0.829715     0.881681      0.43572    -0.775191     0.809846    -0.231795    -0.859114    -0.407522      0.71029    -0.924408    0.0792231    -0.196914    0.0588308   -0.0743538    0.0859052    -0.910829     0.607506     0.560678     0.967602    -0.260017     0.410692   -0.0488903    0.0426523      -1.0506     0.184897      1.16139    -0.625893    -0.734341     0.970985    -0.486494     0.733203      1.04859     -0.82091     0.693811    -0.788286    -0.131894     0.123511    0.0808449    -0.581049    -0.619373     0.950238    -0.518389    -0.298579      0.74584    0.0154872     0.144817     0.214737     0.723054    -0.267424     -0.38276   -0.0903458     0.539712    -0.270692   -0.0869207     0.280159    -0.786802     0.130945    0.0329998     0.821817     0.117211     -0.76004    -0.329705    -0.885441    -0.197453      0.71704    -0.336113    -0.193616    -0.615499    -0.928383     0.433414    -0.945923    -0.689668     0.470156     0.471847    -0.347006    0.0132742    -0.788601    -0.509269    -0.919758     -0.57415
    0.983009    -0.640154    -0.271769    -0.249097    -0.786643    -0.689709   -0.0750883    -0.480264    -0.821278    -0.319531     0.621134    -0.934565    -0.705629     -0.75861     0.183908    -0.706823    -0.315827     0.724055     0.751888     0.252297     0.319687     0.567768     0.486098    -0.886074    -0.346344      0.32952    -0.122751    -0.906605    -0.154578    -0.693263     0.110581     0.162395     0.695149     0.549071     -0.26448    -0.365801     0.616943    -0.359626    -0.570981    -0.686706    -0.788316    -0.206393    -0.353367    -0.216995     0.148684    -0.691153    -0.696769    -0.906382    -0.100243     0.947809    -0.626838    -0.462612     0.163781     0.563173     0.115005    -0.670276     0.317289     0.145625     0.505492    -0.358178     0.113999     0.539873    -0.336666     0.906757      0.86924     0.851796     0.235137     0.930674     0.268585     0.805687     0.529498    -0.618642    -0.616404     0.688988   -0.0571585    -0.762444     0.813625    -0.164567     0.506059     0.375441     0.192696   -0.0931129    -0.752241    -0.162647    -0.257456     0.382882    -0.398454     -0.19666    -0.743608    -0.589249     0.496889    -0.584073    -0.475682       0.2758     0.608156    -0.333672   -0.0683279     -0.95891      0.57175     0.396262     0.850868     0.307243      0.88913    -0.980935   -0.0237607    0.0410718      0.10086     0.385432    -0.493783    -0.847936     0.760185     0.847046    -0.613687    -0.338161     -0.72525    -0.879294    -0.933525     0.796646    -0.424867     0.211041     0.415289   -0.0882734     0.346545     0.738574     0.563789    -0.799919     0.686476    -0.781734   -0.0948872      -0.6956     0.290946    -0.799764  -0.00637989     0.869613     0.979521     0.816775     0.798665    -0.608663    -0.751854    -0.245999    -0.866009     0.624431    -0.369437    -0.858754    -0.514141     0.114563    -0.326718      0.38022     0.347056    -0.405252    -0.900138     0.531028    -0.236909    -0.227506     0.264692    -0.563399     0.264115     0.823475    0.0530449     0.427636    -0.494463     0.276678    -0.677886     0.115893     0.390249     0.561281    0.0628846   -0.0845311    -0.198625    -0.774125    -0.907593     0.913403    -0.891084     0.609879    0.0651747    -0.582686     0.921248     0.911804   -0.0697934    -0.878375    -0.525676     0.495488    -0.607306    -0.187758     0.229697     0.263761    -0.688042     0.786062    -0.647861       0.8648    0.0256407     -0.24899    -0.124207    -0.537634     0.845033     -0.36784  -0.00151184    -0.736215    -0.460342    -0.970133    -0.823019     0.279541     0.700336     0.396136    -0.672276      0.44821     0.746944     0.899672     0.881899     0.213964     0.384465     -0.60323     0.268658     0.503158   -0.0406928     0.966667      1.00556     0.828365     0.185216    -0.648443    -0.738275    -0.118951     0.323403    -0.877129    -0.854516    -0.221442      0.30957    -0.699235      0.39352     0.324964     0.152666    -0.928046    -0.577276    -0.109425     0.107053    -0.448907   -0.0873471     0.975933    -0.591573     0.563238    -0.523103     0.932861     0.794023     -0.53875    -0.967213     0.217852     -0.20986     0.314137    -0.219068    -0.608583     -0.49504     0.830779     0.955272     -0.83976     0.188007    -0.928559
    0.316978     0.171232     0.537258     0.743204     0.489055     -1.03155     0.609574    0.0949451    -0.299631    -0.572861    -0.764371    -0.204443    -0.907158     0.862746      0.81318    -0.416635    -0.742455    -0.699585     0.466072      0.04903      0.84132     -0.64066    -0.115229   -0.0586999     0.643572     0.453308    -0.189832    -0.713214    -0.117025    -0.827018     0.461294     -0.12177    -0.262723    -0.695136      0.10513     0.231572     0.329298    -0.630915    -0.344841    -0.793704     0.799661    -0.169578     0.477465     0.403203     0.672214   -0.0365714    -0.163523      0.71054     0.995191     0.142438    0.0915162    -0.563041     0.611576     0.346612    -0.934666    -0.636004     0.829182    -0.500334     0.489232    -0.835261     0.609298     0.901394      0.76816     0.448019    0.0672226     0.596236     0.747924    -0.656457     0.403213     0.019264    -0.197332   -0.0269221     0.343525    0.0420977     -0.85864     0.459453     0.914062     0.132821    -0.395315     0.812155     0.469776      0.48413     0.732681    -0.463737   -0.0963664    -0.624265      0.60118     -1.02926    -0.830844     0.217604    -0.979392    -0.519019    -0.494912   -0.0782597  -0.00804586     0.843311     0.166372    -0.227284    -0.650584     0.290387     0.912922     0.722686    -0.231246     0.872657     -0.73517    -0.130549     0.641198     0.390715     0.582256     0.048955    -0.285062    -0.836143    -0.454453    -0.458422   -0.0538912     0.967554    -0.572305     0.177351    -0.798522     0.829483    -0.944048   -0.0741471     0.146504     0.416622   -0.0986556    -0.719786     0.217955    -0.881228   -0.0109337     -0.42646    -0.127784    -0.253376     0.482265   -0.0831024    -0.362078     -0.23748     -0.84278     0.561466     0.367563    -0.996439     -0.55663    0.0365633     0.105042     0.241268     0.214028    -0.447114    -0.673528    -0.458471     -1.09643     0.464921     0.853269      0.20483  -0.00811682    -0.248779    -0.239573     -0.55401     0.161461     0.506673    -0.813079      0.30251      0.87628      1.04668     0.135586    -0.355419    -0.178912      0.69781     0.535511    -0.868537    -0.479823    -0.649797    -0.174873    0.0131131    -0.230504   -0.0208571     0.639308     -0.36173  -0.00959755     0.321692     0.971282     0.703458     0.633533    -0.105164     0.838423     0.299222     0.193842     0.726756    -0.635758    -0.732635    0.0866053   -0.0177552    0.0702618     0.243482    -0.756355     0.196613    -0.286967     0.446527     0.678951   0.00222398     0.471924    -0.249304    -0.667172     0.482126    -0.123574     0.432549     0.758908     0.704646    0.0113471     -0.01533     -0.49338    -0.269319    -0.094913     0.329449    -0.207544      0.56588    -0.180373     0.883185     0.830235    0.0368487     0.139682    0.0936619    -0.625852    -0.261614    -0.319156     0.440322     0.797351     0.970528   0.00452516    -0.901724    -0.372525      0.65516    -0.532598    -0.905404    -0.623515      1.01317     0.612042    -0.217741    0.0462134     0.728425    -0.362952    -0.658479      0.31269     0.863549    -0.610285     0.265159     0.893272     -0.65267     0.295685     0.494872     0.760502     0.151973    -0.111263    -0.389521    0.0733993    0.0465767    -0.207485     -0.48014
    0.392517    -0.352063     0.368553     0.841627       0.2475    -0.443381     0.218569     0.970374     0.818399     -0.64036    -0.802495    -0.237691    -0.084661     0.309925    -0.054701     0.181755     0.779315     0.215002    -0.554589    -0.563301     0.640191    -0.348166     0.497483    -0.554461     0.754341    -0.726185    -0.890416    -0.360597    -0.544823    -0.874793     0.402173     0.407349    -0.428888    -0.299119     0.279151   -0.0707412    -0.583974      0.21571     0.896696     0.244244     0.345443     0.675443    -0.710502    -0.264651    -0.363257     0.261857    -0.385248     0.876581     0.704612     0.162635     0.451414    -0.145346    -0.532506    -0.475965     0.422947   -0.0180558    -0.239711    -0.642964      0.23654     0.226646    -0.115719    -0.202465    -0.333356     0.253341     0.703124    -0.394163    -0.165078     0.472684    -0.138941     0.304537     0.899097     0.559886      0.66715    -0.504644     0.971454     0.166822    -0.420009       0.2021      0.26109      0.67562      -1.0021   -0.0265249    -0.511342      0.21199    -0.801811     0.389517    -0.335554    -0.782448    -0.678523    0.0130761     0.563607     -0.77978     0.266631    -0.337322    -0.216023      0.87146     0.326177       0.3392     0.933697    -0.359925     0.189211    -0.185567     0.913435    -0.101287    -0.150918     0.784113     0.123805     0.585238   -0.0516616     0.614007    -0.177229     0.406109     0.177168    -0.846191     -0.61563    -0.372436     0.561865    -0.641258     0.281706    -0.460015    -0.712778      0.88064    -0.260547    -0.567269    0.0739828     0.166138   -0.0540452    0.0404723     0.497809     0.462848     0.367297    -0.412281    -0.396615     0.603508     0.847311     -0.89112     0.414949    -0.426151    -0.757694     0.343655    -0.929747    -0.165977    -0.421393    -0.817989    -0.460489     0.236479     0.856781    -0.921096      0.13036     0.045177      0.80604    0.0628796    -0.113952    -0.341932    0.0115288     0.419231    -0.225112     0.341129     0.363717    -0.995112   -0.0209296      0.53344     0.780295     0.604622      0.25334     0.736763      1.00245     0.111385     0.697024     0.528372    -0.399456   -0.0158388    -0.542474    -0.338004    -0.759007   -0.0968028    -0.249124    -0.589904     0.729499     0.913061    -0.988623     0.891429     -0.43432    -0.407489    -0.173285    -0.142757     -1.00186   -0.0801134    -0.813014     0.799041     0.116902    -0.701323    -0.732977    -0.127783     0.406662    -0.505569    -0.853751     0.673873     0.771784    -0.662715     0.189677    0.0543305    -0.720649   -0.0869888    -0.627431    -0.964609     -1.00776    -0.495569     -1.02203     0.470195      0.11827    -0.522243    -0.360803    -0.692117     0.777353     0.630274    -0.619193     0.649893     0.847672     0.951463     0.847688    -0.890611    -0.723424     0.435554    -0.516103    -0.407751    -0.835587     0.921123     0.648485     0.300377     0.278958      0.22795    0.0624168     0.128027    -0.721579      -0.9654     0.474816     0.630673    -0.228953    -0.761499     0.321948     0.594323    -0.292417     0.513699    -0.942298     0.714485    -0.220786    -0.323205     0.250241    -0.787427     0.419419     -0.83573     0.735619     0.544715    -0.560777    -0.742775
   -0.591753     -0.97181    -0.341679   -0.0957144     0.209767     0.872055    -0.947827     0.606906     0.900833    -0.368292    -0.253264    -0.209483     0.363284     -0.59095     0.897348    -0.671665    0.0224643    -0.477751    -0.511522     0.462125     0.246485     -0.36402     0.805519      0.69799    0.0203087    -0.425447    -0.235146    -0.834098    -0.808477    -0.974691     0.893572     -0.79659    -0.633138     0.653735    -0.820534    -0.816258     0.845565      0.64571    -0.204048    -0.426694     0.731056     0.607567     0.105514     0.705307     0.398487     0.653695    -0.175125    -0.750633   -0.0130374    -0.307337    0.0117042      0.26875    0.0834922     0.281805    -0.671122     0.871247     0.318375     0.921591    -0.519035     0.680804    0.0872423    -0.843882     0.485555     0.604127    -0.579004   -0.0255126    -0.719925    -0.647237   -0.0390537      0.57883    -0.508721    0.0986848    0.0364154     0.623638     0.766193   -0.0486835     0.900155   0.00212435     0.774924    -0.731001    -0.688866     0.208789    -0.963952    -0.367707     0.696029    -0.562857   -0.0843364     0.173795      1.00729    -0.172594     0.673705    -0.222644    -0.283487     0.382168     0.130093    -0.775199    -0.935769     0.140458     0.565632    -0.346852     0.238564     0.214306   -0.0428074    -0.723886     0.952786     0.579278     0.993999    -0.901772    -0.418334     0.746186    -0.800273      0.70603    -0.760249     0.656819     0.311127    -0.815244    -0.870165    -0.173884     0.678067    -0.459367    -0.412878     0.680793    -0.265056      0.27612    -0.483813    -0.237684     0.435717     0.875471    -0.821778     0.216739    -0.488966   -0.0363253     0.343946     0.381618     0.974392    -0.359461    -0.326067    -0.750771     0.787982    -0.458109     0.301504   -0.0182362     0.409752    -0.887014    -0.844689    -0.793279    -0.489094    -0.358128    0.0280551     0.748955     0.853898   -0.0219606     0.890287     -0.52573      0.39064    -0.472593    -0.340064      0.65447     0.190684   -0.0643705     0.954781   -0.0555671     0.483733   -0.0617727    0.0856516     0.470369    -0.141682    -0.540115    -0.465139     0.142451    -0.186968    -0.636698     0.831927     0.590631    -0.509497     0.881737    -0.900848    -0.604035    -0.849099   0.00774472     0.410757  -0.00349755    -0.358481    0.0657984    -0.640648   -0.0465287    -0.309232 -0.000152416       0.2349       0.4532    -0.425244     0.823647     -0.91403    -0.771149     0.978129   -0.0627916    -0.415124    -0.507522    -0.396005     0.181991     0.535242     -0.71157     0.278593    -0.993846    -0.115971     0.374151    -0.663346    -0.135195   -0.0880015    -0.720761    -0.103262    -0.906456     0.335897     0.942767    -0.862384    -0.890835    -0.932491    -0.330681    -0.577684     0.616726    -0.792976      0.86966    -0.710835  -0.00192136    -0.618353      0.26935    -0.306965    -0.392748     -0.72987    -0.273494     -1.00099     0.441481     0.943895     0.746915    0.0872936     0.607065    -0.790823     0.535856    0.0837189    0.0109792     0.648739    -0.560965    -0.946571    -0.117099     -0.15712     0.996164    -0.724781     0.432823     0.045288   0.00485869     0.483745     0.908209    -0.137427    -0.466011     0.918126    -0.091969
   -0.449173    -0.601069     -0.77521     0.345074     0.813144     0.958242     0.568341       0.5056   -0.0200442      0.18676     0.607759      0.70796      0.78605     0.329215    -0.206264    -0.044411     0.687274     0.550967    -0.228742    0.0682936    -0.333398    -0.841726     0.939592     0.730226     0.116273    -0.286959     0.690214     0.213575     0.428838     0.634045     0.508647    0.0911366    -0.909748     0.313491     0.172608     0.988395    0.0420671     -0.66948   -0.0729017    -0.333386    -0.708341    -0.828619    -0.104902     0.626355     0.751608     0.710865     0.508534    -0.985045    -0.343115    0.0915417     0.853228    -0.260727    -0.120425    -0.976247    -0.948558   -0.0362375     0.111765     0.540812     0.233453     -0.92438     0.364861     0.113005   -0.0552752     0.150967     -0.19006    -0.197304    0.0793872    -0.262878    -0.500367    -0.171832    -0.578069    -0.448775    -0.910634    -0.518949      0.19098    -0.633563     0.654659    -0.860492    -0.598304    -0.338724    -0.893703     0.951533    -0.858018     0.585041    -0.787526    -0.950204     0.430026     0.356652     0.853969    -0.545408    0.0441406    -0.470519    -0.985506       0.2617    -0.835621     0.977071    -0.132057    -0.682487   -0.0893449    -0.363621    -0.159539   -0.0826922    -0.235623    -0.314226     0.712448   -0.0185284    -0.302431   -0.0478178     0.787479    0.0569294    -0.417549     0.958767    -0.847915    -0.486714     0.845795    -0.385891    -0.230228      0.73857    -0.283782     0.499713   -0.0977811     0.121577     0.415683    -0.581699    -0.720667   -0.0966861    -0.774604    -0.879511    -0.677652     0.882826    -0.262522     0.217652    -0.757902    -0.634653     0.599476    -0.852231     0.131368     0.574809     -0.30474    -0.986793     -0.36247    -0.721951    -0.381695    -0.823732     0.931056     0.568033    -0.819458     -0.73245     0.331032  -0.00761491     0.410525     0.247144     0.801533      0.63139   -0.0862043     0.578649    -0.367786     -0.37539     0.903921     0.722657    -0.277324      0.15197    -0.573885    -0.244278     0.199848    -0.694564     0.449398    -0.596797    -0.226269    -0.903709      0.23866     0.397035    -0.870622    -0.132939     0.600376    -0.598987   -0.0677253     0.797214    -0.138115     0.761841     -0.64261    -0.629005     0.289729     0.933374     0.861286    -0.998314     0.666942     0.764361    -0.751466     -1.00333     0.939721    -0.847441    0.0422968     0.514296     0.875319     -0.15368     0.245934     0.742114      0.21615     0.511733     0.889111     0.297668    -0.903183    -0.359686    -0.174686    -0.719371     0.510723     0.870746     -0.14873    -0.704832      0.85891    -0.734985    -0.447489     0.737953     0.248704     0.130053    -0.942834    -0.545242     0.506776    -0.482215     0.156076    -0.894197      0.86762    -0.290819      0.92633    -0.473197     0.716971    -0.297586     0.935632    -0.684781    -0.419815     0.534895    -0.888882     0.631036      0.67061      0.84452     0.401506     0.686916    -0.376134    -0.692974    -0.565139    -0.967739     0.551869    -0.670227    -0.871785    -0.205307     0.440396     0.139021    -0.970637    -0.654381    -0.509217    -0.414953     0.975802    -0.316014     0.576081    -0.782022
   -0.866706    -0.691502    -0.226448    -0.734768     0.762387    -0.296681      0.42246     -0.83581    -0.977866     0.938044     0.463091     0.669782    -0.670966    0.0623222    -0.331281     0.235696     0.939219      1.02016     0.133661    -0.816556     0.707328     0.300386     0.953604     0.551874    -0.451363      0.48185   -0.0821394     0.296427   -0.0756105    -0.925021    -0.579274    -0.961222     0.309916     0.372128     0.272425   -0.0268255    -0.471177      0.58836   -0.0994336     0.220535    -0.542846     0.944307     0.644389     0.925522     0.899442    -0.121848    -0.271104     0.167263     0.283442   -0.0976457      0.37621     0.936533     0.349443     0.345512    0.0738019     0.483756     0.208274     0.488329     0.455469     -0.18525     0.963085     0.315264    -0.243683    -0.765092    -0.633239    -0.223743     -0.62511      0.50944      0.86078  -0.00428735    0.0657397     0.562075     -0.33207     0.768195    -0.673413    -0.107898    0.0695305     0.599821     -1.01224     0.505625     0.749002    0.0412156     0.793514     0.683063     0.628768    -0.448789    -0.345972     0.314488     0.554856     0.268638     0.649758     0.870742    0.0116666     0.368024     0.249133    -0.168796    -0.131995     0.629041    -0.461009    -0.460289    -0.877445      0.85069     -1.00887     0.720108     0.746721    -0.309739     0.155421    -0.157456    -0.126389     0.424302     0.800634     0.930002    0.0693046      0.81431    0.0609903     0.170577     -0.17664    -0.613423    -0.590942     0.824194    -0.122236     0.175974    -0.698289     0.873942    -0.242291     0.678885     0.568513   -0.0229067    -0.482044    -0.701012    0.0590879    -0.888151     0.073201    -0.650634     0.738111    -0.774318     -0.76018     0.743785     0.427579      -0.2803    -0.899417  -0.00186967    -0.105751     0.650195     0.774814    -0.682644    -0.868978     0.324706    0.0408303       0.6611     0.636544      0.68985    -0.865635     -0.74858     0.165447   -0.0752775      -0.2866     0.561339    -0.846934   -0.0042714    -0.335134    -0.636591     0.315662     0.100744     0.268618    -0.514809    -0.870627     0.648503     -0.37749     0.100764    -0.412162     0.262463     0.956025     0.173423   -0.0876913     0.535006    -0.225556     0.303405    -0.584726     0.633706     0.225927    -0.796809      0.51776    -0.495294     0.463354    -0.835407    -0.397656    0.0747541     0.108163     0.147344    -0.500992     0.910571    -0.377722    0.0123763    -0.948962      0.98421    -0.566679    -0.163514   -0.0713601    -0.227888    -0.900714    0.0987897    -0.394238    -0.293399     0.101372     0.663481     0.276964     0.873428     0.808775     0.590056     0.291933    -0.232857     0.538004  -0.00967685   -0.0103854    -0.978056     0.735729    -0.829142     0.630769    -0.132625    0.0832882   -0.0711154     0.508179     0.654439    -0.049244    -0.299813    -0.351908    -0.233781    -0.952891     0.388795    -0.715505     0.595649    -0.862486    -0.384407     0.283616     0.844312     0.186494    -0.133644    -0.888321    -0.926146     0.403272    -0.890524    -0.751722     0.531347     0.879526    -0.576757    -0.586898     -1.01527    -0.658066  0.000160048    -0.182035   -0.0570189     0.568547    -0.926717     0.996133     0.083984
    0.741642    -0.964363     0.203675    -0.361439      0.23803     0.623573     0.962315   -0.0454148     0.374934     0.592952     0.483926     0.402372     0.344781     0.993141    -0.719621    0.0332214     0.446477    -0.968391     0.111427   -0.0506212    -0.432097     0.947244    -0.788229     0.643251     0.983907       0.6498    -0.980111     0.315412     0.329278     0.931996     0.652164      0.48683     -0.04047     0.739045     0.442134     0.920735    -0.978848     0.314229     0.191346    -0.422573    -0.417568    -0.270165   -0.0415027    -0.991404     0.573046     0.702295     0.306765    -0.713591     0.446302     0.447172     0.483126    -0.542618    -0.465172     0.607857    -0.547632     0.246088    -0.220484     0.177363      0.01284    -0.228586    -0.374476     0.728327     0.588427     0.721084   -0.0279601     0.304491     0.318551     0.266236     0.792667    -0.149467    -0.251729   -0.0785576    -0.358529     0.416377      0.29461     0.730923    -0.678584     0.860829      0.13161     0.408789    -0.481928    -0.427698     0.346468    -0.324073    -0.196981     0.407935      0.52038    -0.274968    -0.337328    -0.141105     0.767283     0.418683     0.995753     0.318874    0.0144224     0.608405     0.566595     0.362661     0.620024    -0.596347   -0.0235755     0.948225    -0.981832    -0.825612     0.557128     0.529182      0.59641       0.5859    -0.952836    -0.328264     0.556522    -0.375899     0.664755    -0.524237    -0.956398     0.132534   -0.0827605     0.252158   -0.0461981    -0.437174     -0.13113    -0.693732    -0.819904     -0.38473    -0.532081    -0.291983     0.381998    -0.469757     0.376105    -0.110972      0.11988     0.432572    -0.111125    -0.971606    -0.287347    -0.663626    -0.968434     -0.47902    -0.366211     0.766436    -0.153372     0.107847     0.793104     0.752444    -0.914527    -0.180443     0.303585    -0.199423     0.499894     -0.40996    -0.916082     0.420254    -0.815158     0.319148    -0.722522     0.290716     0.373586     0.506551     0.837919    -0.367238   -0.0827142    -0.116396     0.445892     -0.14063     0.606355     0.375158    -0.403626     0.128084    -0.819494     0.162667    -0.106585     0.126424    -0.887728     0.217537     0.969974    -0.124618     0.791095    -0.274778     0.224684     0.490535     0.531053    -0.301397    -0.246331      0.61895    -0.619267    -0.248138         0.52     0.412359     -0.82739     0.524488     0.194927     0.569736    -0.375476     0.728711     0.171188    -0.784963     0.290095   -0.0721129     0.743682     0.411015    -0.712383     0.200731     0.305469    -0.509747     0.843417     0.511266    0.0657578      0.62446    0.0557718     0.513028     0.947224     0.230367    -0.205898    -0.751806    -0.507886     0.855256     -0.65816    0.0544322     0.749946   0.00780429    0.0330572     0.948586    -0.745617    -0.775886    -0.619108     -0.38981     0.188324     0.771081    -0.862283    -0.215745      0.48362    -0.726402     0.403645     0.547314    -0.365018    -0.332154    -0.753324    -0.308269    -0.378755    -0.830132     0.746731    -0.642542    -0.246068     -0.35953     0.216989     0.546895     0.436153   -0.0749718     0.939417  0.000439182    -0.230784    -0.958528       0.3554    -0.210584   -0.0852155    -0.238391
  -0.0153427    -0.671717     -0.57416     0.000487    -0.270958    -0.961671     0.117781      0.39812    -0.159834    -0.060096    -0.784449    -0.278599     0.675707     0.112061    -0.288931    -0.900345    -0.856773    -0.112227      1.00211    -0.229356    -0.597928     0.113035     0.626884     0.287319     0.862862    -0.226139    0.0537027    -0.377589     0.998244     0.483557     0.732416     0.827609     0.823229      0.51748     -1.00654    -0.836629     0.195419    -0.414103    -0.236258    -0.316107    -0.817277    -0.561602    -0.411396     0.816413    -0.581655    -0.775354     -0.80091     0.487869    -0.409367     0.712329     -0.35286     -0.45942      0.69009     0.645463    -0.984514     0.405628     0.107188    -0.824566    -0.217497     0.273459    -0.567393     0.249212     0.320182     0.342937    0.0411149    -0.414625    -0.188986     -0.59962    -0.294311     0.342559     -0.69211     0.309311     0.169645    -0.734634     0.459343    -0.177187     0.192328     0.238335     0.362134     -0.68455    -0.490311    -0.394714    -0.555283     0.440932     0.126646    -0.422457     0.393709    -0.733003     0.632376     0.291525    -0.833564     0.281588    -0.637183     0.100969     -1.00236     0.657749    -0.466483    -0.896048    -0.397102    -0.872334    -0.981567     0.640855     0.954477     0.209163    -0.312667    -0.945853    -0.960577     0.794211    -0.967928     0.526154    -0.210974      0.12299     0.526329    -0.984022     0.245652    -0.704305     0.871547     -0.27804    -0.827037    -0.725838     0.474731     0.439425    -0.210201     0.614484   -0.0285049    -0.468946     0.507908    0.0491362    -0.820907    -0.382839     0.578293     0.901666      0.43527    -0.246956   -0.0815367     0.817453     0.240485     0.651196     0.558618    -0.366498     0.354985     0.888635     0.318424    -0.304215    -0.534241     0.930143     -0.21447    -0.604925     0.854137    -0.490997     0.461846    -0.133719     0.430435   -0.0911634     0.417709    0.0903245     0.146801     0.754949    -0.562298    -0.804235     -0.31489     0.361393     0.867952    -0.290763     0.101879     0.238491     0.714716     -1.13939     0.376989     0.268554    -0.132544    -0.140238     0.386229   -0.0851834    -0.970071    -0.781055     0.293662    0.0394439    -0.294036     0.483863     0.322488    -0.159911     0.237107    -0.396296     0.681222     0.662609     0.376253     0.522032     0.660786     0.113594    -0.638864     0.519153    -0.356807    -0.104356     0.488294    -0.758989    -0.707403      -0.5726     0.886807    -0.365246     0.837314    -0.243116    -0.384927    -0.116367    -0.719118     -1.07136    -0.673628    -0.767442     0.205513     0.472717    0.0490493     -0.70819     0.644604     0.857147     0.227138    -0.898407    -0.623089    -0.818789     -0.64957    -0.554183     0.939717    -0.199252     0.401896     0.639371     0.909929     0.685376     -0.12435    -0.437468     0.517004    -0.522683    -0.128207    -0.713423   -0.0532365     -0.63806    -0.653258     0.386649     0.801281    -0.392701    -0.676536     0.586178     -0.97244      0.31393     0.375015     0.803231    -0.720579      0.73514     0.302391    -0.474784     -0.66555     -1.00257     0.277654     0.635541     -1.00136     0.249763    -0.770787    -0.446593
   -0.523308    -0.218682    -0.587603    -0.273503     0.981369    -0.117475    0.0737752    -0.498463    -0.904188      0.75401     0.494018     0.525368     0.924041     0.400854     -0.75639    -0.398747    -0.130079    0.0919105     -0.24804    -0.453442    -0.660651     0.376381     0.946248    -0.413547     0.151269     0.157783     0.751016    -0.458246    0.0824288      0.63415    -0.104868    -0.570937       -0.578    -0.566612     0.413558     0.594828    -0.929987     0.399165    -0.938631     0.317235   -0.0233883     0.919159     0.202577    0.0720415    -0.488785   -0.0454971    -0.463106     0.145442   -0.0666216    -0.317471    -0.400936     0.172545     0.884076      -0.3767    -0.572938    -0.469133    -0.104803      0.36141    -0.465535     -0.85114    -0.562906      0.34151     0.385032      -0.9859    -0.346274    -0.772726    -0.259122    -0.779695     0.871168   0.00513164     0.678302     0.860327     0.018378      1.05215    -0.400315    0.0622531    -0.461032      0.78852     0.496565     0.297529     0.555944    -0.438404    -0.205276     0.670482    -0.980377     0.468345    -0.495234    -0.519281    -0.386031     0.964498     0.430051     0.217849     0.488749    -0.891496     0.249579    -0.282521    -0.100206    -0.768317   -0.0309989     0.501658     0.707388    -0.291173    -0.774036    -0.583661     0.477682    -0.201063     0.583522    -0.693773     -0.63373    -0.365136   -0.0183056      0.98031    -0.214018      0.38449     0.947151     0.730918    -0.370566     0.919713  -0.00221747   -0.0563807    -0.246106      0.58838    -0.275933    -0.328063    -0.511976    -0.352946    -0.768527    -0.710004   -0.0571985     0.417107     0.791872      0.97075     0.515401     0.464508     0.436444     0.707363    -0.794172     0.163861    -0.280433     0.624928     0.389487     0.998451    0.0870713    -0.282721    -0.444379    -0.700617    -0.310462     0.266292     0.144141    -0.835872    -0.864299      1.01411     0.316968     0.781152    -0.238665     0.108628    -0.879485    0.0125406     0.112958    -0.766783     0.689161   -0.0285107    -0.231217     0.584476      0.99927    -0.319659    -0.878388     0.220488     0.614947     0.440307     0.309953    -0.681838      0.35696      0.34649   -0.0468118    -0.468065    -0.455297    -0.428818     0.119201     0.503731    -0.242511    -0.617225    0.0287113    -0.619439     -1.00946     0.400168     0.909839    -0.459081    -0.731146    -0.117722    0.0477714    0.0551158     0.252823     0.682218    -0.124682    -0.356177    -0.925343     -0.65767   -0.0844863     0.500829     0.222989     0.633756    -0.498097     -0.87212   -0.0137307     0.515576     0.262378    -0.911528   -0.0912551      0.69137   -0.0740921     0.602425    -0.738603    -0.787216    -0.245175    -0.629384    -0.405185     0.649272      0.69445    -0.217994     0.713993     0.693627    -0.866679     0.390955      0.91274     0.493094     0.160311    -0.444323     0.902802    -0.796423    -0.439439    0.0870364    -0.752113    -0.689771    -0.164773   -0.0153842    -0.800564     0.748594     0.683677    -0.151943    -0.155036   -0.0473279    -0.764326     -0.59484     0.534334    -0.202672    -0.866607     0.223195     0.339052      0.44125     0.391629    -0.877787    -0.558883    -0.333392   -0.0586376    -0.507647
   -0.654609     0.645488    -0.849053    -0.747146     0.406713    -0.786119     -0.34264     0.768726     0.342828   -0.0132971     0.721517     0.708952     0.715245    -0.852877     0.773705    -0.488197     0.533647    0.0592252    -0.308168     0.756606    -0.382838   -0.0995609     0.759529    -0.433408     0.488812    0.0598696    -0.662855    -0.587491   -0.0515623     0.295508    -0.456386    -0.029466    -0.896736    -0.290387     -0.81262     -0.52012    -0.999602   -0.0468495    -0.305545    -0.883274     0.895787    -0.900027    -0.705828    -0.439067   -0.0904775    -0.628357     0.964191     0.270504      0.96829    0.0854874     0.203186     -0.11086     0.105125    -0.345813     -0.41686    -0.416021      0.40706    -0.154325    0.0597441    -0.126352     0.262671       0.6939      0.74105    -0.309172     0.978869    -0.986875     0.901863     0.884899     0.393944    -0.364487     0.327908     0.916194    -0.742559     0.869633     0.511634     0.365473     0.241896   -0.0584019     0.590624    -0.845056   -0.0720205    -0.315224       0.9052     0.140388    -0.963052     0.161925     0.256903     0.112032     -0.42453     0.444989     0.294263    -0.872813    -0.764023    -0.356664     0.923437    -0.518202    -0.775469      0.27133    -0.618907     0.662649     0.202111     -0.19465    -0.758841     -0.84996    -0.092896     0.933784    -0.725467     0.849455     0.314012     0.155915     0.200175    -0.706605    -0.696567     0.671885    -0.141867  -0.00459441     0.808941     0.082617    -0.417786     0.327186     0.594324    -0.427505     0.777475    -0.586756    -0.949266     0.938744     0.360731     0.960785     0.322455     0.290152      0.74896     0.338887     0.353176    -0.499688     0.300616   -0.0570213     0.236928     0.728957    0.0900998     0.258847     0.933631    -0.384221     0.445584    -0.205188     0.520319    -0.640757     0.212969    -0.450714     0.438352    -0.340724     0.219338    -0.020156     0.183571    -0.728513     -0.86676    -0.849463     0.145449      0.14382    -0.580346     -0.30558     0.543647     0.821531     0.959237    -0.573006     0.500585     0.209092     0.898423     0.888962    -0.999338    -0.887252    -0.207316    -0.394113     0.338553     0.459978      0.33041     0.443815     0.677277     0.218518    -0.439281     0.184838     0.804329    -0.328379     0.734304     -0.24758    -0.153894     0.716004     0.305499     0.194891     0.233586      0.50068    -0.823521    -0.662005    -0.750289  -0.00181396    0.0148903    -0.817609     0.698154     0.365653     0.683509    -0.277075    -0.395881      0.59686    -0.933422     0.872508    -0.649189     -1.03173    -0.988653     0.958707     0.061317     0.620504     0.087281     -0.57669     0.839117     0.797166    -0.335055     0.717764     0.914769    -0.665917     0.931837    -0.741362    -0.978301    -0.901958     0.578952     0.292184   -0.0238355     0.984944     0.696528    -0.698996     0.172428    -0.900202    -0.611216    -0.341428     0.815425     0.315832    -0.290684    -0.238439     0.261801    -0.636554     0.197102    -0.870623     0.540117     0.449798    -0.161628     0.710836     0.521478    0.0702671     0.991913    -0.608136    -0.746133    -0.794978     0.294885     0.281394   -0.0962996     0.776384     0.630129      1.03385
   0.0670529      0.25856    -0.600526    -0.020869     -1.12213    -0.322808     -0.22665     0.710972     0.726256     0.213097      0.62338     0.403204    -0.429385    -0.118766     0.472061     -0.93885      0.22153    0.0163217    -0.844449     0.888813    0.0194189    -0.168704     0.483743    -0.869027   -0.0482963    0.0269475    -0.988931     0.955662    -0.124337     0.854224     0.389684    -0.672481    -0.031233     0.497186     0.589987      0.82811     0.724226     0.423126    -0.852314     0.519687    -0.877326     0.375659     0.307931    -0.335785     0.641659    -0.355408     0.728787    -0.102448     0.530238    -0.905912     0.867462     0.145404     0.324221    -0.451289     0.518829    -0.298518     0.942127    -0.848011    -0.124081    -0.303218    -0.058695    -0.225265    -0.719938    -0.482973    -0.642313    -0.195232    -0.089006    -0.285209    0.0445271    -0.405314     0.266354    -0.825296    -0.625938    -0.788185     0.681242     0.402631     0.150426     0.743843     0.532856    -0.476392     0.207282     0.403402    -0.914399      0.36509    -0.714596    -0.641716    -0.801852    -0.694237     0.283914    -0.701839    -0.962945    -0.509592     0.630065    -0.692797   -0.0512452    -0.867437      0.61941    -0.758079     0.548971     0.930668     0.836875    -0.545095    -0.399928     0.909933     0.690487    -0.678366     0.114403     0.499468     0.888556     0.346093     0.194852     0.530092    -0.293314     0.272023    -0.899387    -0.218305     0.417098    -0.414702    -0.714831    -0.800138     0.667978     0.899359    -0.464847    -0.942907     0.926341     0.914265    0.0844744    -0.441475     -0.30697     0.630605     0.262047    -0.341944     0.318007     0.852009     0.490141    -0.901231    -0.849021     -0.66225    -0.340985     0.201207     0.177143    -0.139395    -0.512204    -0.260314     0.227795    -0.532956      0.83049    -0.439383    -0.438235     0.845425     0.871434      0.15759    -0.791468     0.263362    0.0634797      0.41394    -0.921097    -0.766569       0.0981     0.160756    -0.656369    -0.256804     0.131605     0.633153    -0.372178     0.690009    -0.780111     0.822471    0.0359188     0.335521     0.719647    -0.893594     0.468676     -0.78381     0.071433     0.493313     0.883275     0.951494    -0.964115     0.533763    -0.295134     0.911247     0.883649      0.42746    -0.120493     0.419553      0.53009    -0.481755    -0.319241    -0.942869      1.06172     0.267638     0.652873     0.417312     0.864278     0.511855     0.398816    -0.842706    0.0376065    -0.125134     0.386585      0.77304     0.824088    -0.514524    -0.871814     0.382894    -0.302182    -0.964338    -0.467732     0.122887      0.38027    -0.814247    -0.198706     0.480956    -0.654051    0.0197589     0.878393    -0.570356     0.874364     0.803997    -0.469843    -0.883991     0.415604     -0.70181    -0.427273      1.01347     0.589901   -0.0329038      0.19723    -0.327313    -0.847106     0.762155    -0.320834    -0.404358     -1.09068     0.102288     0.569972    -0.945126      0.45626     0.765712    -0.699257    -0.225115    0.0598931     0.506463   -0.0806616    -0.235575     0.700458    -0.603812     0.643241     0.968465     -0.28847     0.545812    0.0218774    -0.367149     0.472582    -0.390297
     1.04994      0.79525    -0.300509    -0.209545    -0.445565    -0.530067    0.0697031     0.125691     0.621427    -0.868311     0.591755    -0.941463     0.365033    -0.499518     0.112801     -0.80147     0.135369     0.305403     0.418109    0.0742047   -0.0878925     0.203453     0.322375     0.849997    -0.311604    -0.415934    -0.417725     0.355306      0.36416     0.123134    -0.909938      0.35204    -0.699163    -0.545124    -0.658669     0.612502      1.01709     0.410671    -0.439774     0.262099     0.771553      -0.7985     0.199026      0.21174     0.205983    -0.447491   -0.0782305    -0.523727    -0.673384   -0.0408281    -0.909343     0.868631    -0.224538     0.259706     0.658899     0.541385     0.137172     0.954879    -0.614513    -0.513398    -0.664027    -0.585629    -0.578433    -0.412046    0.0201486    -0.898394   -0.0931102    -0.459932     -0.14342     0.967893    -0.599657    -0.511935    -0.441004    -0.541217     0.492955     0.775175     -0.28483     -0.79276     0.872817      1.00556    -0.597932     0.756987    -0.352142    -0.836438    -0.662453     -0.28846   -0.0622151     0.728415    -0.898185     0.970505    -0.226508     0.315983    -0.195404     0.700181    -0.923214    -0.560568    -0.792966    -0.341234     0.296378      0.59201    -0.625576      0.54357     0.919261     0.440702    -0.213096     0.420002     0.866383    -0.379051     0.541496     0.794629     0.459253     0.356968     0.303879     0.714658     0.815074     0.123718     0.254096    -0.276334     0.574519    -0.348685     0.305776     0.849173    -0.854057     0.872954    -0.113311     0.596596      0.56738    -0.747331    -0.948622    -0.349778     -0.12167    -0.532319    -0.837243    0.0866672    -0.159807     0.406822    -0.225422     0.358804     0.217839     0.586661    -0.851868   -0.0157802   0.00544752     0.768063     0.476899    -0.632882    -0.216213    0.0846394    -0.587019    -0.873189     -0.28154    -0.204994     0.903913     0.365189     0.909118     0.541787    -0.531968     0.409247    -0.304064     0.310835    -0.010181      0.51044     0.691534     0.719574    -0.784654    -0.389765    -0.325405    -0.104717    -0.211085    -0.666672    -0.798702     0.420142    -0.232007    -0.788786    -0.863751     0.722639    -0.839814     0.934901    -0.430802    -0.625385     0.681867    -0.910264    -0.303705     0.263402    -0.195503    -0.925046    -0.224172    -0.285533     0.930902    -0.924177     0.555901    -0.255474     0.556282      0.36858    -0.406776     0.307614     0.884214     0.915329     0.820956   -0.0296053     -0.50726    -0.419889    -0.501524    -0.793225    -0.651106    -0.266271    -0.351418     0.506805    -0.405089     0.768868    -0.722336    -0.579292     0.414222    -0.601479    -0.740341    -0.292569    -0.850535    -0.205265     0.193676    -0.025357     0.162035     -0.05247    -0.840688     0.498061     0.750619   0.00613686     0.449669     0.366843    -0.556711     0.905204    -0.627436     0.817449     0.428793    -0.748799    -0.822059    -0.725899     -0.91185    -0.144919     0.856841     0.676667    -0.788928    -0.626951     0.609238     0.600387    -0.668017    -0.433649    -0.630699    -0.675115    -0.427934   -0.0787483    -0.876001      -0.5015    -0.361328     0.260317     0.311988     0.456815
    0.163965     0.882781     0.376904     0.545817   -0.0621132    -0.145114     -0.41712     0.663579    -0.332228    -0.932564    -0.601786    -0.793057    -0.582948     0.177409      0.45691    -0.184625     0.459762      0.95189     -0.27659     0.871365    0.0762049     0.978287    -0.522905   -0.0327085     0.938141    0.0279519    -0.542609     0.946485    -0.238636      0.11834     0.545226    -0.804256     0.305924      0.14044    -0.332059    0.0170438    -0.564459    -0.759173     0.355992    -0.284351    0.0100406     0.631314    -0.340497    0.0284177     0.418798     0.700418    -0.176098   -0.0644412   -0.0231787     0.681853    -0.160417    -0.365343     0.999454     0.285041    0.0301804     -0.43686      -0.2312     0.780201    -0.468837     0.474878    -0.398512     0.901616      0.43378    -0.227914     0.649518     0.236308     0.432047     0.634252    -0.885547    -0.073896    -0.898418     0.105893   -0.0769483    -0.116562   -0.0188954   -0.0425099   -0.0263737      0.62186   -0.0546301     0.971571     0.730611    -0.519161    -0.831565    -0.161863     0.586546   -0.0155705    -0.464648     0.354008    -0.786785    -0.444751      0.49632     0.423709    -0.120515     0.494536     -0.44158    -0.931455    -0.522943    -0.152368     0.363469     0.728429     0.493831    -0.038568     0.960123      0.60416     0.180925     -0.88717    -0.920309    -0.283769     0.947726    -0.819134    -0.802692     0.733719    -0.724666    -0.614551    -0.908987     0.538525    -0.851818     0.770212     0.482219     0.569363     0.222141       0.7102    -0.728199     0.627297    0.0979927     0.792851    0.0645827    -0.233582    -0.766048     0.163113    -0.774103    -0.403743    -0.337376    -0.230119   0.00580816    -0.877019    -0.246872    -0.252698    0.0215472     0.827626     0.256357    -0.725662     0.144205    -0.102557     0.249754     0.895164      1.01967   -0.0162148     0.623424    -0.186691    -0.106712      0.20433     0.494396      0.75297     0.998512      0.21734    -0.902658    -0.221516     0.319818     0.917682   -0.0214835  -0.00975313    -0.340426   0.00665256     0.542799     0.405983    -0.522939     0.989733     0.372218     0.241013    -0.325121    -0.789626     0.898273    -0.162973   -0.0874111   -0.0327436    -0.988159    -0.688868     0.757961    0.0991798    -0.526669     0.756614     0.646581    0.0248161     0.286731    -0.860555    -0.124171     0.244087    -0.109156     0.955474     0.690971      0.47511     0.313948      0.75165    -0.325269    -0.921554   -0.0930834    0.0903727      0.80929   -0.0744633    -0.314512     0.814534     0.522712    0.0597299    -0.433783      1.00022      0.36596    -0.183283     0.900464      1.00758    -0.174345   -0.0235554     0.837624    -0.409337     -0.89876     -0.74082    -0.557863    -0.474665     0.705086    0.0344876     0.992351    -0.790972     0.194932    -0.847337     -0.87797    -0.709767     0.285631     0.481894    -0.959386     0.514553    -0.281345    -0.337074     0.673279    -0.208968    -0.358322     0.260383   -0.0820707    -0.233476    -0.249423     0.319091    -0.212597    -0.182252    -0.604691     0.302139    -0.464011    -0.774299      0.30884   -0.0669144     0.854795     0.203931     0.454468     0.510683   -0.0622526   -0.0822872     0.213775     0.318151
   -0.123219    -0.182799    -0.626748   -0.0285059    0.0191167    -0.172293    -0.322523  -0.00728955     0.214174      -1.0143    -0.549051    -0.317005     -0.87208     0.755484     0.558748    -0.848992     0.701392    -0.449499     0.650897     0.809057     0.773789     0.874332    0.0903673    -0.349541     0.818554    -0.430651     0.612112    -0.742617    -0.197978    -0.901367      -0.6812     0.550723   -0.0845766     -0.63786    -0.832878    -0.817812    -0.383145     0.373882     0.195859      0.54616     -0.78337     -0.28337    -0.473592     0.918694    0.0930217     0.131565     0.896044     0.445526     0.254611    -0.577189     0.883645     0.700802     0.601126     0.178005     0.926587     0.215996    -0.364115    -0.567845    -0.241533    -0.937118     0.149308    0.0668181     0.278386     0.728955     0.329771      0.75869    -0.327736      0.42544     0.684657      0.58044     0.157131    -0.152095    -0.703666     0.756063     0.165295      1.11473     0.810717     0.285104    -0.477337      0.51686    -0.666899   0.00691943     0.567039    -0.273313     0.532779    -0.857105     0.593497    0.0354446     0.637068    -0.174405    -0.238661    -0.666609    -0.670939     0.620227     0.263112    -0.161209     0.794326    -0.780436    -0.217013   -0.0022359    -0.462666      1.11506    -0.553035     0.932403    -0.998921    -0.710309    -0.168948     0.165466      0.56116    -0.583497    -0.687299    -0.498531    -0.231707     0.553609     0.247096     0.380127    -0.887744    0.0170378     0.793924     0.898477     0.715609    0.0836888    -0.689684    -0.930433     0.728321    -0.342372     0.702223    -0.937098    -0.128833    -0.713043     0.836798    -0.705366     0.163611    0.0756719     0.658944     0.446741     0.160472    -0.400736       0.5048    -0.614337    -0.198071     0.354962     0.317643    -0.841875     0.537755     -1.00137    -0.775702   -0.0940133   -0.0852765     0.079205    -0.329315     0.939609   -0.0249549     0.121531    -0.345652    -0.107953    -0.153529    -0.440453     0.642393     0.643971     0.643557     -0.42884    -0.295693     0.696999     0.521245     0.557995    -0.663564    -0.774338     0.542197    -0.316243    0.0780539   -0.0446277     -1.00589    -0.431167     0.157451   -0.0590072     0.425637    -0.979796    -0.693479    -0.846561    -0.369533    -0.710245      1.00471    -0.301773     0.338626    -0.897277    -0.381523     0.189674    -0.666087    -0.730944     0.501565     0.769695     0.661828     0.593101     0.969663     0.916327     0.400284      0.57539     0.263152    -0.500106     0.948449   0.00331792     0.472241    -0.676625      -0.5283   -0.0284404     0.497697     -0.23776    -0.141959     0.105599    0.0939978    -0.836373    -0.641699     0.351981     0.765573     0.676883    -0.630257     0.999204    -0.453513   -0.0190702     0.920164    -0.488114   -0.0519359    -0.126361    -0.896222    -0.954439     0.832669     -0.98857     0.114377     0.784829     0.420235     0.393194   -0.0626998     -0.92543    -0.964846     0.197878     -0.47924    -0.558894     0.450426     0.946296    -0.954432     0.585825     0.691869     0.482251     0.623198     0.261481    -0.478641    -0.275981    -0.736048     -1.02702    -0.483235     0.847795   -0.0316843     0.528783      0.94569    -0.853972
    0.619737     0.922426    -0.453178    -0.114771     0.462273    -0.139813    -0.110051     0.779916    -0.333502    -0.952428   -0.0242065    -0.644927    -0.684924    -0.742428    -0.148194   -0.0836224   -0.0947165    -0.494519    -0.447369    0.0355656    -0.597812     0.360744     0.380424     0.727012     0.887513     0.826034     0.386929    -0.128814    -0.338078    -0.608364    -0.694179    -0.322803     0.148988    -0.353189     0.167042    -0.843036     0.653736    -0.602079    -0.601711      0.12374     -0.26567      0.93851     0.764077     0.756658      0.65301    0.0382742    -0.346993     0.930141     0.778777    -0.599161      0.60291     0.472713     0.817301     0.240762    -0.622882     0.122716    0.0137645    -0.565382   -0.0526239     0.454123     0.113191     0.470739     -0.15431     0.663525     -0.62943    -0.106397      0.09556    -0.706205    -0.506347     0.445225     0.115768     -0.12111     0.522032    -0.561827     0.643264   -0.0624884    -0.864796    -0.562055      0.69221   0.00147408     0.410781     0.938468   -0.0550245     -0.54628      1.03662    -0.883996     0.997927     0.465547    -0.161903     0.245263     0.118752    -0.206267     0.403546    -0.579672    -0.196213     0.702879     0.483117     0.441987     0.729671     0.675485    0.0687893     -1.02933    0.0350623     0.122326    -0.729016    -0.106674     0.191945    -0.580844    -0.284121     0.244423    -0.155329    -0.707561     0.144611    -0.535924     0.746432      0.51843    -0.453022     0.732012     0.621588     0.872376    -0.717578    -0.878878     0.198398     0.820255     0.917628     0.381841   -0.0274892    -0.512835     0.606311     0.127633     0.745296     0.191982    -0.676865     -0.11965     0.600739     0.691486     0.542163     0.483065     0.279814     0.188547    -0.605717    -0.688322      0.84741    -0.453223     0.484001     0.170141    -0.759068     0.118444      1.03311      0.39289     0.159822     0.298907    0.0737874     0.147475    -0.498616     0.300068     0.235947    -0.799251   -0.0730572     0.829539     0.802635    -0.657508    -0.518685     0.898355     0.404825    -0.256983     0.764407     0.265005    -0.339034     0.218625    -0.631272    -0.238646     0.277867     -0.12393     -0.23526     0.383216     0.035701     0.169932    -0.699209     -0.76331    -0.736877    -0.594025    -0.649273    -0.879282     0.980428    -0.292076     0.429269    -0.270975    -0.720551     0.300682     0.109752     -0.23851     0.353466     0.540944    -0.174013     0.702854      0.63433    0.0790512    -0.168255    -0.362277      0.13668    -0.277345    -0.745726      0.46889   -0.0614495    -0.948254     0.585351    -0.650067     0.120517     0.792547    -0.944371     0.821776    -0.530457    0.0742057    -0.136352        1.009    -0.892638    -0.824558    -0.794534    -0.351388      -1.0245    -0.907126     0.622323       0.5826    -0.638481   -0.0883875    -0.618776    -0.363263    -0.716606     0.570287     0.959976     -0.88308     0.708188     0.425847     0.210308     0.455264     0.553678     0.216222    -0.794996    -0.758456    -0.602703    -0.155659    0.0257501     0.185229    -0.330264    -0.125048      0.60773    -0.505244    -0.696059     0.953251    -0.172695    0.0554641  -0.00330692     0.375257     0.726984    -0.131273
    0.621948     0.639174    -0.439343     0.144705    -0.821868     0.270819     0.784688   -0.0178436     0.357586    0.0711909     -0.86605    -0.585546    -0.524292      0.43389     -0.73073    -0.435958    -0.341286     0.891425     0.171388     0.653201    -0.638345     0.794719    -0.422037     0.763127    -0.571201     0.825257       0.2222     0.587339    0.0990972    -0.731535     0.487497    -0.605862    -0.221828   -0.0615208    -0.740308    -0.088758    0.0421702    -0.192065     0.676035    -0.708825     0.711308     0.694654    -0.825147     0.803428     -0.46287     -1.14194      0.36451    -0.563869    -0.507232     0.824524     0.358145     0.403941     0.466708    0.0912374    -0.443246     0.967942    -0.937469     0.545693     0.172824   -0.0843768    -0.260881     0.950562    -0.162481    -0.472411    -0.335121    0.0611728    0.0880423     0.324779      0.98402    0.0657753    -0.683198     0.276203    -0.402019    -0.488201    -0.796311      0.61178    -0.856781     0.449091     -0.41876    -0.436032     0.280448    -0.251339    0.0293918    0.0675167     0.707064     -1.06782     0.878818    -0.478287     0.814879     0.537593     0.948227    -0.282131    -0.777769    -0.167252   -0.0984691     0.828591     0.650096     0.588775     0.189525      0.29941     0.138293    -0.855393    -0.839281    -0.526903    -0.447699    0.0550426    -0.660037     0.763494     0.774874     0.630698   -0.0783111    -0.101131      1.00978     0.304518     0.567246    -0.256221    -0.357693     0.374533    0.0362578     0.055991     0.647608   -0.0361337    0.0190644    -0.907825    -0.235464    -0.294755     0.735511      0.65005    -0.571501    -0.829921    -0.603167    -0.652953      1.08509    0.0888526     0.853599     0.302139    -0.524015      -0.4541      0.75119     0.197678    -0.512173      -1.0178     0.974423    -0.683752     0.709455      0.36302  -0.00115125     0.621996     0.492258     0.688628     0.923798     0.722239    -0.778739    -0.431137    -0.510742     0.533762    -0.882948    -0.717972    -0.167488      0.30275    -0.681946   -0.0330783    -0.103343    -0.649923    -0.511185    -0.447364    -0.377499    -0.801629     0.435235    -0.177496    -0.834617     0.434648    -0.379913    -0.442157   0.00858686     -0.71565    -0.363675  -0.00111395      0.89415   -0.0553349     -0.24697    -0.787586     0.323839     0.295296   -0.0683666     0.243797     0.249804     0.505088    -0.123231     0.755858    -0.613245    -0.619622    0.0827428     0.990105   -0.0574941     0.428682     0.764679     0.277031    0.0649465     0.219501   -0.0256077    -0.147848   -0.0420757     0.486802    -0.321167    -0.750255     0.406889     0.463292     0.340365    -0.413758     0.466979    -0.873068    -0.123158     -0.65564     -0.83904      1.11666     0.915418      0.74771    -0.349319     0.378889    -0.674033    -0.763211     0.647035    -0.314971   -0.0403664     -1.02488    -0.511257     0.171567     0.718548     0.794544     0.830938     0.426096     -0.93529    -0.757715    -0.348303     0.863384     -0.66825     0.551629     0.929187     0.053924     -0.68359     0.164505    -0.418608    -0.601898      1.11027    -0.539445     0.249631     0.611175    -0.255734     0.871723     0.852076      0.74251     0.948972    -0.585003     0.687639    -0.453928
   -0.771573    -0.473803    -0.131217     0.711064      0.40319    -0.991674    -0.240837     0.194593   -0.0919939    -0.875589    -0.739079    0.0106467     0.949649     0.628974    -0.740195      0.43941    -0.461748     0.141966     0.567761      0.80815    -0.124033     0.503815    -0.553462     0.779295    -0.544563    -0.421112    -0.640321    -0.481996   -0.0721829      -0.7215    -0.614681    -0.247151    -0.328397    -0.799493     0.126328      0.84276   -0.0884048     0.677864     -0.89996     0.791229    -0.209584    -0.808592     0.927806     0.640066    -0.562685     0.330593    -0.518457     -0.33591     0.471387    -0.407026     0.301371     0.571796     0.111623     0.717497     0.782467     -0.44829    -0.989537    -0.178008     0.648215    -0.313353    -0.740243    -0.231833     0.705913    -0.981815    -0.144141    -0.680797     0.739723    -0.981227     0.116031     0.411086     0.545514     0.290558    -0.635934     0.880151    -0.178619     0.708832    -0.550046     0.806852     0.530545    -0.770986    -0.222138    -0.191638     0.653093    -0.297008    -0.729661     0.692008     0.129864    -0.275395     0.211225     -0.15219    -0.203203    -0.316991    -0.502756    -0.289435    0.0450318     0.298657    0.0797084      0.79899   -0.0442742     0.382275    0.0203801    -0.704803     0.331702      1.00141     0.645378   -0.0914047     0.788942     0.834321     0.789027    -0.641232      0.86832    -0.496247     0.507228    -0.863431     0.641495    -0.753083     0.209683     0.462902      1.05232     0.149282     0.385524    -0.307231     0.341012    -0.792329    -0.293721    -0.996201    -0.463421    -0.975707    -0.420384     0.134617     0.227053     0.699969     0.820114     0.325676     0.523362     0.759644     0.635502     0.531299   -0.0873047    -0.140236     0.829281    -0.727736     0.719996    -0.114337    -0.257129     0.936683    0.0202615     0.457553    -0.134152    -0.288281     0.650743     0.343818     0.232633    0.0974866    -0.464709    -0.520435    0.0499295    -0.352329     0.481239     0.619522    -0.471646    -0.391652     0.611777     0.200769     0.256911    -0.152322    -0.335498      0.96386     0.660697     0.705934   -0.0460703    0.0489552     -0.93531    -0.699529    -0.341823    -0.672573     0.174039    -0.295129   -0.0148559     -0.81681     0.836832    -0.204115    -0.865878     0.651635     -1.07776     0.729468      0.22315    -0.481534    -0.114959     0.275284    -0.196974     0.720591     -0.11966   -0.0819176      1.02983    -0.920685    0.0249461    -0.612256      0.86923   -0.0384288   -0.0152322     0.239032     0.331922     0.934197     0.463437    -0.594833   -0.0529614    0.0869129     0.168295    -0.691309    0.0243158     0.558285     0.528817   -0.0670175     0.822808    -0.650645    -0.476506     0.513184     0.799696     0.859003    -0.285056    -0.542369     0.467842     0.395217     0.567861   -0.0610156    -0.696766     0.357842      0.37222    -0.165938     0.554735    -0.765053      -0.8666   -0.0184142     0.926491      1.09604    -0.241652    -0.275549    -0.852464   -0.0243718      0.65277     0.785692    -0.620938    -0.242878     0.929963    -0.867613    -0.791418    0.0865012     0.182074    -0.953795    -0.998569     0.347721     0.667514    -0.719127     0.742463    -0.821315
   -0.956887    -0.173446  -0.00207215     0.311128     0.996736    -0.469518    -0.594868      1.01713     0.288586    -0.713978     0.739906   0.00187595     0.902389    -0.432505    -0.473043    -0.107172     0.874886    -0.418364    -0.377076     0.716076     0.961141     0.298216     0.619675     0.656493     0.720995     0.024282    -0.572162     0.864828    -0.359331     0.809205    -0.277385    -0.109265     0.763754    -0.039768       0.5358     0.646635     0.249232    0.0798029   0.00103481     0.274535     0.333232    -0.897019   -0.0510137      0.20349    -0.510435     0.477753    -0.864676     -0.20187     0.433685     0.118056    -0.786708     0.363107     0.157585      0.26912   -0.0950464     0.250349     0.277724    -0.345667      0.94078   -0.0642411     0.286446       0.5731    -0.494726     0.853554     0.965988    -0.913697    -0.564489    -0.753139    -0.603188     0.597423     0.304475   -0.0826783    -0.576824    -0.350597     0.714566     0.293356      0.76522     0.430815    -0.119421     0.191281    -0.178758     0.563168     0.184111    -0.489364     0.949354     0.449978    -0.802361     0.877237     0.551144     0.204124    -0.731845    -0.316678     0.399027     0.647901     0.551784     0.501727     0.309484    -0.210391     0.498875     0.494888     0.233496     0.344435     0.429828     0.696182     -0.90888    -0.886106    -0.577679     0.768013    0.0028888   -0.0636397      0.69337    -0.551034   -0.0872526     0.935818     0.438018   -0.0582698    -0.630765     0.235317     0.113501       0.6861    -0.252863     0.304089     -0.59652     0.181895    -0.350175    -0.194391     0.127988    -0.752706    -0.869545     0.930391     0.459805    -0.246972    -0.248291     0.952787    -0.492813     0.254795     0.511188    -0.238998    -0.349601    -0.468684    -0.630218     -0.33586     0.168845   -0.0681014    -0.466098     0.547517     0.902731    -0.439959    -0.303894     0.122308     0.820334     0.376062     0.263293      1.00449     -0.95974     0.859031    -0.391933    -0.564612    -0.900712    -0.955177      0.66082    -0.292126    -0.182075    -0.510541    -0.204366     0.824181     0.228786    0.0619123    -0.630368    -0.452504    -0.333847     0.714813     -0.87553    -0.322879    -0.601038    -0.374764    -0.163159    -0.788265     0.637329     0.728235     0.947179    0.0351572     0.858061     0.904422     0.215775    -0.700082   -0.0526784     0.459706     0.212758     0.631993    -0.879306    -0.552973     0.295838    -0.651343     -0.69615     0.404406     0.332631   -0.0918227    -0.640689    0.0435382     0.737266    -0.760785     0.369955    -0.570783   -0.0850344    -0.623136     0.545226     0.455428    -0.235055     0.242976     0.229449    -0.820532     0.500214     0.651202     0.777442    -0.503445     0.862351    -0.621125     0.161777     0.460766     0.332814    -0.633605     0.580378   -0.0772168     0.896287    -0.025256   -0.0157629     0.951358     0.424815    0.0577018     0.161433     0.434449     0.187261    -0.624481    -0.661233     0.659885     0.620312     0.518372     -0.27221    -0.279626     0.602151     0.485695     0.413246     0.290682     0.523943    -0.662994     0.429833    -0.549985    0.0403226    -0.284952    -0.784458     0.448912     0.657025   -0.0620862     0.433148    -0.317873
    0.910397    -0.193259     -1.00383     0.714063    -0.604824     0.887728    -0.745447    -0.145088     -0.74829     0.399491     0.367622     -1.00382    0.0783301     0.560247     0.454143    -0.102975    -0.284908    0.0310112      -0.4023    -0.870936     0.810515    -0.439925     0.864198     0.388888    -0.668594    0.0459346    -0.927603    -0.291381    -0.276671     0.623419     0.598691    -0.608041    -0.703143     0.192422     0.831537     0.396413     0.751639    -0.152704   -0.0365133    0.0769956    -0.872155    -0.639422     0.103005     0.509313     0.633271     0.688215           -1    -0.884584    -0.756486    -0.726725     0.919523    -0.674777    -0.748636    -0.805974     0.272012     0.790535    -0.160977   -0.0565843     0.318632    -0.032445    -0.205824    0.0838783      0.36319    -0.462961    -0.244498   0.00216967    -0.733458    -0.455495    -0.928721     0.206831    -0.409088    -0.342198    -0.279399   -0.0609549     0.736611    -0.796605    -0.902746     0.412848     0.472745   0.00570592     0.241808      0.80708     -0.84777    -0.717264    -0.622828     0.883599     0.877391    -0.320776    -0.757258    -0.772579     0.419073    -0.794836    0.0799526    -0.425827     0.925816    -0.253344    -0.348365    -0.857645     0.885547    -0.895961     0.197403    -0.809581    -0.464358    -0.490691    -0.229852    0.0422051     0.606436     0.591599    -0.639537     0.430687    -0.685632    0.0696094     0.619377    -0.116081     0.201876    -0.136083     0.943661    -0.399822    -0.450391    -0.400867    -0.637454     0.821955    -0.337574     -1.05697     -0.26968    0.0520632    -0.969912     0.499912    -0.808433    -0.922025     0.217607    -0.961623     -0.40509     0.395184   -0.0592295     0.224724     0.201154    -0.868994    -0.399255     0.765442     -0.67424    -0.423611    -0.842172     0.337464   -0.0274876     0.636467    -0.279732    -0.856548    -0.962685    -0.114931     0.486366     0.698861     0.743959    -0.528401    -0.793379      -1.0028    -0.635616     0.655926     0.323315     -0.32235     0.883998     0.320086      -1.0174     0.187494     0.464309     -0.63239     0.864359     0.363846     0.517873     -1.05938    0.0783485    -0.753555      0.68672    0.0448281     0.746009     0.118356    -0.832846    -0.596698     0.822855    -0.372659    -0.209008    -0.873539     0.027146    -0.158809    -0.696871     0.599504     0.212572    -0.339316     0.432905    -0.190294     0.615927     0.495077    -0.808608  -0.00861311      0.59906    -0.724061     0.836383    -0.797879     0.459835     0.770286     0.255741    -0.918949     0.405381    -0.280893     0.593228    -0.314486   -0.0486332     0.530669     0.750695    -0.950399    -0.291264     0.672185     0.439909     0.535913    -0.956273     0.638162     0.576401    -0.818149    -0.118927     0.131027    -0.190993   0.00779493      -0.9374     0.694241     -1.01027     0.785879      0.75851     0.364974     -1.01557    -0.577539     0.353042    0.0559825    -0.435035    -0.620033    -0.823983     0.416897     0.411114    -0.219702     0.528065     0.864904    -0.903324    -0.112426     0.519418    -0.842178     0.212948     -0.39988     0.355336      0.35516    -0.608269     0.437384    -0.808544    -0.152093     0.847208   0.00319506     -0.14239    -0.322737
    0.609635      -0.2228 -0.000577947     0.821416   -0.0896781     0.601893      0.77691     0.525102    -0.586946    -0.423751     0.711427    -0.265747     0.681607    -0.179664   -0.0168014     0.210813    -0.716177    -0.578421    -0.309213    -0.331405    -0.924965     0.722974     0.829414    0.0245242     0.648091     0.906442     0.889327    -0.612945    -0.789018    -0.879957    -0.543446    0.0650868     0.121283    -0.667931    0.0611372     -0.50114    -0.629132    -0.884489    -0.186724    -0.117017    -0.167313    -0.189177   0.00711358    -0.125865     0.232283     -0.68805   -0.0755533     -0.68378     0.568178    -0.415565    -0.958266     0.979255     0.117804    -0.204621     -0.57455     0.835183   -0.0377687    -0.436575     0.886503     0.819654     -0.27192     0.374157    0.0695781     0.117675      0.68616    -0.485074     0.962578    -0.534799     0.407948      0.66618   -0.0145383    -0.800496     0.756914    -0.557552  -0.00777689      0.22271     0.330363     0.890911     0.848314     0.590485     0.412241    -0.540691     0.994676    -0.109612    -0.350367    -0.846418    -0.922786    -0.546597    -0.667656    -0.529605     0.352039    -0.354548     0.337691  -0.00579713    -0.405126    -0.680782     0.154694     0.502593     0.667511     0.844138    -0.415701     0.936709     -0.62654    -0.286696   -0.0738403     0.432227    -0.723882     0.356624    -0.417401    0.0244744     0.857089     0.252228     -0.82145     0.423452     0.518599    -0.901353    -0.711586     0.570673     0.477133     0.406335    -0.474686    -0.986864    0.0548755    -0.994087    -0.353553     0.518918    -0.691312    -0.336844   -0.0796061    -0.839405    -0.905124     0.264002   -0.0155201     0.319261    -0.740123    -0.798135     0.370321     0.749884     0.494466    -0.411367     0.526638     0.404227    -0.924373     0.673076    0.0443911    -0.387228    -0.971588     0.164787     0.255675     0.684009    -0.108129   -0.0238645    -0.788435       0.9457    -0.855117    -0.743272    -0.950727    -0.312489    -0.943856     0.355589    -0.633443     0.948763    -0.891885    -0.116541     -0.86956     0.207112     0.432029     0.541363    -0.729594    -0.722034     0.533346     0.203331     0.649839    0.0617588     -0.32166    -0.653542    -0.311515   -0.0432258    -0.141112     0.870584      0.51111    -0.735345     0.403975     0.498034    -0.812775    0.0684619    -0.462184     0.592496     0.305545    -0.422762    -0.519042    -0.141629    -0.605255     0.553309    -0.175273    -0.304128    -0.461139    -0.490284     0.458132    -0.615505     0.819892    -0.751471     -0.49008     -0.27862    -0.473738    0.0539723      -0.7852     0.329177    -0.227553     0.165243    -0.944089    -0.719123     -0.31986     0.705636    -0.347113     0.376828    -0.326204    -0.423253     0.115515     0.350419    -0.671266    -0.679064     0.518927    -0.199468    -0.972967     0.744728      0.26711    -0.524595    -0.793264    0.0673307     0.503625      0.81165    -0.994238     0.625385   -0.0906834    -0.639176     0.932273     0.487561    -0.488369     0.857695     0.521715     0.726457    -0.335598    -0.973377    -0.713193    -0.781139    -0.785312    -0.515333      0.93767     0.265772     -0.30678     0.400549    -0.409282     0.936544     0.487837    -0.191403
   -0.878687    -0.261875      1.07884    -0.196253     -0.59569    -0.593628     0.569773    -0.412354     0.732757    -0.861397     0.289023     0.788303    -0.847676     -1.04189    -0.261975     0.591287     0.290333      1.01572    -0.101997    -0.507671     0.655918      -0.5278     -0.67533     0.652108    -0.544685     0.936735    -0.315029     0.834428    -0.648809     0.953687     0.106282  -0.00606101    0.0737811     0.202578     0.118182    -0.558576     0.476149     0.459376   -0.0569796     0.588257    -0.621905    -0.649979      0.48829    -0.624787     0.647422     0.841524    -0.410992    -0.610351      -0.7508     0.178235     0.180136     0.913621     0.577584   -0.0907099    -0.156539     -0.54215    -0.822007     0.672274    -0.915616      0.29893    -0.535806    -0.213057    -0.789747    -0.700941     0.749398     -0.54391    -0.711989     0.795891    -0.878408    0.0612841    -0.788532    0.0772557    -0.387554     -0.86606    -0.643614    -0.956932     0.126589     0.984738    -0.216437   -0.0252116     0.652091      0.89492     0.745414     0.429737     -0.64082     0.560884    -0.461616    -0.337212    -0.894742     -0.65998    -0.113754     0.754403      0.79892     0.610975     0.670019     0.426768    -0.649812    0.0440906     0.215688    -0.708706     0.345971     -0.16894     0.371106     0.236814    -0.581108     0.174868    -0.205866     0.348393   -0.0150295    -0.747577    -0.493474    -0.334241    -0.392853     0.392822      -0.3456    -0.343862     0.289159    -0.853141     0.564745     -0.70891   -0.0349693    0.0356069    -0.154322     -1.01437     0.480113     0.768613     0.675388    -0.775131    -0.585054    -0.698938      0.43583     0.579161     0.693459    -0.109175     0.418194     0.583419    -0.196538    -0.710944    -0.892303     0.189147     0.775488    -0.970607     0.986859     0.553867    -0.829872     -0.33326    0.0398094    -0.614399    -0.447904     0.869816    -0.214879     0.286697     0.954268     0.836335    -0.569779     0.776761     0.733978      0.38529    -0.572489    -0.167313     0.500581     0.137101    -0.395375     0.366576    -0.579012     0.531554     0.689268     0.290175     0.339624     0.193155    -0.385638    -0.840628     0.468331    -0.532672    -0.144316     0.262907    -0.517658     0.433489     0.908247      0.15719      0.25341    -0.931061     0.284169     0.485039    -0.943885   -0.0257292     0.306914     0.424372     0.749913      0.25865      0.13754     0.212498       0.5584    -0.253602      0.32752  -0.00709298     0.719358    -0.464695      -0.1757    -0.438548      0.71815    -0.391949     0.755634     0.257853     0.365561     0.378209    -0.553972     0.291214     0.383711    -0.902212    -0.281804    -0.455322    -0.737808   -0.0269681      1.01621     0.797583     0.798097     0.648054    -0.805642    -0.915162      1.10721     0.332392    -0.839662     0.656573     0.416786    -0.954092    -0.813712    -0.547839    -0.171078     0.578166     0.663796     0.862046    -0.356474    0.0399997    -0.437838     0.791219     0.453459     0.726545    -0.713129    -0.407637   -0.0838291    -0.820194      0.57724     0.373058      0.84871     0.475255    -0.496646    -0.885181   -0.0949167     0.256019     0.332051   -0.0793013     0.269946    -0.684402     0.948466    -0.464912
    0.887325    0.0892175    -0.997391    -0.660416   -0.0550614     0.559168     0.234627     -0.56472    -0.485334    -0.415227      1.04135     0.325068     0.118995    0.0888612    -0.829399    -0.186112    -0.679951    0.0528102    -0.359568    -0.825818     0.111208     -0.98178    -0.689192     0.722705    -0.702101     0.738171    0.0379164    -0.739411     0.554974     0.291506  -0.00917362     0.508949    -0.406327     0.933869    -0.909167     0.992306    -0.359324    -0.599059    -0.274947     0.556656    -0.169055    -0.910983     -0.32698    0.0350706     -0.17787     0.504453      0.21356     0.327169    -0.818489     0.313624     0.448287    -0.341888    -0.533163    -0.482579     0.547994     0.671358     0.863181    0.0502281    -0.715652    -0.792125     0.514263    0.0880229     -0.24631    -0.267485    0.0502032     -0.51024    -0.433858     0.551368    -0.667078    -0.471914     -0.17413     0.259531      0.43799     0.874709      -0.3156    -0.439476     0.223589     0.565242    -0.597175      0.23518     -0.77134     0.130424    -0.115365     0.230678    -0.484951    -0.225932    -0.779003   -0.0362216      1.03283    -0.184641    -0.676486    -0.399911    -0.761232      0.65595    -0.324453     0.176201    -0.254718     0.834337     0.851049    -0.749862     0.887507     -0.95349    -0.895081   -0.0774316    -0.880666   0.00396946    -0.265813     0.969925     0.425974    -0.152958       1.0266     0.439641      0.48076     0.192959     0.464328    -0.533852     0.437082    -0.468396     0.566408     0.302459    -0.695145    -0.044693    -0.261402      0.92296     0.772819    -0.491883    -0.712971    0.0148727     0.852125    -0.445791     -0.84859     0.130763     0.520834    -0.902019    -0.889556    -0.225675     -0.28532     0.564433    0.0961327     0.658011     0.249251     0.628849    -0.240678     0.586721     0.326517    -0.144264    0.0585799     0.481987     0.743535     0.925572     0.473573     0.905764     0.302939     -0.40354    -0.380891     0.219995    -0.599577    -0.318955    -0.284338     0.755822     0.147261      0.18222    -0.325728    -0.875378    0.0877247      0.92638     0.791009     0.800023   -0.0244801    -0.795515     0.871447     0.997365    -0.750455    -0.356133     0.915813     -0.17263     0.979174     0.124531    -0.593313      0.76608    -0.536886     0.404415     0.854466     0.512768    -0.775401    -0.559905    -0.642086    0.0378338     0.365417      0.83908     0.503704   -0.0313181     0.627573     -0.67419    -0.151921   -0.0961877     0.458036     0.493983    -0.341443      0.62327    -0.750369     0.109727     0.850936      0.12391     0.682853    -0.428032    -0.801819    -0.060631      0.42657    -0.118604     0.754445    -0.135971    -0.159539    -0.394043    -0.302527    -0.386495    0.0058645     0.388845     0.727888     0.974444     0.153091    -0.271765    -0.288923      0.14224     0.466902    -0.478957     0.309518    -0.655819    -0.619967     -0.88939    -0.394588     0.685411   -0.0160873    -0.743047     -1.00597     0.755209     -0.33731    -0.216614    -0.792695    0.0105594     0.379124     0.745752     0.306735     0.930769    -0.670267    -0.607125    -0.919775     0.651105    -0.868349     0.576834    -0.793415     -1.00672      1.02916    -0.849661    -0.752463     0.220117
    0.703698    -0.619858    -0.376774    -0.115077     0.802984  -0.00652073     0.981082    -0.783852       -0.889    -0.211979     0.634159    -0.440194    -0.567438    -0.855437     0.721383    -0.832426     0.943629     0.101359      0.92169    -0.382946      0.57087    0.0856203    -0.546288     0.553064     0.386279     0.890437   -0.0117035    -0.561102    -0.997804     0.961783    -0.777065    -0.272699     0.603567      0.30129    -0.973069    -0.382888     0.407322     0.804043     0.115479     0.438554    -0.977763    -0.125551     0.216091     0.879536     0.307772     0.103108      0.01194      0.71597    -0.945901     0.504399    -0.188578     0.781165    -0.275203     0.761462     0.839855    -0.303554    -0.560495     0.966664    -0.302135     0.820956    -0.986302     0.951502   0.00433438     -0.64614     -0.67873   0.00883992    -0.651851     0.703992    -0.134983     0.909437    -0.138787     0.603976    -0.136906     -0.11051    -0.700846     0.581417    -0.482526     0.724224    -0.851528    -0.885305     0.937721     0.514992    -0.959253     -0.15186   -0.0297399     0.202257     0.518005    -0.265779    0.0989773    -0.187831     0.977424     0.223444    -0.150067    -0.810124     0.837628     0.736023     0.376516     0.205791     0.646022   0.00595187     0.486327     0.164494     0.710604     0.510962    -0.970397     0.371569     0.807946     0.255682     0.185957    -0.126805    -0.786455      0.94567     0.367007    -0.115488      0.66167     0.943109    -0.858293    -0.685179    -0.677064    -0.679066    -0.781551    -0.772154     0.857722     0.620893     0.207587      0.62788     0.104024    -0.853725    -0.200278    -0.337712    -0.124026     0.249819    0.0514354     0.448647    -0.149128     0.696535     0.780979    0.0965311     0.910749    -0.178162    -0.647626     0.175537      0.48769     0.465088     0.746074    -0.718681    -0.189323    -0.935292     0.733313    -0.818983     0.730046     0.494802    -0.769842    -0.125054   -0.0290867    -0.752922    0.0442747    -0.242199    -0.361097     0.633347     0.496592    -0.256929     0.218997     0.265925     0.920951     0.903883    -0.745657     0.307144    -0.800551     0.190753   0.00465022    -0.874217     0.704935      0.25955     0.672407      0.30533     0.221746     0.844938     0.743349    -0.997096    -0.602885   -0.0704616     0.944398   -0.0774476    0.0682695      0.52278    -0.158925     0.530213     0.285337     0.183773     0.433766    -0.400862    -0.389338     0.688353    -0.244566     -0.91706    -0.990768     0.717882    -0.698516    -0.225198     0.145656    -0.375574     0.487804     0.860908   -0.0162149     0.471806      0.14083    -0.924526    -0.492487     0.818208     0.502938     0.392122    -0.757147    -0.765003    -0.126486     0.396451    -0.765428     0.189328    -0.977081     0.585768      0.59663     0.704325      0.53556     0.719458    -0.736984    -0.719016    -0.551516     0.691811     -0.44843   -0.0598367       0.6272    -0.967378    -0.288284    -0.992735     0.346031   -0.0374084    -0.747629    -0.677768     0.903426   -0.0418036      0.84281    -0.939385     0.983388     0.155459   -0.0586362     0.469408    0.0462641     0.576998     0.897339     0.303861     0.127794     0.990681    -0.173306     0.693532      0.70403    -0.683101
   -0.432122    -0.868443    -0.995405    -0.167876     0.553096    -0.476557    0.0381099     0.513495    -0.428463     0.913904     0.121003      0.81048    -0.132901     0.474659    -0.425397     0.420601    -0.258369     0.282994     0.137445    -0.535481     0.810857     0.901596    -0.478545     0.116506     0.338773     0.757577     0.559322     0.137449    -0.854224   -0.0366453    -0.227321    -0.981479    -0.656297     -0.78587    -0.106211     0.172306     0.169451    -0.518449    -0.792495     0.885015     0.373807     0.921676     0.107488    0.0285225    0.0838228    -0.325749     0.680685    -0.862679    -0.588569    -0.964098     0.492415     -0.82488    -0.227387     0.812145      0.63446     0.836354     0.116101     0.435558     0.484491     0.307613    -0.162016     0.315997    -0.070183   -0.0719322    0.0320293      0.35553     0.517424    0.0318767    -0.415071    0.0570178    0.0138373     0.103739     0.294213    -0.972751    -0.591187    -0.012166    -0.724909      0.16361    -0.749229     0.238624     0.567635     0.297163    -0.438429    -0.445531    -0.693723     0.760748    -0.334849     0.289616    -0.324579     0.864973    -0.823494    -0.624217     0.585213     0.728066     -0.37935    -0.302216    -0.266987     0.516623     0.139746    -0.792682    -0.676658     0.214146     0.120216    -0.650429     0.222222    0.0773877     0.483432    -0.856247     0.829399     0.617416     0.545715     0.766958    -0.487177      0.34408     -0.15235     0.449412    -0.361146    -0.915441     0.195727     0.317041     0.519483    -0.276582    -0.781355     0.941323     0.825557    0.0756684    -0.960101     0.748005    -0.888444    -0.297884    -0.786141     0.367947     -0.10692     0.919161    -0.818341    -0.908054    -0.609682     0.896234     0.876149     0.043398      0.45764    -0.476479   -0.0543707     0.246774    -0.850053     0.243087     0.659377     0.629787    -0.281354      1.04297     0.123826     -1.01127  -0.00839863     0.100331     0.298938    -0.885734     0.944493    -0.279827    -0.868875    -0.607226    -0.170222     0.405726     0.110113    -0.919994    -0.969931     0.290251    -0.196104     0.477425    -0.429655    -0.510346     0.172499     0.221727     0.339521     0.662595    -0.784884     0.033392   -0.0196903     0.734455    -0.500486   -0.0822843    -0.612686     0.197236    -0.568439    -0.721209    -0.375047     0.310859      1.01884     0.963778    -0.578893    -0.204822    -0.516121     0.601759     0.350523     0.534436    -0.737525    -0.818412    0.0349406     0.290233     0.190183    -0.808555    -0.265103     0.371001     0.074809    -0.912382      0.65838     0.465054     -0.88883     0.826725    -0.519701    -0.244066     0.402174      0.14041     0.959082   -0.0141803     0.676406    -0.445282     0.950454    -0.823883    -0.739657    -0.176131    -0.724599     0.980084     0.885607     0.613604    -0.621729     0.191513    -0.611806    -0.103396     0.790253     -0.89824    -0.339015    -0.469535    -0.608681    -0.667178     0.521823  -0.00585097     0.149516    -0.907102      0.37375     0.603365    0.0969361     -0.40367     0.298361     0.627121    -0.648757    -0.323411     0.377844     -0.86492    -0.501339     0.215469     0.331036      0.66662     0.998808    -0.759187     0.746135    -0.438859
   0.0679244   -0.0515871    -0.878519    -0.476351     -1.00721     0.212598    -0.585576     0.376595     0.955376    -0.795805    -0.951683     -0.36613     0.604282     0.598532    -0.749547   -0.0382174    -0.669464     -0.29679     0.291764    -0.581088    -0.622487    -0.672097    -0.621586     0.567685     0.828348     0.298395    -0.480691    -0.809736     0.653374      0.37491    -0.684355     0.758638     0.271977    -0.262684     0.797514     0.293728    -0.485294     0.929025    -0.251153    -0.459948     0.395359    -0.332758     0.391407    -0.237563      -0.4136    -0.700295      0.43179    -0.648998     0.609549     0.094965     0.767024   0.00796733    -0.252669     0.450745    -0.611259     0.382232     0.916442     0.201257   0.00981871    -0.756916    -0.107397     0.669976    -0.937963     0.338584     0.600707     0.552746   -0.0224424    -0.284919    -0.969974   -0.0593047     0.333233    -0.431312    -0.592579    -0.616147    -0.225595    -0.142156     0.548344     0.756441     0.555098    -0.310376     0.904881    -0.592344    -0.974173    -0.821857    0.0235471    -0.543676     0.446737      0.22602     0.089239     0.489224     0.166961     0.379701    -0.669601    -0.193544     0.304649     0.312586    -0.769482    -0.633829    -0.419507     0.881965      0.76632    -0.834639    -0.666681      1.01426   -0.0294497     -0.90179   -0.0976972      0.57464    -0.229849    -0.536824     0.578692    -0.122723     0.214463     0.174071     0.892216   -0.0941513    -0.546445    -0.713655    -0.758801     0.900782    -0.459434    -0.114027    -0.075409    -0.879057     0.619604    -0.924277    -0.372742    -0.138332     0.441334    -0.805652    -0.506106     0.206081     0.956858     0.463955     0.837702     0.333002    -0.946206    -0.451152    -0.688493     0.168115     -0.36814    -0.836696    -0.149622    -0.424007     0.736152    0.0506868     0.181352     0.109132     0.100696     0.892983     0.928987     -0.22971    -0.474109    -0.603507   -0.0825969    -0.520973    -0.722471    -0.239461    -0.366747     0.805185    -0.631237     0.707453    -0.848451      0.37375    0.0545963    -0.654531   -0.0462354     0.410604     0.457933     0.412866    -0.524342     0.265239    -0.728996    -0.653298    -0.537289     0.724372     0.968881    -0.109606     -1.00261     0.444156    -0.580346     -0.77159    -0.296178     0.717335     0.698675    -0.379222    -0.284678    -0.959897    0.0538714       0.7794     0.125844    -0.630189     0.886231     -0.70768     0.925671     0.167273    -0.780615    -0.280545    -0.609399     0.017208    -0.528893     0.555391    -0.863902    -0.972635     0.653559     0.981942     0.829467     -1.12337   -0.0251898     0.980951   -0.0956587    -0.950237       0.9116    0.0558625     0.069688    -0.392863     -0.40859      0.32929       0.3856     0.326293    -0.444318    -0.821139    -0.916094     0.916283     0.675019     0.453534    0.0926748     0.646172    -0.531666     0.672579     0.796011    -0.402501     0.987881    0.0646284      0.90664    -0.761278      0.46176     0.153504     0.779996     0.223527     0.578256   -0.0195609    -0.117123     0.344679    -0.943543     0.108597    -0.187092     0.918326     0.526472    -0.825097    -0.524932    -0.196224     0.783071    -0.881696     0.266269     -0.81458
    0.789828     0.652055     0.735431    -0.691016    0.0134987    -0.606993     0.506191     0.561429     -0.51875     0.368297    -0.897294      1.02376     0.604577     0.192912    -0.758555    -0.186607    -0.924843       0.8402     0.538591    0.0477854    0.0683657     0.372956    -0.801134    0.0137245    -0.693728     0.557882     0.940705    -0.283778    -0.730808     0.183389     0.206215     0.194914   -0.0860012    -0.260555    -0.233286     0.399977     -0.84451    -0.210521    -0.509113     0.989994     0.948713     0.314614     0.152776     0.336049    0.0555833    -0.584895   -0.0971112     0.143618    -0.264389     0.634075    0.0712523    -0.482663     0.666972    -0.380761     0.604324     -0.27046     0.472291     0.130566    -0.206435    -0.429732     0.897264    -0.017878    0.0817429    -0.804355     0.400318     -0.50171     0.375671     0.837849    -0.771128     0.720376    -0.402094    -0.023944     0.807956      0.59289     0.655467    -0.184064      1.00999     0.807258    -0.954597   -0.0351879    0.0406027    -0.465872    -0.149924    -0.846027    -0.658389    -0.104937     0.427894     0.511218    -0.592489     0.885986    -0.472199    -0.518648     0.682802    -0.878323     0.655923     -0.30982   -0.0252539    -0.503765    0.0228911    -0.174933     0.142874      0.83888    -0.382865    -0.445634    -0.746395     0.680569     0.579225     0.492985   -0.0196351    -0.452047     0.623212    -0.300087    -0.657574     0.726617     -1.06012      1.06609     0.491536     0.274914    -0.290323     -1.06469    0.0896462     0.466433    -0.544344    -0.513163     0.577762   -0.0811933   -0.0838636    -0.132476     0.415665    -0.187905    -0.765073    -0.760832     0.914001   0.00159783    -0.190709     0.176074     0.238042    0.0906159     0.525168     0.887633     0.811773    -0.679374    -0.774882    -0.677675    -0.528371     0.794057     -0.69304     0.468652     0.958536    -0.696293     0.354011      0.30919     0.662618    -0.384383     0.543454     0.206363    0.0143867     0.490345     0.446838    -0.184062     -0.70753    -0.734413  -0.00628382     -0.72287     0.847065     0.240071     0.115446     0.582941    -0.117547      0.36745    -0.120657    -0.695349     0.352247    -0.837349    -0.230392     0.224208     0.571725    -0.535024     0.717735     0.803007     -0.28978    -0.734215     0.267494    -0.472123      0.30322     0.758233     -0.73861    -0.664441    -0.844311     0.189902    -0.601791     0.226811    -0.503829     0.631735    0.0899312     0.215959     0.759861     0.321565    -0.973122     0.918418     0.709253    -0.465961     -0.25017     0.943834     0.584998   -0.0757528    -0.231364    -0.126655    -0.634767    -0.885015     0.526681     0.170096    -0.302141    -0.191381       -1.037    -0.407454    -0.460694     0.876042     0.251032    -0.931068     0.107633    -0.842337    -0.477253     0.107685    0.0418864    -0.348434    -0.492222    -0.205171     0.300097     -1.01923    -0.625449    -0.096608     0.493834     0.798694     0.360576     0.663666     0.567399     0.501442     0.795123    -0.405247    -0.789702     0.759827    0.0671808     0.851116     0.613829    -0.824263     0.183331     0.951887    -0.392119    -0.862203     0.918692     0.857272     0.422302    -0.120512      0.59215     0.800096
     0.41723      0.43197     -0.66752    -0.429914     0.582443     0.440774     0.563798    -0.838835    -0.583091    -0.605862    -0.442955    -0.786825    -0.297916     -0.47178    -0.329128    -0.249926    -0.410031     0.283544      0.82886     0.572013     0.448774    -0.216644     0.577687    -0.759727     0.788842       0.3361     0.486825    -0.993554    -0.855833    -0.778168    -0.706109     0.231228     0.931478    -0.920151     0.647377     0.963697    0.0496281     0.995267     0.294127    0.0307019    -0.238957    0.0119962      1.10643    -0.620299   -0.0218132    -0.091743     0.128377     0.597792     0.243216     0.923215     0.918907    -0.706475     0.764114    -0.529662     0.333588    -0.256645    -0.453738   -0.0809455     0.776569     -0.75763    -0.584321    -0.112261    -0.914751    -0.757304    -0.577884    -0.563593   -0.0217435     0.519919    0.0182293      1.02253    -0.805378    -0.561281     0.985578     -1.02774     0.484013    0.0437619     0.416911    0.0700625     -1.15145     0.604226     0.225228     0.427922    -0.877637    -0.757555    -0.541975     0.515414    -0.495717    -0.724007    -0.415124      0.07602    -0.828733     0.683674    0.0786433    -0.467882     0.720351     0.599956    -0.473603     0.173057    -0.555071     0.783188     -0.72423    -0.487762    -0.230545    -0.688624     0.401964     0.539224    -0.155339     0.376412     0.213154     0.695577        0.157     0.071776    -0.655635    -0.820572      1.01016    -0.331278     0.416461     0.653786     0.283332    -0.702013      0.55379    -0.446938     0.654223     0.589615    -0.407773    -0.220575     0.545244     0.588223    -0.805888     -0.64159     0.295655     0.718839    -0.396501    -0.498039    -0.885976    -0.691575     0.480712    -0.303839    -0.335408     0.853659     0.345889    -0.124309   -0.0492625      0.07752    -0.162844   -0.0170711     0.761998      1.11565     0.355592    -0.417028    -0.609585    -0.386436    -0.154393    -0.801574    -0.605748     0.824505     0.657009     0.354389      1.16714    -0.770769    -0.810741     0.296705    0.0349104     0.640417    -0.158996     0.922829     0.525934    -0.734562    -0.028743   -0.0463653    -0.085189     0.489026    -0.675479     0.587247     0.703928     -0.84392    0.0556024     0.913572     0.910331    -0.853785    -0.442106     0.983484     0.231699    -0.619012    -0.132029     0.859534    -0.617255    0.0821268     0.466058     0.463144    -0.297237    -0.796518   -0.0782516    -0.774789  -0.00607673    -0.302338    -0.615299    -0.897004    -0.490537     0.561282    -0.360392    -0.270076    -0.314427    -0.754606   -0.0988286    -0.476027     0.829372     0.627539     0.644088     0.921505    -0.180648    -0.810065     0.279773     0.437143     0.486513    -0.515794     0.379175     0.861214    -0.788089    -0.234528    -0.169494    -0.874499      -0.3747    -0.128635     0.527903    -0.682042     0.279891    -0.495848    -0.913272    -0.298967    -0.188054     0.261593      1.02489    -0.679215    -0.164754     0.790971     0.770623    -0.213077    -0.702596     0.740235     -0.77379     0.658446     -0.54159      0.61551     0.919572    -0.543847     0.610727     0.307402    -0.683255     0.369506     0.947334    -0.557377    -0.299825     0.200447     0.217711     0.632131
    0.881323     0.771615     0.520233    -0.677141    -0.783374      0.13083    -0.198552     0.270325    -0.281518    -0.446587     0.330184    -0.605935    -0.609446    -0.458333      0.46479      0.02275    -0.955497    0.0250775     0.835622     0.597152    -0.055809    -0.159286    -0.471713    -0.845935    -0.319936    -0.460257    0.0200297     0.363931     0.191673    -0.635446     -0.97519    0.0711333    -0.769732     0.411629    -0.760949     0.782134    -0.868736    -0.439134    0.0407403    -0.494677     0.543798   -0.0548287   -0.0248215   0.00428806   -0.0692432    -0.530785    -0.302602     -0.73715     -0.62359    -0.759437     0.887603    -0.178507     0.436027    -0.594161     0.443442     0.704436    -0.865829    -0.947756     0.874871    -0.798979     -0.52712     -0.68123    -0.119365     0.537639     0.521261    -0.580575    -0.371755      0.38657    -0.135127    -0.152834     0.889285     0.452792    -0.771789     0.826583     0.575791    -0.663047     -1.00227      0.40423    -0.531939     -0.98558    -0.865779    -0.616011    -0.856265    -0.606514     0.508015     0.674956       0.5751     0.377123      0.78993    -0.496835     0.248634    -0.539223    -0.422262    -0.540813    -0.509716     0.521782    -0.797122     0.589131     0.661277    -0.440462     0.451779    0.0748026    -0.911218    -0.509558    -0.224891    -0.545731    -0.471377      0.18744   -0.0743272    -0.833317     0.274718     0.289703    -0.879757    -0.481816    -0.339132     0.400417   -0.0502976     0.154878     0.863429    -0.375448     0.282292  -0.00503238    -0.970418     0.508939    -0.979352    -0.518807     0.309477    -0.929448    -0.364399     -0.50138    -0.356526     0.735969    -0.893507   -0.0219393    -0.287202     0.165212    0.0329522    -0.607072   -0.0713696    -0.706546   -0.0880037    -0.378966  -0.00379457     0.202372    -0.338097    -0.719871     0.435727     0.449729     0.206617    -0.302359     0.373784      0.35557    -0.895789    -0.257985    -0.146351    -0.513789     0.144813    0.0223113    -0.456243     0.937271    -0.358401     -0.93705    -0.939683    -0.714801    -0.516582     0.276945    0.0142426     0.905458    -0.740104    -0.663876    -0.562198     0.393375     0.839585     0.898452       -0.565     0.633762    -0.593302     0.452292     0.710046     0.166848     0.652247    -0.996622     0.495238   -0.0391083     0.958879    -0.194797    -0.114043    -0.164538    -0.943316     0.288056    -0.851772     0.868369     0.388365     0.503704     0.930801   -0.0530702     0.023764     0.895063     -1.00112    -0.504819    -0.375449    -0.734105     0.883118     0.823256     0.146773     0.327641   -0.0527529     0.183841   -0.0381508     0.474566    -0.781973    -0.141407     0.930127     0.416454     0.707445    -0.993247    -0.688634    -0.307942    -0.146912     0.554134    -0.875147     0.813078      0.11897    -0.594157     0.409185    -0.840238     -0.30633    -0.900641   -0.0701765     0.639121     0.344928    -0.609366     0.616472    -0.037216      0.87188     0.256203      0.92976    -0.662267     0.825079     0.566532    -0.679541     0.608633      0.93398    -0.704615     0.557702     0.251908     0.135393    -0.435101     0.284091     0.400308   -0.0828079     0.722655     0.443737    0.0992927    -0.872542    -0.533107
    0.262594    -0.668982    -0.651275    0.0932169     0.718446     0.712817    -0.239948     0.530586     0.502361     0.705353    -0.162218    -0.315796   -0.0458782     0.730295     0.705512    -0.384559     0.632412    -0.350298    -0.502645     0.470531     0.261855     0.941553     0.850458    -0.696671     0.379961     -0.40534    -0.398865       0.0229    0.0217415    -0.114152    -0.696178    -0.365258     0.213717    0.0465233     0.731797     0.405894    -0.436049     0.752106     0.308572     0.197299     0.504894       0.8278    -0.479661     0.352781     0.653434   -0.0301001     0.144497     0.117625     0.547548     0.928336      0.45303    -0.943399    -0.419741    -0.195601    -0.154408    -0.906641     0.224483     0.264784     0.647895    -0.368304    -0.772662    -0.330791    -0.430675     0.495621    0.0584115    -0.337534    -0.182145     -1.03899    -0.569745    -0.388263     0.489033     0.925777    -0.864665      0.49139    -0.903928     0.552132      0.29319     0.321744   -0.0449463      0.81145     0.475159     0.107144     0.892849    -0.549126     0.593386    -0.298121     0.703289    -0.868636     0.688533    -0.687422      -0.6516    -0.242835     -0.29856    -0.229444    -0.245691     -0.30276    -0.285309     0.226023    0.0314845     0.194025    -0.214251     0.026893     0.192209    -0.865221     0.287689    -0.136707    -0.478185     0.450995    0.0297966    -0.701589    -0.698467    -0.070398     0.714664     0.698851     0.221508   -0.0757828    -0.374943     -1.11506   -0.0955977    -0.661379    -0.432414    -0.261797     0.805297    -0.610786    0.0719339     0.720474     0.988513     0.708071      0.60781     0.678941    -0.410226    -0.906933     0.186921     0.310849    -0.892483    -0.915866     0.407698     0.161751     0.636008      0.96222   -0.0684483    -0.606527     0.297826     0.464051      1.04511     0.757846    0.0746255     0.722527    -0.111288   -0.0991889     0.539153     0.802934    -0.480597     -0.59769    -0.698687    -0.346739    0.0236292     0.404848   -0.0286927    -0.475046    0.0190687     0.402487    -0.591223    -0.806054     -0.41069    -0.236911     0.612058    -0.266496    -0.919969    -0.983567     0.864014    -0.754333     0.803181    -0.603703    0.0604149    -0.648303    -0.392987     0.506415     0.458269   -0.0474354     -1.02552    -0.966019     -1.05854     0.341547     0.264285    -0.659887     -1.00624     0.968979     0.573743      0.91819    -0.802093   -0.0894674   -0.0960631     0.568304    -0.803501     0.634162   -0.0208105    -0.893371     0.830286    -0.846017     0.383155     0.136615    -0.639937     0.837099    -0.491696    -0.482122    -0.600297    -0.109305     -1.08147    -0.210944    -0.921041     0.887191     -1.02856     0.892012     0.934761    -0.368864     0.428715    -0.373623     -0.73004     0.556008     -0.44552    -0.448863     0.533963    -0.753103     0.645749     0.196855     0.326068    -0.555147    -0.416576     0.644987     0.408689    -0.787951    0.0462556    -0.125043      1.02022     0.181335     0.426033    -0.240474     0.299239    -0.273912     0.874746    -0.730268     0.297833     0.588983    0.0087901     -1.01406    -0.388991     0.460828    -0.727055    -0.187244     0.697428     0.384082    -0.323713     -1.00305     0.867202     0.391732
   -0.208677    -0.592171     0.891704     -0.81936    -0.736351    -0.613677    -0.635512    -0.971449    -0.150779    -0.217073     0.765502   -0.0950421     0.360569    -0.517724   0.00540858     0.397063    -0.259544     0.289425     0.125702       1.0203    -0.178326      1.03367    -0.436995     0.798598     0.540786     0.292792       0.4914    -0.713324   -0.0397529    -0.427184    0.0911957     0.273775    -0.745166     0.254364    -0.233927    -0.424176    -0.960371     0.288744    -0.167311    -0.224557    -0.426126     0.343562    0.0652062      0.12923    -0.206126     0.474791     0.338399    -0.125125    -0.389759    -0.640095     0.475434    -0.952451    0.0692235     0.329991    -0.673896   -0.0530678    -0.199491     0.426112     0.352155    -0.197169     -0.74582    -0.201683     0.062147    -0.348137    -0.113035    -0.255834     0.526611    -0.189539    -0.854454    -0.356086     0.208781     0.338902     0.164821    -0.916473     0.717902     0.946667     0.440243     0.760074    -0.827915    -0.194386    -0.303979     0.677771     0.987088    -0.281343     0.533605    -0.180598    -0.626971     0.964265     0.373691      0.30579   -0.0625211     0.913951   -0.0335401    -0.636971    -0.632747     0.288401     0.674794     0.563967     0.457105     0.863908    -0.645315     0.746342    -0.044777     0.420998     0.703578     0.626863    -0.431959       1.0033    -0.572996    -0.243271     0.139104    -0.268578    -0.383453    -0.544947     0.357253     0.646771     0.633349     0.810387    -0.681691    -0.827947     0.905496    -0.415449     0.919336    -0.163216    -0.874457     0.344803     0.304747    -0.645083     0.780001    -0.661482     0.974694    -0.309802    -0.325378   -0.0584237    -0.092049     0.953832     -0.72422     0.306873    -0.566006      1.03144     0.566107    -0.351034     0.416893     0.719848      0.30599    0.0533719     0.783435    -0.739868     -0.59845   -0.0189559     0.377957     0.959164     0.290321    -0.901755    -0.626063     0.296451     0.523395    -0.553963    -0.508603     0.715845    0.0933874    0.0896499      1.02868     0.738876     0.794809     0.108786     0.972144     0.866481     0.573638    0.0208888    -0.780048    -0.777452    -0.543527     0.237103    -0.421156     0.423874     -0.79733     0.959488     0.422583     0.807135     0.776206    -0.773523    -0.822083    -0.291463    -0.238759    -0.103084     0.087265    -0.261481     0.189176       0.5867     0.081493     0.739928     0.534693   -0.0207017     0.693295     0.578519    -0.736219     0.676987     0.888668    -0.321237     0.208543     -0.27783    -0.754707    -0.759319  0.000522253     0.265322      0.80342     0.932158    -0.403276    -0.921329    -0.746273    -0.668689    -0.830927    -0.500589    -0.189583   -0.0617069    -0.916574     0.297095     0.161748    -0.327706    0.0958564    -0.395039     0.194824     0.384651     -0.18778     0.604088    0.0914645   -0.0317416    -0.649089     0.806859     0.265821     0.724973     0.225516     0.275856    -0.848317    -0.644834     -0.37161      0.10767     0.517594     0.511516    -0.548224     0.665126     0.113885    -0.128225      0.20354    -0.460112    -0.177904    -0.514454    -0.963883    -0.111381     0.609785    -0.102345    -0.335656    -0.367221    -0.212071    -0.424101
   -0.551314     0.135312     0.381464     0.195085     0.795545     0.257252     0.622442     0.220738     0.924833    -0.143735   -0.0945433     0.413427    -0.753329     0.120631    -0.650425     0.355896    -0.192746    -0.874165     -0.10791     -1.02088     0.264865     0.212065    0.0276785    -0.519893     0.737128     0.412003     0.766811    -0.394957     0.552359   -0.0804684     0.564266    0.0805941     0.716259    -0.188078    -0.861869    -0.933872     0.740586     0.274549     0.132097    -0.880207      1.00297    -0.865078    -0.606169     0.495351   -0.0173495    -0.450085    -0.252351    -0.150268    -0.288055      0.97197    -0.488879      0.64239    -0.527903     0.925338   -0.0692181    -0.829283    -0.876424    -0.272258     0.844505     0.158428      1.01405    -0.416459    -0.417587    -0.552021     0.779979     0.259306    -0.395284     0.872977     0.262178    -0.221156    -0.345041    -0.905432    -0.151848    0.0663869    -0.471379    -0.959484    0.0367447      1.02849      0.41628    -0.100577    -0.941421     0.421277     0.452398    -0.592357    -0.143228    -0.115825     0.683624     0.835877     0.921751     0.205619     0.340111    -0.877905    0.0516692    -0.551232    -0.692752    -0.573038      1.11609     0.618281     0.141539     0.871717    -0.719113    0.0741718    -0.122577    -0.808577    0.0513283    -0.896905     0.639429   -0.0694641     0.156046    -0.292639     0.900746     0.138352     0.730033    -0.313278    -0.844336     -0.50524   0.00744642     0.845816     0.345295     0.972439     0.920624     -0.46665    -0.552069    -0.438401     0.755594    -0.737161    -0.790983   -0.0503311     0.660288     -0.17078    -0.491635    0.0653299     -0.73747      1.01843    0.0191609    -0.614038      0.15751     0.448194    -0.281555    -0.459199   -0.0244507      0.49112    -0.950916    -0.651506     0.384684    -0.879474    -0.490827    -0.690311    -0.750662    -0.657653     0.694422     0.872129    0.0521391     0.666952    -0.791228     0.483372    -0.733048    -0.684151    -0.743708    -0.173308     0.987305     0.350718    0.0728433    -0.435098    -0.815427    -0.228666    0.0933695    -0.471552    -0.129657      0.40792    -0.928122     0.947141    -0.481803    -0.428197     0.461888     0.391914     0.683541    -0.126896     -0.17501     0.255662     0.509302   -0.0304118    -0.722941    -0.733602      1.05212     0.616567    -0.302617    -0.860197     0.869904     -0.36117     0.816616    -0.191067     -0.73329    -0.729173    -0.502401  0.000546925    -0.616919    -0.456975    -0.053649     0.358619     0.173653    0.0625786     0.548668    -0.917491     0.239341     0.388432    -0.678445    -0.264691     0.451841     0.892666     0.584138      0.97443     0.884556    -0.339364     0.507272    -0.572186    -0.383937      0.53628     0.110507       0.4874    -0.911442     0.708552    -0.708978    -0.912278    -0.321415     0.280271    -0.226832    -0.760287     0.213186     0.186006     0.229868     0.452498    0.0312233    -0.951377     0.512011    -0.603223     0.461256    -0.661706    -0.838094     0.879852      -0.3933     0.695563     0.308373    -0.215191     0.643187     0.409492     0.904375     0.780707     0.921072    -0.769588     -0.39245     0.865833    -0.704979     0.329794    0.0945429    -0.243445
   -0.755233    -0.542774    0.0961802     0.444828     0.730676    -0.932375     0.798673    -0.483381    -0.308827    -0.233006     0.165889     0.940495    -0.547627    -0.139645    -0.911975   -0.0937223     0.428974     0.173445   -0.0549001    -0.772593    -0.645463    -0.267972    -0.406572    0.0847802      0.27193     -0.66787    -0.672444    -0.932116    -0.583884    -0.147992     0.266416    -0.562613   0.00714462     0.231569    -0.110234     0.725552     0.572748    0.0165201     0.800047     0.842789   -0.0202044     0.798058    -0.730179     0.379256     0.966181     0.445682     0.319714    -0.623297    0.0109872     0.689299    -0.234608    -0.687319     0.247918     0.120789     0.558744   -0.0943042     0.223368     0.726394     0.443217    -0.401169     0.342094     0.910406    -0.951834    -0.297688     -0.50889     0.527079    -0.313244    -0.298942    -0.642068     0.918894    -0.653616     0.440781     0.672495    -0.546861    0.0815093    0.0394699    -0.555237    -0.791918    -0.166829      -0.6491     0.513189     0.375586    -0.555846    -0.315394    -0.522604     0.252716      0.37308    -0.325416    -0.771034    -0.974069     0.774062    -0.850946    -0.419023    -0.774976      0.69308     0.961074    -0.441481     0.990878     0.778759    -0.124664     0.183947     0.538135     0.634038     0.187665     0.520539     0.174769     0.852107     0.975602     0.469133    -0.510534    -0.784586     0.938599     0.756495    -0.795481    -0.813786     0.408039     0.337526    -0.422106     0.937438     -0.85405     -1.03377    -0.774843     0.849766    -0.445229     0.978812     0.701429     0.689244    -0.960649     0.558863     0.895903     0.375094    -0.351886     0.463864    -0.624411     0.457001     0.298354    -0.296028      0.69734     0.939105     0.816407     0.146858    -0.545544    -0.288587     0.128473     -0.72072     0.225102    -0.409947    -0.750259      0.60685    -0.567468    -0.476185     0.296102    -0.166941     0.307671    -0.866464     0.478511     0.454621   -0.0714724    -0.115847     -1.03471     0.552144     0.101645     0.940509     0.617878    -0.735258     0.959694    -0.624359     0.313325    -0.337034    -0.644334     0.864854     0.332862     0.450417   -0.0244237     0.553352    -0.243625     0.033955      0.50052     0.421818     0.635207       0.7542     0.629678    -0.834536    -0.799391     0.295773    -0.260969     0.216572     0.303195      0.70342     0.564053    -0.413114      0.43987     0.808265     0.439503    -0.949924    -0.242008    -0.647621    -0.214176    0.0926234    -0.406837     0.956814    -0.364847     0.274258      0.76724    -0.731546     0.186197    -0.226967     0.449175   -0.0449618     0.897577     0.365405      0.64902   -0.0558833    -0.718066    -0.735759     0.782885     0.013132    -0.685981    -0.213844    -0.556938    -0.411598    -0.218271    -0.605564    -0.888903   -0.0584276     0.295803     -0.72854     0.315389    -0.749661    -0.362458    -0.819902      -0.7675     0.190764    -0.391093    0.0959308     0.307191    -0.640456     0.685401     0.690758     0.263458    -0.989621    -0.531654  -0.00702545     0.458692     0.919526     0.897036     0.367519    -0.529758   -0.0281484      0.40404     0.281175     0.206785      -1.0038    -0.756888    -0.257808       1.0708
   -0.944164     0.181157    -0.719242    0.0306438   -0.0473446  -0.00492699     -0.75958    -0.443112     -0.87211     -0.17527   -0.0507435     0.998086    -0.219203     -0.73708     0.566916    -0.428594     0.659476    -0.849851    -0.653343    -0.398365    -0.227417     0.889674   -0.0838895    -0.265099    -0.257511     0.611739    -0.299703    -0.572399     0.548875     0.611114     0.170987     0.942999    -0.680278    -0.349486   -0.0139515     0.429529    -0.326285     0.457855     0.765562     0.257174     0.550394      1.00489      1.04112    -0.340199     0.825173     0.203457    -0.394968     0.942482     0.854304     0.656458     0.559606     0.265158   -0.0511112     0.326664     0.242361     0.965378     0.168889    -0.466556    -0.970028    -0.710725    -0.028655    -0.704259     0.958644    -0.646629     0.180075     0.402518   -0.0180227     0.908378     0.729742     0.977071    -0.328903     0.430119     0.182229    -0.457747    -0.807102     0.511107    -0.381522     0.663425    -0.711983    -0.545926      0.46304    -0.475178     0.487297    -0.816642    -0.967817     0.112262     0.270309      0.93862    -0.697523     0.651414     -0.42474    -0.281892     0.790674    0.0804993     0.874861    -0.085584     0.831202     0.202173     0.259619    -0.541575     -0.14804   -0.0848671    -0.555617    -0.396252     0.234051    -0.954781     0.655909    -0.692125    0.0346647    -0.542305    -0.631115     0.756192    -0.471425     0.535906    -0.648192    -0.465394    -0.484916    -0.631557     0.867468    -0.672312   -0.0337531    -0.308401    -0.572171     -0.87812     0.725695     0.891986     0.601696    -0.513848     0.142627    -0.561457     0.375939     0.455549    -0.592892     0.292476     0.558096    -0.802991     -1.00153     0.492428    0.0218368     0.365792    -0.974728     0.853838     0.865432     0.411051      0.59185     -1.01324    -0.149605     0.320251    -0.314977   -0.0623717    -0.566326   -0.0892848     0.737887     0.216809     0.712048     0.867687    -0.865391      0.21686    -0.679345    -0.583398     0.374893    -0.305339     0.833272    -0.676937    -0.250905    0.0711184    -0.313011     0.497562     0.960614     0.563167     0.273206    -0.365505     0.941895     0.392832     0.542899     0.197993      0.84465    -0.383121     0.827589     0.909932    -0.917195     -0.81869     0.571633    0.0186987    -0.500603     0.378744     0.899518     -0.96542    -0.187767    -0.963562     0.599819     0.147403     0.232752    -0.747379      1.03592     0.213608     0.676347     -0.25358    -0.636548    0.0409348    -0.425499    -0.805546     0.622857     0.174632    0.0401086      0.75312    -0.521722    -0.857472     -0.18008    -0.848199     0.070102    -0.745053     0.673378   -0.0175664     0.319042     0.268452    -0.912579     0.235855     0.765652    -0.301315    -0.788403     -0.49591     -0.74465     -0.85293    -0.264032    0.0897865     0.494729    -0.678881     0.416706    -0.816996    0.0554891     0.520496     0.945956      0.57808     0.724199      1.00051   -0.0420212     0.815411     0.792752     -0.41005    0.0828283     0.190938    -0.534808     0.445831     0.569341    -0.827504    -0.808401      0.28856     0.163171     0.606661     0.406607    -0.837842    -0.222312    -0.580577     0.251595   -0.0791949
